Gradient Profiler Text Data File: 293t_gcn2kocol2_arg.csv,,,
Version: 1.88,,,
Date: 2017-02-24,,,
Time: 16:16:10,,,
,,,
User: Alicia,,,
Experiment name: 20170224_RPb_polysomes_293Tgcn2KOcol2,,,
UV Unit: EM-1,,,
Rotor Manufacturer: Beckman,,,
Rotor Model: SW41Ti,,,
Speed: 35000 rpm,,,
Gradient: sucrose 10.0% to 50.0% w/v,,,
Time: 180,,,
w2t:  x 10^0,,,
Sample Volume: 0.25 ml,,,
Number of Tubes: 8,,,
Volume per mm: 0.143 ml/mm,,,
Temperature: 4.0 deg C,,,
,,,
Absorbance Units Full Scale (AUFS): 2.00,,,
Manual-triggered gradient; (with distance; but no event marks),,,
Delay: No Delay,,,
UV Wavelength: 254 nm,,,
Samples / sec: 6 Hz,,,
EM1 Speed: 0.22 mm/sec,,,
Distance: 2.02 mm,,,
Number: 52,,,
Dead Volume: 0.000000 ml; Distance due to Dead Volume: 0.00 mm,,,
Length of Tubing: 0 mm,,,
Total Distance: 105.04 mm,,,
,,,
Data Columns:,,,
Distance, Absorbance, Fraction Number, Fraction Volume(ml)
0.04,0.049012, , 
0.08,0.049018, , 
0.11,0.048858, , 
0.15,0.048638, , 
0.19,0.048542, , 
0.22,0.048435, , 
0.26,0.048449, , 
0.3,0.048437, , 
0.33,0.048433, , 
0.37,0.048459, , 
0.41,0.048437, , 
0.44,0.048473, , 
0.48,0.048443, , 
0.52,0.048457, , 
0.55,0.048406, , 
0.59,0.048378, , 
0.63,0.048428, , 
0.66,0.04838, , 
0.7,0.048445, , 
0.74,0.048443, , 
0.77,0.048463, , 
0.81,0.048441, , 
0.85,0.04837, , 
0.88,0.048473, , 
0.92,0.048477, , 
0.96,0.048499, , 
0.99,0.048467, , 
1.03,0.048531, , 
1.07,0.048578, , 
1.1,0.048499, , 
1.14,0.048548, , 
1.18,0.048499, , 
1.21,0.048493, , 
1.25,0.048467, , 
1.29,0.048469, , 
1.32,0.048513, , 
1.36,0.048485, , 
1.4,0.048541, , 
1.43,0.048477, , 
1.47,0.048521, , 
1.51,0.048519, , 
1.54,0.048497, , 
1.58,0.048546, , 
1.62,0.048507, , 
1.65,0.04855, , 
1.69,0.048519, , 
1.73,0.048513, , 
1.76,0.048541, , 
1.8,0.048497, , 
1.84,0.048546, , 
1.87,0.048523, , 
1.91,0.048531, , 
1.95,0.048517, , 
1.98,0.04855, , 
2.02,0.048562, , 
2.06,0.048501, , 
2.09,0.048519, , 
2.13,0.048503, , 
2.17,0.048519, , 
2.2,0.048495, , 
2.24,0.048485, , 
2.28,0.048505, , 
2.31,0.048475, , 
2.35,0.048572, , 
2.39,0.04856, , 
2.42,0.048539, , 
2.46,0.048533, , 
2.5,0.048517, , 
2.53,0.048556, , 
2.57,0.048501, , 
2.61,0.04856, , 
2.64,0.048544, , 
2.68,0.048479, , 
2.72,0.048489, , 
2.75,0.048414, , 
2.79,0.048533, , 
2.83,0.048592, , 
2.86,0.048723, , 
2.9,0.048885, , 
2.94,0.048901, , 
2.97,0.048977, , 
3.01,0.048943, , 
3.05,0.049, , 
3.08,0.048977, , 
3.12,0.049004, , 
3.16,0.04905, , 
3.19,0.048998, , 
3.23,0.04903, , 
3.27,0.048996, , 
3.3,0.049002, , 
3.34,0.04903, , 
3.38,0.048987, , 
3.41,0.049006, , 
3.45,0.049012, , 
3.49,0.049109, , 
3.52,0.049034, , 
3.56,0.048973, , 
3.6,0.049004, , 
3.63,0.048941, , 
3.67,0.049024, , 
3.71,0.048959, , 
3.74,0.049006, , 
3.78,0.048975, , 
3.82,0.048961, , 
3.85,0.049048, , 
3.89,0.049028, , 
3.93,0.049058, , 
3.96,0.049044, , 
4,0.049056, , 
4.04,0.049054, , 
4.07,0.04903, , 
4.11,0.049082, , 
4.15,0.049004, , 
4.18,0.04905, , 
4.22,0.04902, , 
4.26,0.048993, , 
4.29,0.04902, , 
4.33,0.048991, , 
4.37,0.049006, , 
4.4,0.048953, , 
4.44,0.049004, , 
4.48,0.049008, , 
4.51,0.048951, , 
4.55,0.04906, , 
4.59,0.049042, , 
4.62,0.049086, , 
4.66,0.049036, , 
4.7,0.048987, , 
4.73,0.04905, , 
4.77,0.049002, , 
4.81,0.049171, , 
4.84,0.050874, , 
4.88,0.061662, , 
4.92,0.099712, , 
4.95,0.167776, , 
4.99,0.261591, , 
5.03,0.359517, , 
5.06,0.448228, , 
5.1,0.552793, , 
5.14,0.654219, , 
5.17,0.753509, , 
5.21,0.848824, , 
5.25,0.945643, , 
5.28,1.024692, , 
5.32,1.074883, , 
5.36,1.09333, , 
5.39,1.101185, , 
5.43,1.10401, , 
5.47,1.10535, , 
5.5,1.106165, , 
5.54,1.106956, , 
5.58,1.107816, , 
5.61,1.10877, , 
5.65,1.10964, , 
5.69,1.110829, , 
5.72,1.111725, , 
5.76,1.112748, , 
5.8,1.113518, , 
5.83,1.114301, , 
5.87,1.115153, , 
5.91,1.116023, , 
5.94,1.11685, , 
5.98,1.117833, , 
6.02,1.118753, , 
6.05,1.119457, , 
6.09,1.1202, , 
6.13,1.120926, , 
6.16,1.121441, , 
6.2,1.12225, , 
6.24,1.122877, , 
6.27,1.123287, , 
6.31,1.124058, , 
6.35,1.124542, , 
6.38,1.124893, , 
6.42,1.125212, , 
6.46,1.125662, , 
6.49,1.125971, , 
6.53,1.126158, , 
6.57,1.126306, , 
6.6,1.126251, , 
6.64,1.12617, , 
6.68,1.125944, , 
6.71,1.125609, , 
6.75,1.125127, , 
6.79,1.124649, , 
6.82,1.12405, , 
6.86,1.123206, , 
6.9,1.122133, , 
6.93,1.120867, , 
6.97,1.119574, , 
7.01,1.118061, , 
7.04,1.116713, , 
7.08,1.114822, , 
7.12,1.112955, , 
7.15,1.11097, , 
7.19,1.10845, , 
7.23,1.105695, , 
7.26,1.103326, , 
7.3,1.100628, , 
7.34,1.096907, , 
7.37,1.093552, , 
7.41,1.090016, , 
7.45,1.085995, , 
7.48,1.082244, , 
7.52,1.077843, , 
7.56,1.073504, , 
7.59,1.06914, , 
7.63,1.063911, , 
7.67,1.058255, , 
7.7,1.053421, , 
7.74,1.047214, , 
7.78,1.040686, , 
7.81,1.034275, , 
7.85,1.027816, , 
7.89,1.020312, , 
7.92,1.013223, , 
7.96,1.005127, , 
8,0.997433, , 
8.03,0.989594, , 
8.07,0.980526, , 
8.11,0.971213, , 
8.14,0.962575, , 
8.18,0.953727, , 
8.22,0.943843, , 
8.25,0.934579, , 
8.29,0.925226, , 
8.33,0.914774, , 
8.36,0.905157, , 
8.4,0.8944, , 
8.44,0.884464, , 
8.47,0.87459, , 
8.51,0.863375, , 
8.55,0.852182, , 
8.58,0.841911, , 
8.62,0.831511, , 
8.66,0.820114, , 
8.69,0.809593, , 
8.73,0.798146, , 
8.77,0.787722, , 
8.8,0.777471, , 
8.84,0.766276, , 
8.88,0.755198, , 
8.91,0.746307, , 
8.95,0.73529, , 
8.99,0.724016, , 
9.02,0.713416, , 
9.06,0.702617, , 
9.1,0.69053, , 
9.13,0.679272, , 
9.17,0.666766, , 
9.21,0.654975, , 
9.24,0.642991, , 
9.28,0.629449, , 
9.32,0.615897, , 
9.35,0.604975, , 
9.39,0.591831, , 
9.43,0.579033, , 
9.46,0.567521, , 
9.5,0.556248, , 
9.54,0.544191, , 
9.57,0.533397, , 
9.61,0.521831, , 
9.65,0.511465, , 
9.68,0.501536, , 
9.72,0.490942, , 
9.76,0.480576, , 
9.79,0.472202, , 
9.83,0.462062, , 
9.87,0.452508, , 
9.9,0.443916, , 
9.94,0.435532, , 
9.98,0.42658, , 
10.01,0.418565, , 
10.05,0.410026, , 
10.09,0.402402, , 
10.12,0.394955, , 
10.16,0.386847, , 
10.2,0.378985, , 
10.23,0.372659, , 
10.27,0.364951, , 
10.31,0.35757, , 
10.34,0.350875, , 
10.38,0.344347, , 
10.42,0.337347, , 
10.45,0.330993, , 
10.49,0.324166, , 
10.53,0.318034, , 
10.56,0.312148, , 
10.6,0.305872, , 
10.64,0.299883, , 
10.67,0.295063, , 
10.71,0.289354, , 
10.75,0.283934, , 
10.78,0.278898, , 
10.82,0.274101, , 
10.86,0.269067, , 
10.89,0.264779, , 
10.93,0.260091, , 
10.97,0.255809, , 
11,0.251762, , 
11.04,0.247312, , 
11.08,0.243218, , 
11.11,0.239903, , 
11.15,0.235808, , 
11.19,0.231799, , 
11.22,0.228056, , 
11.26,0.224593, , 
11.3,0.220878, , 
11.33,0.217575, , 
11.37,0.213701, , 
11.41,0.210119, , 
11.44,0.206598, , 
11.48,0.202855, , 
11.52,0.199368, , 
11.55,0.196446, , 
11.59,0.192836, , 
11.63,0.189476, , 
11.66,0.186438, , 
11.7,0.183504, , 
11.74,0.180208, , 
11.77,0.177379, , 
11.81,0.174409, , 
11.85,0.171818, , 
11.88,0.16935, , 
11.92,0.166485, , 
11.96,0.163775, , 
11.99,0.161566, , 
12.03,0.158843, , 
12.07,0.156271, , 
12.1,0.153962, , 
12.14,0.151882, , 
12.18,0.149588, , 
12.21,0.147543, , 
12.25,0.145247, , 
12.29,0.143048, , 
12.32,0.141274, , 
12.36,0.139087, , 
12.4,0.137087, , 
12.43,0.135198, , 
12.47,0.133412, , 
12.51,0.131485, , 
12.54,0.129802, , 
12.58,0.128009, , 
12.62,0.126342, , 
12.65,0.125006, , 
12.69,0.123507, , 
12.73,0.122056, , 
12.76,0.120876, , 
12.8,0.119465, , 
12.84,0.11818, , 
12.87,0.116866, , 
12.91,0.115768, , 
12.95,0.114511, , 
12.98,0.113516, , 
13.02,0.112475, , 
13.06,0.11149, , 
13.09,0.11051, , 
13.13,0.109503, , 
13.17,0.108615, , 
13.2,0.107745, , 
13.24,0.106833, , 
13.28,0.10596, , 
13.31,0.10516, , 
13.35,0.10444, , 
13.39,0.10356, , 
13.42,0.102969, , 
13.46,0.10236, , 
13.5,0.101764, , 
13.53,0.101137, , 
13.57,0.100279, , 
13.61,0.099563, , 
13.64,0.099022, , 
13.68,0.098395, , 
13.72,0.097789, , 
13.75,0.097254, , 
13.79,0.096712, , 
13.83,0.095901, , 
13.86,0.095303, , 
13.9,0.094672, , 
13.94,0.094084, , 
13.97,0.093576, , 
14.01,0.092938, , 
14.05,0.092394, , 
14.08,0.091891, , 
14.12,0.091316, , 
14.16,0.090789, , 
14.19,0.090196, , 
14.23,0.089595, , 
14.27,0.088814, , 
14.3,0.088317, , 
14.34,0.087643, , 
14.38,0.087014, , 
14.41,0.086437, , 
14.45,0.085763, , 
14.49,0.085159, , 
14.52,0.084548, , 
14.56,0.083799, , 
14.6,0.08323, , 
14.63,0.082665, , 
14.67,0.082135, , 
14.71,0.081477, , 
14.74,0.080978, , 
14.78,0.080311, , 
14.82,0.079738, , 
14.85,0.079235, , 
14.89,0.078612, , 
14.93,0.078107, , 
14.96,0.077673, , 
15,0.077151, , 
15.04,0.076559, , 
15.07,0.076113, , 
15.11,0.075601, , 
15.15,0.074998, , 
15.18,0.074665, , 
15.22,0.074156, , 
15.26,0.073694, , 
15.29,0.073248, , 
15.33,0.072758, , 
15.37,0.072389, , 
15.4,0.072017, , 
15.44,0.071694, , 
15.48,0.071277, , 
15.51,0.071037, , 
15.55,0.070718, , 
15.59,0.07032, , 
15.62,0.070098, , 
15.66,0.069695, , 
15.7,0.069402, , 
15.73,0.069148, , 
15.77,0.068924, , 
15.81,0.068688, , 
15.84,0.068395, , 
15.88,0.068207, , 
15.92,0.067941, , 
15.95,0.067776, , 
15.99,0.067568, , 
16.03,0.06736, , 
16.06,0.067237, , 
16.1,0.067102, , 
16.14,0.067003, , 
16.17,0.066793, , 
16.21,0.066658, , 
16.25,0.066585, , 
16.28,0.06642, , 
16.32,0.066248, , 
16.36,0.066014, , 
16.39,0.065863, , 
16.43,0.065693, , 
16.47,0.065637, , 
16.5,0.065498, , 
16.54,0.065223, , 
16.58,0.065161, , 
16.61,0.065005, , 
16.65,0.064779, , 
16.69,0.064608, , 
16.72,0.064507, , 
16.76,0.064372, , 
16.8,0.064156, , 
16.83,0.064101, , 
16.87,0.063881, , 
16.91,0.063712, , 
16.94,0.063655, , 
16.98,0.06357, , 
17.02,0.063399, , 
17.05,0.063153, , 
17.09,0.063123, , 
17.13,0.06312, , 
17.16,0.062985, , 
17.2,0.062786, , 
17.24,0.062584, , 
17.27,0.062566, , 
17.31,0.062543, , 
17.35,0.062447, , 
17.38,0.062287, , 
17.42,0.062132, , 
17.46,0.062104, , 
17.49,0.062041, , 
17.53,0.062057, , 
17.57,0.061831, , 
17.6,0.061676, , 
17.64,0.061623, , 
17.68,0.061547, , 
17.71,0.061571, , 
17.75,0.061512, , 
17.79,0.061569, , 
17.82,0.061502, , 
17.86,0.06145, , 
17.9,0.061496, , 
17.93,0.061438, , 
17.97,0.061496, , 
18.01,0.061508, , 
18.04,0.061672, , 
18.08,0.061869, , 
18.12,0.061896, , 
18.15,0.062017, , 
18.19,0.062043, , 
18.23,0.062221, , 
18.26,0.062325, , 
18.3,0.062451, , 
18.34,0.062735, , 
18.37,0.06284, , 
18.41,0.063145, , 
18.45,0.063369, , 
18.48,0.063688, , 
18.52,0.063986, , 
18.56,0.06438, , 
18.59,0.064803, , 
18.63,0.065276, , 
18.67,0.065923, , 
18.7,0.066432, , 
18.74,0.067073, , 
18.78,0.067844, , 
18.81,0.068413, , 
18.85,0.069239, , 
18.89,0.070052, , 
18.92,0.070956, , 
18.96,0.071824, , 
19,0.072853, , 
19.03,0.073958, , 
19.07,0.075042, , 
19.11,0.07622, , 
19.14,0.077282, , 
19.18,0.078493, , 
19.22,0.079935, , 
19.25,0.081229, , 
19.29,0.08246, , 
19.33,0.083787, , 
19.36,0.085036, , 
19.4,0.086419, , 
19.44,0.087573, , 
19.47,0.088927, , 
19.51,0.09023, , 
19.55,0.091639, , 
19.58,0.092654, , 
19.62,0.09399, , 
19.66,0.095186, , 
19.69,0.096145, , 
19.73,0.097144, , 
19.77,0.098185, , 
19.8,0.099016, , 
19.84,0.099829, , 
19.88,0.100527, , 
19.91,0.10132, , 
19.95,0.101946, , 
19.99,0.102491, , 
20.02,0.102747, , 
20.06,0.10303, , 
20.1,0.103302, , 
20.13,0.103354, , 
20.17,0.103433, , 
20.21,0.103397, , 
20.24,0.103445, , 
20.28,0.103239, , 
20.32,0.102945, , 
20.35,0.102624, , 
20.39,0.102095, , 
20.43,0.101621, , 
20.46,0.101113, , 
20.5,0.100519, , 
20.54,0.099856, , 
20.57,0.099204, , 
20.61,0.09853, , 
20.65,0.097462, , 
20.68,0.09672, , 
20.72,0.095886, , 
20.76,0.095025, , 
20.79,0.094161, , 
20.83,0.0931, , 
20.87,0.092424, , 
20.9,0.09132, , 
20.94,0.090283, , 
20.98,0.089248, , 
21.01,0.088273, , 
21.05,0.087337, , 
21.09,0.086279, , 
21.12,0.085765, , 
21.16,0.084373, , 
21.2,0.083493, , 
21.23,0.082546, , 
21.27,0.081592, , 
21.31,0.080688, , 
21.34,0.079796, , 
21.38,0.079532, , 
21.42,0.078095, , 
21.45,0.077209, , 
21.49,0.076491, , 
21.53,0.075627, , 
21.56,0.074955, , 
21.6,0.074126, , 
21.64,0.073795, , 
21.67,0.072784, , 
21.71,0.071832, , 
21.75,0.071105, , 
21.78,0.070504, , 
21.82,0.069945, , 
21.86,0.069275, , 
21.89,0.069118, , 
21.93,0.068331, , 
21.97,0.067546, , 
22,0.067136, , 
22.04,0.066619, , 
22.08,0.066178, , 
22.11,0.06574, , 
22.15,0.065302, , 
22.19,0.064795, , 
22.22,0.064265, , 
22.26,0.063861, , 
22.3,0.063411, , 
22.33,0.062991, , 
22.37,0.062755, , 
22.41,0.062384, , 
22.44,0.062126, , 
22.48,0.0617, , 
22.52,0.061351, , 
22.55,0.061105, , 
22.59,0.060768, , 
22.63,0.060578, , 
22.66,0.060318, , 
22.7,0.059975, , 
22.74,0.059652, , 
22.77,0.059355, , 
22.81,0.059159, , 
22.85,0.058778, , 
22.88,0.058631, , 
22.92,0.058358, , 
22.96,0.058114, , 
22.99,0.057874, , 
23.03,0.057634, , 
23.07,0.057513, , 
23.1,0.057257, , 
23.14,0.057101, , 
23.18,0.056823, , 
23.21,0.056581, , 
23.25,0.056288, , 
23.29,0.05604, , 
23.32,0.055858, , 
23.36,0.055606, , 
23.4,0.055392, , 
23.43,0.055217, , 
23.47,0.054908, , 
23.51,0.054672, , 
23.54,0.054379, , 
23.58,0.05423, , 
23.62,0.054074, , 
23.65,0.053834, , 
23.69,0.053616, , 
23.73,0.053356, , 
23.76,0.053203, , 
23.8,0.052973, , 
23.84,0.052725, , 
23.87,0.052601, , 
23.91,0.052335, , 
23.95,0.052121, , 
23.98,0.051867, , 
24.02,0.05171, , 
24.06,0.05157, , 
24.09,0.051389, , 
24.13,0.051239, , 
24.17,0.051007, , 
24.2,0.050856, , 
24.24,0.05065, , 
24.28,0.050553, , 
24.31,0.050426, , 
24.35,0.050174, , 
24.39,0.050063, , 
24.42,0.049746, , 
24.46,0.049563, , 
24.5,0.049506, , 
24.53,0.049452, , 
24.57,0.049375, , 
24.61,0.049076, , 
24.64,0.049006, , 
24.68,0.048955, , 
24.72,0.048951, , 
24.75,0.048923, , 
24.79,0.048679, , 
24.83,0.048602, , 
24.86,0.048505, , 
24.9,0.048501, , 
24.94,0.048517, , 
24.97,0.04837, , 
25.01,0.048225, , 
25.05,0.048061, , 
25.08,0.048059, , 
25.12,0.048071, , 
25.16,0.048259, , 
25.19,0.048408, , 
25.23,0.048429, , 
25.27,0.048523, , 
25.3,0.048554, , 
25.34,0.048774, , 
25.38,0.048983, , 
25.41,0.049042, , 
25.45,0.049258, , 
25.49,0.049409, , 
25.52,0.049732, , 
25.56,0.050071, , 
25.6,0.050473, , 
25.63,0.050939, , 
25.67,0.051423, , 
25.71,0.052036, , 
25.74,0.05246, , 
25.78,0.053007, , 
25.82,0.053752, , 
25.85,0.054419, , 
25.89,0.055376, , 
25.93,0.056357, , 
25.96,0.057434, , 
26,0.058548, , 
26.04,0.059846, , 
26.07,0.061056, , 
26.11,0.062438, , 
26.15,0.064107, , 
26.18,0.065679, , 
26.22,0.067271, , 
26.26,0.069263, , 
26.29,0.071083, , 
26.33,0.073264, , 
26.37,0.075337, , 
26.4,0.07751, , 
26.44,0.079848, , 
26.48,0.082304, , 
26.51,0.084532, , 
26.55,0.086663, , 
26.59,0.089399, , 
26.62,0.09173, , 
26.66,0.094222, , 
26.7,0.096338, , 
26.73,0.098532, , 
26.77,0.101022, , 
26.81,0.103346, , 
26.84,0.105261, , 
26.88,0.107749, , 
26.92,0.109937, , 
26.95,0.111842, , 
26.99,0.113385, , 
27.03,0.115211, , 
27.06,0.1166, , 
27.1,0.118216, , 
27.14,0.119548, , 
27.17,0.120674, , 
27.21,0.121892, , 
27.25,0.122831, , 
27.28,0.123491, , 
27.32,0.124193, , 
27.36,0.124629, , 
27.39,0.125097, , 
27.43,0.125325, , 
27.47,0.125484, , 
27.5,0.125464, , 
27.54,0.125448, , 
27.58,0.125357, , 
27.61,0.125048, , 
27.65,0.124728, , 
27.69,0.124266, , 
27.72,0.123979, , 
27.76,0.123402, , 
27.8,0.122764, , 
27.83,0.122286, , 
27.87,0.121606, , 
27.91,0.120882, , 
27.94,0.120133, , 
27.98,0.11935, , 
28.02,0.118418, , 
28.05,0.117451, , 
28.09,0.116654, , 
28.13,0.115595, , 
28.16,0.114747, , 
28.2,0.11366, , 
28.24,0.112612, , 
28.27,0.111743, , 
28.31,0.110782, , 
28.35,0.109678, , 
28.38,0.108676, , 
28.42,0.107699, , 
28.46,0.10671, , 
28.49,0.10576, , 
28.53,0.104938, , 
28.57,0.103889, , 
28.6,0.103118, , 
28.64,0.10222, , 
28.68,0.101228, , 
28.71,0.10033, , 
28.75,0.099472, , 
28.79,0.098653, , 
28.82,0.097781, , 
28.86,0.096815, , 
28.9,0.095941, , 
28.93,0.095099, , 
28.97,0.094357, , 
29.01,0.093419, , 
29.04,0.092793, , 
29.08,0.092054, , 
29.12,0.091286, , 
29.15,0.090795, , 
29.19,0.090226, , 
29.23,0.089498, , 
29.26,0.088743, , 
29.3,0.088116, , 
29.34,0.087587, , 
29.37,0.086917, , 
29.41,0.086279, , 
29.45,0.085607, , 
29.48,0.085208, , 
29.52,0.084758, , 
29.56,0.084009, , 
29.59,0.083517, , 
29.63,0.083023, , 
29.67,0.082581, , 
29.7,0.082066, , 
29.74,0.081556, , 
29.78,0.081198, , 
29.81,0.080781, , 
29.85,0.080502, , 
29.89,0.08, , 
29.92,0.079719, , 
29.96,0.079316, , 
30,0.078834, , 
30.03,0.078521, , 
30.07,0.078178, , 
30.11,0.07793, , 
30.14,0.077649, , 
30.18,0.077417, , 
30.22,0.077128, , 
30.25,0.076846, , 
30.29,0.076676, , 
30.33,0.076424, , 
30.36,0.076277, , 
30.4,0.076172, , 
30.44,0.076021, , 
30.47,0.075934, , 
30.51,0.075667, , 
30.55,0.075623, , 
30.58,0.075559, , 
30.62,0.075563, , 
30.66,0.075587, , 
30.69,0.075526, , 
30.73,0.075581, , 
30.77,0.075532, , 
30.8,0.075641, , 
30.84,0.075831, , 
30.88,0.075948, , 
30.91,0.076067, , 
30.95,0.07618, , 
30.99,0.076416, , 
31.02,0.076684, , 
31.06,0.0771, , 
31.1,0.077641, , 
31.13,0.078067, , 
31.17,0.078761, , 
31.21,0.079463, , 
31.24,0.080236, , 
31.28,0.081009, , 
31.32,0.081953, , 
31.35,0.083111, , 
31.39,0.084482, , 
31.43,0.08607, , 
31.46,0.087991, , 
31.5,0.090249, , 
31.54,0.092852, , 
31.57,0.095453, , 
31.61,0.098988, , 
31.65,0.102832, , 
31.68,0.107124, , 
31.72,0.111745, , 
31.76,0.117278, , 
31.79,0.123265, , 
31.83,0.130135, , 
31.87,0.13678, , 
31.9,0.144525, , 
31.94,0.153331, , 
31.98,0.162457, , 
32.01,0.170743, , 
32.05,0.181004, , 
32.09,0.191258, , 
32.12,0.201707, , 
32.16,0.211857, , 
32.2,0.222642, , 
32.23,0.233234, , 
32.27,0.244312, , 
32.31,0.253872, , 
32.34,0.263972, , 
32.38,0.274353, , 
32.42,0.284219, , 
32.45,0.292431, , 
32.49,0.301663, , 
32.53,0.309983, , 
32.56,0.317689, , 
32.6,0.32484, , 
32.64,0.331977, , 
32.67,0.338436, , 
32.71,0.344603, , 
32.75,0.349958, , 
32.78,0.354731, , 
32.82,0.359503, , 
32.86,0.363757, , 
32.89,0.367122, , 
32.93,0.370593, , 
32.97,0.373299, , 
33,0.375517, , 
33.04,0.377391, , 
33.08,0.378848, , 
33.11,0.379907, , 
33.15,0.380531, , 
33.19,0.380785, , 
33.22,0.380727, , 
33.26,0.380265, , 
33.3,0.379607, , 
33.33,0.378699, , 
33.37,0.377339, , 
33.41,0.375525, , 
33.44,0.37347, , 
33.48,0.371285, , 
33.52,0.368496, , 
33.55,0.365637, , 
33.59,0.362231, , 
33.63,0.358912, , 
33.66,0.355415, , 
33.7,0.351278, , 
33.74,0.347234, , 
33.77,0.343031, , 
33.81,0.338983, , 
33.85,0.334564, , 
33.88,0.330165, , 
33.92,0.325407, , 
33.96,0.321133, , 
33.99,0.316599, , 
34.03,0.311825, , 
34.07,0.307228, , 
34.1,0.303693, , 
34.14,0.298893, , 
34.18,0.294391, , 
34.21,0.290276, , 
34.25,0.286535, , 
34.29,0.282122, , 
34.32,0.27822, , 
34.36,0.274103, , 
34.4,0.270473, , 
34.43,0.266742, , 
34.47,0.262862, , 
34.51,0.259072, , 
34.54,0.256237, , 
34.58,0.252472, , 
34.62,0.249029, , 
34.65,0.245803, , 
34.69,0.242895, , 
34.73,0.239509, , 
34.76,0.236511, , 
34.8,0.233415, , 
34.84,0.230354, , 
34.87,0.227566, , 
34.91,0.224674, , 
34.95,0.22175, , 
34.98,0.219436, , 
35.02,0.216742, , 
35.06,0.214036, , 
35.09,0.211677, , 
35.13,0.20958, , 
35.17,0.2071, , 
35.2,0.204857, , 
35.24,0.202518, , 
35.28,0.200191, , 
35.31,0.198165, , 
35.35,0.196037, , 
35.39,0.193825, , 
35.42,0.192092, , 
35.46,0.190082, , 
35.5,0.188177, , 
35.53,0.186133, , 
35.57,0.18445, , 
35.61,0.182362, , 
35.64,0.180602, , 
35.68,0.178863, , 
35.72,0.177085, , 
35.75,0.175719, , 
35.79,0.173652, , 
35.83,0.171764, , 
35.86,0.170351, , 
35.9,0.168509, , 
35.94,0.166681, , 
35.97,0.165069, , 
36.01,0.163935, , 
36.05,0.161798, , 
36.08,0.160101, , 
36.12,0.158464, , 
36.16,0.157003, , 
36.19,0.155577, , 
36.23,0.154174, , 
36.27,0.153012, , 
36.3,0.151634, , 
36.34,0.150304, , 
36.38,0.148871, , 
36.41,0.147612, , 
36.45,0.146426, , 
36.49,0.145235, , 
36.52,0.144044, , 
36.56,0.142604, , 
36.6,0.141345, , 
36.63,0.140213, , 
36.67,0.139085, , 
36.71,0.137769, , 
36.74,0.136847, , 
36.78,0.13561, , 
36.82,0.134395, , 
36.85,0.133332, , 
36.89,0.132337, , 
36.93,0.131054, , 
36.96,0.130002, , 
37,0.128963, , 
37.04,0.127811, , 
37.07,0.126705, , 
37.11,0.125519, , 
37.15,0.124209, , 
37.18,0.123309, , 
37.22,0.122221, , 
37.26,0.12114, , 
37.29,0.120171, , 
37.33,0.119185, , 
37.37,0.118137, , 
37.4,0.117088, , 
37.44,0.116117, , 
37.48,0.114943, , 
37.51,0.114063, , 
37.55,0.113048, , 
37.59,0.112031, , 
37.62,0.111256, , 
37.66,0.110326, , 
37.7,0.109347, , 
37.73,0.108478, , 
37.77,0.10742, , 
37.81,0.106589, , 
37.84,0.105657, , 
37.88,0.10486, , 
37.92,0.10393, , 
37.95,0.103145, , 
37.99,0.10213, , 
38.03,0.101232, , 
38.06,0.10055, , 
38.1,0.099791, , 
38.14,0.098998, , 
38.17,0.098286, , 
38.21,0.097511, , 
38.25,0.096873, , 
38.28,0.096026, , 
38.32,0.095255, , 
38.36,0.094401, , 
38.39,0.093834, , 
38.43,0.093231, , 
38.47,0.092547, , 
38.5,0.091948, , 
38.54,0.091235, , 
38.58,0.090438, , 
38.61,0.089768, , 
38.65,0.089183, , 
38.69,0.088594, , 
38.72,0.08788, , 
38.76,0.087248, , 
38.8,0.086598, , 
38.83,0.086023, , 
38.87,0.085402, , 
38.91,0.08475, , 
38.94,0.08427, , 
38.98,0.083803, , 
39.02,0.083214, , 
39.05,0.082762, , 
39.09,0.082191, , 
39.13,0.08177, , 
39.16,0.081213, , 
39.2,0.08073, , 
39.24,0.080163, , 
39.27,0.079756, , 
39.31,0.079277, , 
39.35,0.078714, , 
39.38,0.078347, , 
39.42,0.077946, , 
39.46,0.077356, , 
39.49,0.0769, , 
39.53,0.076402, , 
39.57,0.075992, , 
39.6,0.075454, , 
39.64,0.075016, , 
39.68,0.074574, , 
39.71,0.074235, , 
39.75,0.073857, , 
39.79,0.07329, , 
39.82,0.072929, , 
39.86,0.072586, , 
39.9,0.072154, , 
39.93,0.071781, , 
39.97,0.071349, , 
40.01,0.071012, , 
40.04,0.070595, , 
40.08,0.070223, , 
40.12,0.069812, , 
40.15,0.069551, , 
40.19,0.069321, , 
40.23,0.068888, , 
40.26,0.068583, , 
40.3,0.068268, , 
40.34,0.067869, , 
40.37,0.067651, , 
40.41,0.067303, , 
40.45,0.067017, , 
40.48,0.06667, , 
40.52,0.066361, , 
40.56,0.065984, , 
40.59,0.065651, , 
40.63,0.065433, , 
40.67,0.065058, , 
40.7,0.064723, , 
40.74,0.064458, , 
40.78,0.064107, , 
40.81,0.063865, , 
40.85,0.063601, , 
40.89,0.063336, , 
40.92,0.063062, , 
40.96,0.062794, , 
41,0.062572, , 
41.03,0.062285, , 
41.07,0.062099, , 
41.11,0.06171, , 
41.14,0.061589, , 
41.18,0.061363, , 
41.22,0.061195, , 
41.25,0.060945, , 
41.29,0.060606, , 
41.33,0.060427, , 
41.36,0.060203, , 
41.4,0.059995, , 
41.44,0.059751, , 
41.47,0.059565, , 
41.51,0.059464, , 
41.55,0.059168, , 
41.58,0.05903, , 
41.62,0.058792, , 
41.66,0.058619, , 
41.69,0.058516, , 
41.73,0.058237, , 
41.77,0.058118, , 
41.8,0.058023, , 
41.84,0.057809, , 
41.88,0.057664, , 
41.91,0.057553, , 
41.95,0.057511, , 
41.99,0.057261, , 
42.02,0.057158, , 
42.06,0.057107, , 
42.1,0.056966, , 
42.13,0.056795, , 
42.17,0.056567, , 
42.21,0.056611, , 
42.24,0.056571, , 
42.28,0.056302, , 
42.32,0.056219, , 
42.35,0.056127, , 
42.39,0.05607, , 
42.43,0.055806, , 
42.46,0.055675, , 
42.5,0.055592, , 
42.54,0.055521, , 
42.57,0.055499, , 
42.61,0.055289, , 
42.65,0.055188, , 
42.68,0.055067, , 
42.72,0.055049, , 
42.76,0.055097, , 
42.79,0.055029, , 
42.83,0.055069, , 
42.87,0.055039, , 
42.9,0.055067, , 
42.94,0.055057, , 
42.98,0.055019, , 
43.01,0.055089, , 
43.05,0.055025, , 
43.09,0.055037, , 
43.12,0.055065, , 
43.16,0.055033, , 
43.2,0.055095, , 
43.23,0.055138, , 
43.27,0.055364, , 
43.31,0.055479, , 
43.34,0.055469, , 
43.38,0.055564, , 
43.42,0.055755, , 
43.45,0.055951, , 
43.49,0.056121, , 
43.53,0.056383, , 
43.56,0.056544, , 
43.6,0.056748, , 
43.64,0.057063, , 
43.67,0.057301, , 
43.71,0.057616, , 
43.75,0.057933, , 
43.78,0.058175, , 
43.82,0.058447, , 
43.86,0.058716, , 
43.89,0.059117, , 
43.93,0.059359, , 
43.97,0.05965, , 
44,0.059896, , 
44.04,0.0601, , 
44.08,0.060499, , 
44.11,0.06082, , 
44.15,0.061074, , 
44.19,0.061315, , 
44.22,0.061464, , 
44.26,0.061686, , 
44.3,0.061902, , 
44.33,0.062198, , 
44.37,0.062338, , 
44.41,0.062499, , 
44.44,0.062572, , 
44.48,0.062675, , 
44.52,0.062947, , 
44.55,0.062957, , 
44.59,0.063078, , 
44.63,0.06307, , 
44.66,0.063032, , 
44.7,0.063062, , 
44.74,0.063012, , 
44.77,0.063074, , 
44.81,0.063046, , 
44.85,0.063042, , 
44.88,0.06303, , 
44.92,0.062925, , 
44.96,0.062715, , 
44.99,0.062535, , 
45.03,0.062568, , 
45.07,0.062503, , 
45.1,0.062319, , 
45.14,0.062152, , 
45.18,0.062007, , 
45.21,0.061914, , 
45.25,0.061627, , 
45.29,0.061496, , 
45.32,0.061288, , 
45.36,0.061095, , 
45.4,0.060844, , 
45.43,0.060612, , 
45.47,0.060519, , 
45.51,0.060271, , 
45.54,0.059973, , 
45.58,0.059696, , 
45.62,0.059408, , 
45.65,0.05924, , 
45.69,0.058903, , 
45.73,0.058707, , 
45.76,0.058459, , 
45.8,0.058203, , 
45.84,0.058056, , 
45.87,0.057803, , 
45.91,0.05763, , 
45.95,0.057368, , 
45.98,0.057097, , 
46.02,0.056885, , 
46.06,0.056633, , 
46.09,0.05653, , 
46.13,0.056276, , 
46.17,0.05608, , 
46.2,0.055929, , 
46.24,0.055693, , 
46.28,0.055465, , 
46.31,0.055186, , 
46.35,0.055112, , 
46.39,0.054934, , 
46.42,0.054712, , 
46.46,0.054549, , 
46.5,0.0543, , 
46.53,0.054183, , 
46.57,0.054062, , 
46.61,0.054028, , 
46.64,0.053838, , 
46.68,0.053667, , 
46.72,0.053598, , 
46.75,0.053364, , 
46.79,0.053247, , 
46.83,0.053094, , 
46.86,0.053043, , 
46.9,0.052926, , 
46.94,0.052642, , 
46.97,0.052626, , 
47.01,0.052513, , 
47.05,0.052377, , 
47.08,0.052186, , 
47.12,0.052071, , 
47.16,0.052053, , 
47.19,0.051966, , 
47.23,0.051964, , 
47.27,0.051845, , 
47.3,0.051659, , 
47.34,0.05151, , 
47.38,0.051441, , 
47.41,0.051492, , 
47.45,0.051481, , 
47.49,0.051482, , 
47.52,0.05134, , 
47.56,0.051185, , 
47.6,0.051128, , 
47.63,0.051021, , 
47.67,0.051056, , 
47.71,0.051019, , 
47.74,0.0509, , 
47.78,0.050707, , 
47.82,0.050462, , 
47.85,0.050473, , 
47.89,0.050428, , 
47.93,0.050432, , 
47.96,0.050293, , 
48,0.050111, , 
48.04,0.050073, , 
48.07,0.049972, , 
48.11,0.050013, , 
48.15,0.049807, , 
48.18,0.049667, , 
48.22,0.049591, , 
48.26,0.0495, , 
48.29,0.04952, , 
48.33,0.049409, , 
48.37,0.049254, , 
48.4,0.049123, , 
48.44,0.049064, , 
48.48,0.048953, , 
48.51,0.048679, , 
48.55,0.048598, , 
48.59,0.048495, , 
48.62,0.04838, , 
48.66,0.048156, , 
48.7,0.047962, , 
48.73,0.048021, , 
48.77,0.047892, , 
48.81,0.047682, , 
48.84,0.047573, , 
48.88,0.047498, , 
48.92,0.047407, , 
48.95,0.047161, , 
48.99,0.047131, , 
49.03,0.047006, , 
49.06,0.047002, , 
49.1,0.046879, , 
49.14,0.046667, , 
49.17,0.046582, , 
49.21,0.046508, , 
49.25,0.04653, , 
49.28,0.046471, , 
49.32,0.046358, , 
49.36,0.046183, , 
49.39,0.045977, , 
49.43,0.045963, , 
49.47,0.045894, , 
49.5,0.04589, , 
49.54,0.045777, , 
49.58,0.045618, , 
49.61,0.045517, , 
49.65,0.045422, , 
49.69,0.045454, , 
49.72,0.045287, , 
49.76,0.045059, , 
49.8,0.045006, , 
49.83,0.044968, , 
49.87,0.044964, , 
49.91,0.044732, , 
49.94,0.044629, , 
49.98,0.04448, , 
50.02,0.044419, , 
50.05,0.044445, , 
50.09,0.044441, , 
50.13,0.044498, , 
50.16,0.044463, , 
50.2,0.04448, , 
50.24,0.044457, , 
50.27,0.044377, , 
50.31,0.044233, , 
50.35,0.044028, , 
50.38,0.043989, , 
50.42,0.043947, , 
50.46,0.043985, , 
50.49,0.044044, , 
50.53,0.044137, , 
50.57,0.044431, , 
50.6,0.044459, , 
50.64,0.044601, , 
50.68,0.044802, , 
50.71,0.044968, , 
50.75,0.045238, , 
50.79,0.045511, , 
50.82,0.045888, , 
50.86,0.046241, , 
50.9,0.046687, , 
50.93,0.047109, , 
50.97,0.047613, , 
51.01,0.04815, , 
51.04,0.048467, , 
51.08,0.049458, , 
51.12,0.050172, , 
51.15,0.051025, , 
51.19,0.052044, , 
51.23,0.052894, , 
51.26,0.053772, , 
51.3,0.054682, , 
51.34,0.055818, , 
51.37,0.056825, , 
51.41,0.0576, , 
51.45,0.058714, , 
51.48,0.059605, , 
51.52,0.060655, , 
51.56,0.06166, , 
51.59,0.062515, , 
51.63,0.063484, , 
51.67,0.064458, , 
51.7,0.065195, , 
51.74,0.065907, , 
51.78,0.066734, , 
51.81,0.06733, , 
51.85,0.067893, , 
51.89,0.068544, , 
51.92,0.06898, , 
51.96,0.06937, , 
52,0.069677, , 
52.03,0.069896, , 
52.07,0.070104, , 
52.11,0.07026, , 
52.14,0.070354, , 
52.18,0.070244, , 
52.22,0.070108, , 
52.25,0.070007, , 
52.29,0.069779, , 
52.33,0.06962, , 
52.36,0.069323, , 
52.4,0.069118, , 
52.44,0.068809, , 
52.47,0.068502, , 
52.51,0.068145, , 
52.55,0.067778, , 
52.58,0.06753, , 
52.62,0.067229, , 
52.66,0.066894, , 
52.69,0.066557, , 
52.73,0.066173, , 
52.77,0.065877, , 
52.8,0.065399, , 
52.84,0.065023, , 
52.88,0.064551, , 
52.91,0.064327, , 
52.95,0.06401, , 
52.99,0.063659, , 
53.02,0.063462, , 
53.06,0.063229, , 
53.1,0.062917, , 
53.13,0.06265, , 
53.17,0.062475, , 
53.21,0.062334, , 
53.24,0.062134, , 
53.28,0.062108, , 
53.32,0.061857, , 
53.35,0.061674, , 
53.39,0.061587, , 
53.43,0.061522, , 
53.46,0.061534, , 
53.5,0.061395, , 
53.54,0.0612, , 
53.57,0.061064, , 
53.61,0.061018, , 
53.65,0.06105, , 
53.68,0.060967, , 
53.72,0.060895, , 
53.76,0.060655, , 
53.79,0.060509, , 
53.83,0.060475, , 
53.87,0.060447, , 
53.9,0.060366, , 
53.94,0.06009, , 
53.98,0.060023, , 
54.01,0.059961, , 
54.05,0.059843, , 
54.09,0.059684, , 
54.12,0.059519, , 
54.16,0.059474, , 
54.2,0.059244, , 
54.23,0.059081, , 
54.27,0.058921, , 
54.31,0.058659, , 
54.34,0.058451, , 
54.38,0.058177, , 
54.42,0.058025, , 
54.45,0.057809, , 
54.49,0.057596, , 
54.53,0.05738, , 
54.56,0.057097, , 
54.6,0.056871, , 
54.64,0.056623, , 
54.67,0.056449, , 
54.71,0.056227, , 
54.75,0.056008, , 
54.78,0.055767, , 
54.82,0.055531, , 
54.86,0.055366, , 
54.89,0.055142, , 
54.93,0.055001, , 
54.97,0.054789, , 
55,0.054575, , 
55.04,0.054488, , 
55.08,0.054204, , 
55.11,0.054083, , 
55.15,0.053834, , 
55.19,0.053651, , 
55.22,0.053505, , 
55.26,0.053227, , 
55.3,0.053134, , 
55.33,0.052999, , 
55.37,0.052789, , 
55.41,0.05264, , 
55.44,0.052521, , 
55.48,0.052499, , 
55.52,0.052287, , 
55.55,0.052176, , 
55.59,0.052103, , 
55.63,0.052046, , 
55.66,0.051944, , 
55.7,0.051677, , 
55.74,0.051578, , 
55.77,0.051504, , 
55.81,0.051524, , 
55.85,0.05152, , 
55.88,0.051544, , 
55.92,0.051544, , 
55.96,0.051566, , 
55.99,0.051808, , 
56.03,0.051933, , 
56.07,0.052166, , 
56.1,0.05241, , 
56.14,0.052769, , 
56.18,0.053156, , 
56.21,0.053693, , 
56.25,0.054282, , 
56.29,0.054767, , 
56.32,0.055307, , 
56.36,0.056375, , 
56.4,0.05738, , 
56.43,0.058401, , 
56.47,0.059232, , 
56.51,0.060398, , 
56.54,0.061448, , 
56.58,0.062751, , 
56.62,0.063831, , 
56.65,0.065056, , 
56.69,0.066347, , 
56.73,0.067511, , 
56.76,0.068381, , 
56.8,0.069731, , 
56.84,0.070839, , 
56.87,0.07183, , 
56.91,0.072538, , 
56.95,0.07347, , 
56.98,0.074205, , 
57.02,0.074879, , 
57.06,0.075395, , 
57.09,0.075829, , 
57.13,0.076233, , 
57.17,0.07639, , 
57.2,0.076487, , 
57.24,0.076563, , 
57.28,0.076529, , 
57.31,0.076571, , 
57.35,0.07639, , 
57.39,0.07615, , 
57.42,0.075841, , 
57.46,0.075415, , 
57.5,0.075054, , 
57.53,0.074651, , 
57.57,0.074243, , 
57.61,0.073714, , 
57.64,0.073323, , 
57.68,0.072742, , 
57.72,0.072225, , 
57.75,0.071795, , 
57.79,0.071246, , 
57.83,0.070841, , 
57.86,0.070407, , 
57.9,0.06989, , 
57.94,0.069543, , 
57.97,0.069148, , 
58.01,0.068791, , 
58.05,0.068411, , 
58.08,0.068147, , 
58.12,0.067776, , 
58.16,0.067586, , 
58.19,0.067463, , 
58.23,0.067182, , 
58.27,0.066956, , 
58.3,0.066724, , 
58.34,0.066597, , 
58.38,0.066446, , 
58.41,0.066194, , 
58.45,0.066101, , 
58.49,0.065952, , 
58.52,0.065816, , 
58.56,0.065659, , 
58.6,0.065489, , 
58.63,0.065389, , 
58.67,0.065142, , 
58.71,0.06489, , 
58.74,0.064646, , 
58.78,0.064408, , 
58.82,0.064232, , 
58.85,0.064069, , 
58.89,0.063903, , 
58.93,0.063631, , 
58.96,0.063433, , 
59,0.063183, , 
59.04,0.062991, , 
59.07,0.062784, , 
59.11,0.062491, , 
59.15,0.062295, , 
59.18,0.062021, , 
59.22,0.061762, , 
59.26,0.06145, , 
59.29,0.061264, , 
59.33,0.061046, , 
59.37,0.060687, , 
59.4,0.060558, , 
59.44,0.060287, , 
59.48,0.060053, , 
59.51,0.059888, , 
59.55,0.059613, , 
59.59,0.05946, , 
59.62,0.05918, , 
59.66,0.059, , 
59.7,0.058782, , 
59.73,0.058609, , 
59.77,0.058447, , 
59.81,0.058167, , 
59.84,0.058076, , 
59.88,0.05788, , 
59.92,0.05766, , 
59.95,0.057602, , 
59.99,0.057503, , 
60.03,0.057392, , 
60.06,0.057115, , 
60.1,0.057027, , 
60.14,0.057049, , 
60.17,0.057071, , 
60.21,0.057111, , 
60.25,0.057035, , 
60.28,0.057053, , 
60.32,0.057019, , 
60.36,0.057045, , 
60.39,0.057164, , 
60.43,0.057325, , 
60.47,0.057555, , 
60.5,0.057658, , 
60.54,0.057931, , 
60.58,0.058205, , 
60.61,0.058481, , 
60.65,0.059145, , 
60.69,0.059672, , 
60.72,0.060231, , 
60.76,0.060731, , 
60.8,0.061579, , 
60.83,0.062285, , 
60.87,0.063112, , 
60.91,0.063796, , 
60.94,0.064527, , 
60.98,0.065439, , 
61.02,0.066272, , 
61.05,0.067176, , 
61.09,0.068143, , 
61.13,0.068879, , 
61.16,0.069733, , 
61.2,0.070417, , 
61.24,0.071182, , 
61.27,0.071999, , 
61.31,0.072615, , 
61.35,0.073127, , 
61.38,0.073609, , 
61.42,0.074047, , 
61.46,0.074269, , 
61.49,0.074519, , 
61.53,0.074824, , 
61.57,0.074931, , 
61.6,0.074998, , 
61.64,0.074755, , 
61.68,0.074646, , 
61.71,0.074485, , 
61.75,0.074261, , 
61.79,0.074051, , 
61.82,0.07374, , 
61.86,0.073547, , 
61.9,0.073173, , 
61.93,0.072814, , 
61.97,0.072495, , 
62.01,0.072201, , 
62.04,0.071936, , 
62.08,0.071527, , 
62.12,0.071269, , 
62.15,0.070996, , 
62.19,0.070627, , 
62.23,0.070405, , 
62.26,0.07006, , 
62.3,0.069846, , 
62.34,0.069626, , 
62.37,0.069434, , 
62.41,0.069202, , 
62.45,0.06895, , 
62.48,0.068734, , 
62.52,0.068411, , 
62.56,0.068197, , 
62.59,0.068042, , 
62.63,0.067834, , 
62.67,0.0676, , 
62.7,0.067287, , 
62.74,0.067193, , 
62.78,0.066932, , 
62.81,0.066664, , 
62.85,0.066365, , 
62.89,0.066081, , 
62.92,0.065839, , 
62.96,0.065496, , 
63,0.065259, , 
63.03,0.064892, , 
63.07,0.064589, , 
63.11,0.064317, , 
63.14,0.064127, , 
63.18,0.063833, , 
63.22,0.06351, , 
63.25,0.063322, , 
63.29,0.063135, , 
63.33,0.06289, , 
63.36,0.062717, , 
63.4,0.062396, , 
63.44,0.062239, , 
63.47,0.062051, , 
63.51,0.062019, , 
63.55,0.061829, , 
63.58,0.061654, , 
63.62,0.061591, , 
63.66,0.061492, , 
63.69,0.061551, , 
63.73,0.06153, , 
63.77,0.061494, , 
63.8,0.061522, , 
63.84,0.061522, , 
63.88,0.061732, , 
63.91,0.061894, , 
63.95,0.062122, , 
63.99,0.062325, , 
64.02,0.062453, , 
64.06,0.062894, , 
64.1,0.063248, , 
64.13,0.063738, , 
64.17,0.064129, , 
64.21,0.06469, , 
64.24,0.065306, , 
64.28,0.065889, , 
64.32,0.066422, , 
64.35,0.067082, , 
64.39,0.067745, , 
64.43,0.068369, , 
64.46,0.068801, , 
64.5,0.069475, , 
64.54,0.069975, , 
64.57,0.070433, , 
64.61,0.070788, , 
64.65,0.071077, , 
64.68,0.071341, , 
64.72,0.071589, , 
64.76,0.071904, , 
64.79,0.071973, , 
64.83,0.072035, , 
64.87,0.072021, , 
64.9,0.071926, , 
64.94,0.071779, , 
64.98,0.07163, , 
65.01,0.071583, , 
65.05,0.071414, , 
65.09,0.07125, , 
65.12,0.071045, , 
65.16,0.07077, , 
65.2,0.070619, , 
65.23,0.070371, , 
65.27,0.070187, , 
65.31,0.069915, , 
65.34,0.069735, , 
65.38,0.069572, , 
65.42,0.069313, , 
65.45,0.069061, , 
65.49,0.068785, , 
65.53,0.06867, , 
65.56,0.068466, , 
65.6,0.068195, , 
65.64,0.068095, , 
65.67,0.067885, , 
65.71,0.06762, , 
65.75,0.067291, , 
65.78,0.067132, , 
65.82,0.066975, , 
65.86,0.066702, , 
65.89,0.066587, , 
65.93,0.0664, , 
65.97,0.066234, , 
66,0.066111, , 
66.04,0.066056, , 
66.08,0.065913, , 
66.11,0.065657, , 
66.15,0.065637, , 
66.19,0.065528, , 
66.22,0.06552, , 
66.26,0.06555, , 
66.3,0.06555, , 
66.33,0.065734, , 
66.37,0.065889, , 
66.41,0.066054, , 
66.44,0.066113, , 
66.48,0.066319, , 
66.52,0.06663, , 
66.55,0.066803, , 
66.59,0.067096, , 
66.63,0.067463, , 
66.66,0.067832, , 
66.7,0.068149, , 
66.74,0.068565, , 
66.77,0.068974, , 
66.81,0.069313, , 
66.85,0.069636, , 
66.88,0.0699, , 
66.92,0.070219, , 
66.96,0.070467, , 
66.99,0.070629, , 
67.03,0.070964, , 
67.07,0.070974, , 
67.1,0.071061, , 
67.14,0.071091, , 
67.18,0.071041, , 
67.21,0.071105, , 
67.25,0.071032, , 
67.29,0.071045, , 
67.32,0.070873, , 
67.36,0.070685, , 
67.4,0.070437, , 
67.43,0.070181, , 
67.47,0.070052, , 
67.51,0.069792, , 
67.54,0.069576, , 
67.58,0.069307, , 
67.62,0.069073, , 
67.65,0.068825, , 
67.69,0.068607, , 
67.73,0.068595, , 
67.76,0.068425, , 
67.8,0.068222, , 
67.84,0.068056, , 
67.87,0.067891, , 
67.91,0.067711, , 
67.95,0.067548, , 
67.98,0.067582, , 
68.02,0.067586, , 
68.06,0.067538, , 
68.09,0.067568, , 
68.13,0.067509, , 
68.17,0.067536, , 
68.2,0.067558, , 
68.24,0.067772, , 
68.28,0.067893, , 
68.31,0.067979, , 
68.35,0.068193, , 
68.39,0.068325, , 
68.42,0.068536, , 
68.46,0.068748, , 
68.5,0.068954, , 
68.53,0.069083, , 
68.57,0.069085, , 
68.61,0.069259, , 
68.64,0.069406, , 
68.68,0.069509, , 
68.72,0.069541, , 
68.75,0.069503, , 
68.79,0.069608, , 
68.83,0.069582, , 
68.86,0.069638, , 
68.9,0.069636, , 
68.94,0.069523, , 
68.97,0.06937, , 
69.01,0.069134, , 
69.05,0.069087, , 
69.08,0.068942, , 
69.12,0.068783, , 
69.16,0.068653, , 
69.19,0.068411, , 
69.23,0.068254, , 
69.27,0.068111, , 
69.3,0.068022, , 
69.34,0.067798, , 
69.38,0.067669, , 
69.41,0.06763, , 
69.45,0.067431, , 
69.49,0.067301, , 
69.52,0.067162, , 
69.56,0.06715, , 
69.6,0.067055, , 
69.63,0.067003, , 
69.67,0.067096, , 
69.71,0.067055, , 
69.74,0.0671, , 
69.78,0.067053, , 
69.82,0.067065, , 
69.85,0.067096, , 
69.89,0.067055, , 
69.93,0.067071, , 
69.96,0.067047, , 
70,0.067071, , 
70.04,0.067007, , 
70.07,0.066962, , 
70.11,0.066991, , 
70.15,0.066769, , 
70.18,0.066611, , 
70.22,0.066521, , 
70.26,0.066533, , 
70.29,0.066555, , 
70.33,0.066313, , 
70.37,0.066173, , 
70.4,0.066089, , 
70.44,0.06604, , 
70.48,0.065861, , 
70.51,0.065667, , 
70.55,0.065604, , 
70.59,0.065473, , 
70.62,0.065348, , 
70.66,0.065132, , 
70.7,0.065086, , 
70.73,0.065157, , 
70.77,0.064959, , 
70.81,0.064751, , 
70.84,0.064634, , 
70.88,0.064537, , 
70.92,0.064513, , 
70.95,0.064466, , 
70.99,0.064351, , 
71.03,0.064109, , 
71.06,0.064069, , 
71.1,0.063841, , 
71.14,0.063663, , 
71.17,0.063421, , 
71.21,0.063147, , 
71.25,0.062917, , 
71.28,0.0626, , 
71.32,0.062116, , 
71.36,0.061724, , 
71.39,0.061365, , 
71.43,0.061086, , 
71.47,0.060598, , 
71.5,0.06031, , 
71.54,0.059759, , 
71.58,0.059369, , 
71.61,0.058897, , 
71.65,0.058477, , 
71.69,0.05811, , 
71.72,0.057711, , 
71.76,0.057144, , 
71.8,0.0565, , 
71.83,0.055939, , 
71.87,0.055509, , 
71.91,0.054902, , 
71.94,0.054432, , 
71.98,0.053929, , 
72.02,0.053459, , 
72.05,0.053094, , 
72.09,0.052684, , 
72.13,0.052343, , 
72.16,0.052063, , 
72.2,0.051843, , 
72.24,0.051594, , 
72.27,0.051385, , 
72.31,0.051235, , 
72.35,0.05103, , 
72.38,0.050961, , 
72.42,0.050719, , 
72.46,0.050563, , 
72.49,0.050515, , 
72.53,0.050307, , 
72.57,0.050162, , 
72.6,0.050008, , 
72.64,0.049784, , 
72.68,0.049575, , 
72.71,0.049532, , 
72.75,0.049421, , 
72.79,0.049159, , 
72.82,0.049139, , 
72.86,0.04903, , 
72.9,0.048953, , 
72.93,0.048836, , 
72.97,0.048648, , 
73.01,0.048608, , 
73.04,0.04855, , 
73.08,0.048584, , 
73.12,0.048515, , 
73.15,0.048429, , 
73.19,0.048291, , 
73.23,0.048045, , 
73.26,0.048081, , 
73.3,0.048083, , 
73.34,0.047995, , 
73.37,0.047805, , 
73.41,0.047635, , 
73.45,0.047597, , 
73.48,0.0475, , 
73.52,0.047492, , 
73.56,0.047543, , 
73.59,0.047488, , 
73.63,0.047303, , 
73.67,0.047083, , 
73.7,0.047113, , 
73.74,0.047024, , 
73.78,0.047042, , 
73.81,0.04697, , 
73.85,0.046776, , 
73.89,0.046566, , 
73.92,0.046421, , 
73.96,0.046459, , 
74,0.046497, , 
74.03,0.046489, , 
74.07,0.046518, , 
74.11,0.046483, , 
74.14,0.046558, , 
74.18,0.046518, , 
74.22,0.046548, , 
74.25,0.046481, , 
74.29,0.046195, , 
74.33,0.046082, , 
74.36,0.046003, , 
74.4,0.046023, , 
74.44,0.045995, , 
74.47,0.045981, , 
74.51,0.045995, , 
74.55,0.04586, , 
74.58,0.04568, , 
74.62,0.045537, , 
74.66,0.045493, , 
74.69,0.045488, , 
74.73,0.04549, , 
74.77,0.045543, , 
74.8,0.04545, , 
74.84,0.04544, , 
74.88,0.045458, , 
74.91,0.045422, , 
74.95,0.045273, , 
74.99,0.045075, , 
75.02,0.045057, , 
75.06,0.044972, , 
75.1,0.044968, , 
75.13,0.045, , 
75.17,0.04493, , 
75.21,0.044839, , 
75.24,0.044621, , 
75.28,0.044544, , 
75.32,0.044496, , 
75.35,0.044473, , 
75.39,0.044467, , 
75.43,0.044433, , 
75.46,0.044508, , 
75.5,0.044471, , 
75.54,0.044502, , 
75.57,0.044504, , 
75.61,0.044467, , 
75.65,0.044538, , 
75.68,0.044453, , 
75.72,0.044474, , 
75.76,0.044455, , 
75.79,0.044397, , 
75.83,0.044417, , 
75.87,0.044272, , 
75.9,0.044088, , 
75.94,0.043951, , 
75.98,0.043935, , 
76.01,0.043921, , 
76.05,0.04385, , 
76.09,0.043886, , 
76.09,0.043886, , 