Gradient Profiler Text Data File: 293t_hrgfp_arg.csv,,,
Version: 1.88,,,
Date: 2017-02-21,,,
Time: 19:19:14,,,
,,,
User: Alicia,,,
Experiment name: 20170221_RPb_polysome_1through6,,,
UV Unit: EM-1,,,
Rotor Manufacturer: Beckman,,,
Rotor Model: SW41Ti,,,
Speed: 35000 rpm,,,
Gradient: sucrose 10.0% to 50.0% w/v,,,
Time: 180,,,
w2t:  x 10^0,,,
Sample Volume: 0.25 ml,,,
Number of Tubes: 8,,,
Volume per mm: 0.143 ml/mm,,,
Temperature: 4.0 deg C,,,
,,,
Absorbance Units Full Scale (AUFS): 2.00,,,
Manual-triggered gradient; (with distance; but no event marks),,,
Delay: No Delay,,,
UV Wavelength: 254 nm,,,
Samples / sec: 6 Hz,,,
EM1 Speed: 0.22 mm/sec,,,
Distance: 2.02 mm,,,
Number: 52,,,
Dead Volume: 0.000000 ml; Distance due to Dead Volume: 0.00 mm,,,
Length of Tubing: 0 mm,,,
Total Distance: 105.04 mm,,,
,,,
Data Columns:,,,
Distance, Absorbance, Fraction Number, Fraction Volume(ml)
0.04,0.046935, , 
0.07,0.046717, , 
0.11,0.046562, , 
0.15,0.046489, , 
0.18,0.046493, , 
0.22,0.046435, , 
0.26,0.046471, , 
0.3,0.046479, , 
0.33,0.04653, , 
0.37,0.046481, , 
0.41,0.046505, , 
0.44,0.046503, , 
0.48,0.046451, , 
0.51,0.04652, , 
0.55,0.046493, , 
0.59,0.047085, , 
0.62,0.052965, , 
0.66,0.071022, , 
0.7,0.091142, , 
0.74,0.104238, , 
0.77,0.108129, , 
0.81,0.107681, , 
0.85,0.104666, , 
0.88,0.101438, , 
0.92,0.097941, , 
0.95,0.094611, , 
0.99,0.088549, , 
1.03,0.073397, , 
1.06,0.050432, , 
1.1,0.029556, , 
1.14,0.019367, , 
1.18,0.015552, , 
1.21,0.015205, , 
1.25,0.01607, , 
1.29,0.017085, , 
1.32,0.018122, , 
1.36,0.019194, , 
1.39,0.020316, , 
1.43,0.021369, , 
1.47,0.022188, , 
1.5,0.022909, , 
1.54,0.023677, , 
1.58,0.024313, , 
1.62,0.024818, , 
1.65,0.025453, , 
1.69,0.025988, , 
1.73,0.026505, , 
1.76,0.027007, , 
1.8,0.027439, , 
1.83,0.027901, , 
1.87,0.028377, , 
1.91,0.028734, , 
1.94,0.029168, , 
1.98,0.029673, , 
2.02,0.030147, , 
2.06,0.03054, , 
2.09,0.030922, , 
2.13,0.031172, , 
2.17,0.031485, , 
2.2,0.031878, , 
2.24,0.032231, , 
2.27,0.032611, , 
2.31,0.032901, , 
2.35,0.033206, , 
2.38,0.033658, , 
2.42,0.034027, , 
2.46,0.034384, , 
2.5,0.034762, , 
2.53,0.035331, , 
2.57,0.035817, , 
2.61,0.036158, , 
2.64,0.036646, , 
2.68,0.036945, , 
2.71,0.03735, , 
2.75,0.037807, , 
2.79,0.038089, , 
2.82,0.038404, , 
2.86,0.038682, , 
2.9,0.038973, , 
2.94,0.039084, , 
2.97,0.039471, , 
3.01,0.039897, , 
3.05,0.040169, , 
3.08,0.040414, , 
3.12,0.040627, , 
3.15,0.040973, , 
3.19,0.041332, , 
3.23,0.041661, , 
3.27,0.041985, , 
3.3,0.042216, , 
3.34,0.042417, , 
3.38,0.042553, , 
3.41,0.042793, , 
3.45,0.042906, , 
3.49,0.043015, , 
3.52,0.043279, , 
3.56,0.043346, , 
3.59,0.043479, , 
3.63,0.043683, , 
3.67,0.04381, , 
3.71,0.043951, , 
3.74,0.044019, , 
3.78,0.044207, , 
3.82,0.044356, , 
3.85,0.04451, , 
3.89,0.044704, , 
3.92,0.044831, , 
3.96,0.04499, , 
4,0.045527, , 
4.03,0.048455, , 
4.07,0.065385, , 
4.11,0.11415, , 
4.15,0.212534, , 
4.18,0.321083, , 
4.22,0.449205, , 
4.26,0.569303, , 
4.29,0.715773, , 
4.33,0.856638, , 
4.36,0.983952, , 
4.4,1.123571, , 
4.44,1.24543, , 
4.48,1.355935, , 
4.51,1.411941, , 
4.55,1.445492, , 
4.59,1.454124, , 
4.62,1.455456, , 
4.66,1.454689, , 
4.7,1.453182, , 
4.73,1.451929, , 
4.77,1.45071, , 
4.8,1.449544, , 
4.84,1.448399, , 
4.88,1.447463, , 
4.91,1.44689, , 
4.95,1.446386, , 
4.99,1.446109, , 
5.03,1.44579, , 
5.06,1.445415, , 
5.1,1.445459, , 
5.14,1.445718, , 
5.17,1.446143, , 
5.21,1.446634, , 
5.24,1.447518, , 
5.28,1.448345, , 
5.32,1.449862, , 
5.35,1.451051, , 
5.39,1.452403, , 
5.43,1.453844, , 
5.46,1.455405, , 
5.5,1.457199, , 
5.54,1.458711, , 
5.58,1.460412, , 
5.61,1.461889, , 
5.65,1.463436, , 
5.69,1.464899, , 
5.72,1.466423, , 
5.76,1.468144, , 
5.79,1.469857, , 
5.83,1.471435, , 
5.87,1.472906, , 
5.91,1.474295, , 
5.94,1.47563, , 
5.98,1.477015, , 
6.02,1.478274, , 
6.05,1.479537, , 
6.09,1.48058, , 
6.13,1.481482, , 
6.16,1.482033, , 
6.2,1.482431, , 
6.23,1.482741, , 
6.27,1.482832, , 
6.31,1.482889, , 
6.35,1.482451, , 
6.38,1.481934, , 
6.42,1.481188, , 
6.46,1.480136, , 
6.49,1.478905, , 
6.53,1.47712, , 
6.56,1.475308, , 
6.6,1.473171, , 
6.64,1.470388, , 
6.67,1.467523, , 
6.71,1.463927, , 
6.75,1.460375, , 
6.79,1.456013, , 
6.82,1.451886, , 
6.86,1.447437, , 
6.9,1.442235, , 
6.93,1.43719, , 
6.97,1.431062, , 
7,1.425164, , 
7.04,1.418646, , 
7.08,1.410984, , 
7.11,1.403573, , 
7.15,1.394694, , 
7.19,1.386052, , 
7.23,1.37565, , 
7.26,1.365655, , 
7.3,1.355132, , 
7.34,1.342866, , 
7.37,1.331277, , 
7.41,1.317953, , 
7.44,1.305622, , 
7.48,1.291416, , 
7.52,1.278159, , 
7.55,1.264742, , 
7.59,1.249625, , 
7.63,1.235568, , 
7.67,1.219567, , 
7.7,1.204895, , 
7.74,1.189987, , 
7.78,1.173584, , 
7.81,1.158422, , 
7.85,1.141454, , 
7.88,1.125862, , 
7.92,1.108514, , 
7.96,1.092684, , 
7.99,1.076906, , 
8.03,1.059398, , 
8.07,1.043479, , 
8.11,1.025946, , 
8.14,1.010333, , 
8.18,0.992837, , 
8.22,0.976829, , 
8.25,0.960839, , 
8.29,0.943516, , 
8.32,0.927975, , 
8.36,0.910746, , 
8.4,0.895489, , 
8.43,0.880252, , 
8.47,0.863666, , 
8.51,0.848774, , 
8.55,0.832395, , 
8.58,0.817848, , 
8.62,0.801994, , 
8.66,0.787726, , 
8.69,0.773712, , 
8.73,0.758471, , 
8.76,0.744895, , 
8.8,0.729852, , 
8.84,0.716449, , 
8.87,0.703192, , 
8.91,0.688982, , 
8.95,0.676346, , 
8.99,0.662698, , 
9.02,0.65058, , 
9.06,0.637386, , 
9.1,0.625702, , 
9.13,0.614168, , 
9.17,0.601548, , 
9.2,0.590299, , 
9.24,0.578077, , 
9.28,0.567193, , 
9.32,0.555194, , 
9.35,0.544621, , 
9.39,0.534285, , 
9.43,0.523084, , 
9.46,0.513302, , 
9.5,0.502643, , 
9.54,0.49321, , 
9.57,0.483821, , 
9.61,0.473707, , 
9.64,0.46496, , 
9.68,0.45564, , 
9.72,0.4476, , 
9.76,0.439164, , 
9.79,0.430323, , 
9.83,0.42265, , 
9.87,0.414419, , 
9.9,0.407203, , 
9.94,0.399493, , 
9.98,0.392935, , 
10.01,0.386407, , 
10.05,0.379375, , 
10.08,0.372928, , 
10.12,0.365764, , 
10.16,0.359856, , 
10.2,0.352913, , 
10.23,0.34716, , 
10.27,0.34156, , 
10.31,0.335787, , 
10.34,0.330315, , 
10.38,0.324525, , 
10.42,0.319402, , 
10.45,0.314287, , 
10.49,0.308954, , 
10.52,0.304355, , 
10.56,0.299573, , 
10.6,0.295038, , 
10.64,0.290133, , 
10.67,0.28597, , 
10.71,0.28139, , 
10.75,0.276543, , 
10.78,0.272247, , 
10.82,0.267588, , 
10.85,0.263715, , 
10.89,0.259887, , 
10.93,0.255892, , 
10.96,0.252547, , 
11,0.248709, , 
11.04,0.245623, , 
11.08,0.242296, , 
11.11,0.239699, , 
11.15,0.236902, , 
11.19,0.233952, , 
11.22,0.231286, , 
11.26,0.22847, , 
11.29,0.225768, , 
11.33,0.223029, , 
11.37,0.220132, , 
11.4,0.217539, , 
11.44,0.214466, , 
11.48,0.211834, , 
11.52,0.208826, , 
11.55,0.206313, , 
11.59,0.20348, , 
11.63,0.200516, , 
11.66,0.197939, , 
11.7,0.195161, , 
11.73,0.192534, , 
11.77,0.189753, , 
11.81,0.187354, , 
11.84,0.185041, , 
11.88,0.182586, , 
11.92,0.180404, , 
11.96,0.177924, , 
11.99,0.175906, , 
12.03,0.173816, , 
12.07,0.17158, , 
12.1,0.16971, , 
12.14,0.167448, , 
12.17,0.165621, , 
12.21,0.163723, , 
12.25,0.161796, , 
12.28,0.160218, , 
12.32,0.158446, , 
12.36,0.156801, , 
12.4,0.15506, , 
12.43,0.153637, , 
12.47,0.152201, , 
12.51,0.150816, , 
12.54,0.149345, , 
12.58,0.147806, , 
12.62,0.146567, , 
12.65,0.145253, , 
12.69,0.143964, , 
12.72,0.142703, , 
12.76,0.141573, , 
12.8,0.140493, , 
12.84,0.139361, , 
12.87,0.138352, , 
12.91,0.137198, , 
12.95,0.136076, , 
12.98,0.135041, , 
13.02,0.134024, , 
13.06,0.133031, , 
13.09,0.131988, , 
13.13,0.130993, , 
13.16,0.130008, , 
13.2,0.128903, , 
13.24,0.127898, , 
13.28,0.126818, , 
13.31,0.125902, , 
13.35,0.124927, , 
13.39,0.12392, , 
13.42,0.122946, , 
13.46,0.121957, , 
13.49,0.120958, , 
13.53,0.120064, , 
13.57,0.119025, , 
13.6,0.118113, , 
13.64,0.117243, , 
13.68,0.116374, , 
13.72,0.115421, , 
13.75,0.114616, , 
13.79,0.113769, , 
13.83,0.11299, , 
13.86,0.112177, , 
13.9,0.111424, , 
13.93,0.110465, , 
13.97,0.109527, , 
14.01,0.108696, , 
14.04,0.107939, , 
14.08,0.107142, , 
14.12,0.106369, , 
14.16,0.105576, , 
14.19,0.104965, , 
14.23,0.104351, , 
14.27,0.103774, , 
14.3,0.103003, , 
14.34,0.102295, , 
14.37,0.10151, , 
14.41,0.100796, , 
14.45,0.100273, , 
14.48,0.099666, , 
14.52,0.099056, , 
14.56,0.098473, , 
14.6,0.097926, , 
14.63,0.097347, , 
14.67,0.096839, , 
14.71,0.096332, , 
14.74,0.095923, , 
14.78,0.095501, , 
14.81,0.095015, , 
14.85,0.094559, , 
14.89,0.094157, , 
14.92,0.093725, , 
14.96,0.093356, , 
15,0.092956, , 
15.04,0.092607, , 
15.07,0.092228, , 
15.11,0.091826, , 
15.15,0.091455, , 
15.18,0.091031, , 
15.22,0.090717, , 
15.25,0.090281, , 
15.29,0.089932, , 
15.33,0.089564, , 
15.36,0.089266, , 
15.4,0.088981, , 
15.44,0.088679, , 
15.48,0.088455, , 
15.51,0.088162, , 
15.55,0.087892, , 
15.59,0.08767, , 
15.62,0.087436, , 
15.66,0.087224, , 
15.69,0.08703, , 
15.73,0.086848, , 
15.77,0.086582, , 
15.8,0.08635, , 
15.84,0.086134, , 
15.88,0.08595, , 
15.92,0.085763, , 
15.95,0.085561, , 
15.99,0.085329, , 
16.03,0.085083, , 
16.06,0.084867, , 
16.1,0.084742, , 
16.13,0.08456, , 
16.17,0.084383, , 
16.21,0.084185, , 
16.25,0.084011, , 
16.28,0.083826, , 
16.32,0.08362, , 
16.36,0.083531, , 
16.39,0.083269, , 
16.43,0.083214, , 
16.47,0.083103, , 
16.5,0.083031, , 
16.54,0.082887, , 
16.57,0.08269, , 
16.61,0.082663, , 
16.65,0.082609, , 
16.69,0.082637, , 
16.72,0.082427, , 
16.76,0.082246, , 
16.8,0.082129, , 
16.83,0.082096, , 
16.87,0.082147, , 
16.9,0.082086, , 
16.94,0.082102, , 
16.98,0.082102, , 
17.01,0.082058, , 
17.05,0.082113, , 
17.09,0.082054, , 
17.13,0.082074, , 
17.16,0.08204, , 
17.2,0.082086, , 
17.24,0.082096, , 
17.27,0.082038, , 
17.31,0.082193, , 
17.34,0.082304, , 
17.38,0.08249, , 
17.42,0.082554, , 
17.45,0.082567, , 
17.49,0.082797, , 
17.53,0.082956, , 
17.57,0.083265, , 
17.6,0.083519, , 
17.64,0.083862, , 
17.68,0.084171, , 
17.71,0.084423, , 
17.75,0.084835, , 
17.78,0.085274, , 
17.82,0.085831, , 
17.86,0.086296, , 
17.89,0.086967, , 
17.93,0.087718, , 
17.97,0.088386, , 
18.01,0.089232, , 
18.04,0.090023, , 
18.08,0.090953, , 
18.12,0.09195, , 
18.15,0.092922, , 
18.19,0.094264, , 
18.22,0.09543, , 
18.26,0.096803, , 
18.3,0.098031, , 
18.33,0.099523, , 
18.37,0.101145, , 
18.41,0.102594, , 
18.45,0.104337, , 
18.48,0.106016, , 
18.52,0.107939, , 
18.56,0.109586, , 
18.59,0.111501, , 
18.63,0.113613, , 
18.66,0.115528, , 
18.7,0.117649, , 
18.74,0.119766, , 
18.77,0.121852, , 
18.81,0.124033, , 
18.85,0.126126, , 
18.89,0.128612, , 
18.92,0.130533, , 
18.96,0.132664, , 
19,0.134861, , 
19.03,0.136921, , 
19.07,0.138897, , 
19.11,0.140473, , 
19.14,0.142241, , 
19.18,0.143808, , 
19.21,0.14536, , 
19.25,0.146954, , 
19.29,0.148248, , 
19.33,0.149626, , 
19.36,0.150518, , 
19.4,0.151694, , 
19.44,0.15257, , 
19.47,0.153391, , 
19.51,0.154106, , 
19.55,0.154894, , 
19.58,0.155435, , 
19.62,0.155831, , 
19.65,0.15623, , 
19.69,0.156343, , 
19.73,0.156456, , 
19.76,0.156426, , 
19.8,0.156319, , 
19.84,0.156037, , 
19.88,0.155714, , 
19.91,0.15533, , 
19.95,0.154844, , 
19.99,0.154194, , 
20.02,0.153549, , 
20.06,0.152994, , 
20.09,0.152421, , 
20.13,0.15147, , 
20.17,0.150645, , 
20.2,0.149769, , 
20.24,0.148887, , 
20.28,0.147917, , 
20.32,0.146867, , 
20.35,0.145842, , 
20.39,0.144628, , 
20.43,0.143734, , 
20.46,0.14263, , 
20.5,0.141494, , 
20.53,0.140352, , 
20.57,0.139179, , 
20.61,0.138104, , 
20.64,0.136946, , 
20.68,0.135806, , 
20.72,0.134716, , 
20.76,0.133477, , 
20.79,0.132399, , 
20.83,0.13115, , 
20.87,0.130176, , 
20.9,0.128937, , 
20.94,0.127756, , 
20.97,0.126586, , 
21.01,0.12546, , 
21.05,0.124381, , 
21.08,0.123192, , 
21.12,0.12211, , 
21.16,0.121144, , 
21.2,0.119959, , 
21.23,0.118995, , 
21.27,0.117958, , 
21.31,0.11709, , 
21.34,0.116077, , 
21.38,0.115137, , 
21.41,0.114166, , 
21.45,0.113218, , 
21.49,0.112259, , 
21.53,0.111236, , 
21.56,0.110475, , 
21.6,0.109561, , 
21.64,0.108575, , 
21.67,0.107745, , 
21.71,0.106892, , 
21.75,0.10602, , 
21.78,0.105054, , 
21.82,0.104204, , 
21.85,0.103431, , 
21.89,0.102576, , 
21.93,0.101861, , 
21.97,0.101036, , 
22,0.100505, , 
22.04,0.099882, , 
22.08,0.099246, , 
22.11,0.098588, , 
22.15,0.098017, , 
22.18,0.097468, , 
22.22,0.096778, , 
22.26,0.096215, , 
22.29,0.095705, , 
22.33,0.095158, , 
22.37,0.094672, , 
22.41,0.094129, , 
22.44,0.093774, , 
22.48,0.093263, , 
22.52,0.09285, , 
22.55,0.092402, , 
22.59,0.091958, , 
22.62,0.091621, , 
22.66,0.091205, , 
22.7,0.090737, , 
22.73,0.090259, , 
22.77,0.089845, , 
22.81,0.089455, , 
22.85,0.088997, , 
22.88,0.088745, , 
22.92,0.08843, , 
22.96,0.088178, , 
22.99,0.087817, , 
23.03,0.087549, , 
23.06,0.087264, , 
23.1,0.086905, , 
23.14,0.086669, , 
23.17,0.086326, , 
23.21,0.085967, , 
23.25,0.085722, , 
23.29,0.085414, , 
23.32,0.085089, , 
23.36,0.084633, , 
23.4,0.084371, , 
23.43,0.084104, , 
23.47,0.083717, , 
23.5,0.083354, , 
23.54,0.082964, , 
23.58,0.08274, , 
23.61,0.082403, , 
23.65,0.082092, , 
23.69,0.081727, , 
23.73,0.081356, , 
23.76,0.081096, , 
23.8,0.080748, , 
23.84,0.08049, , 
23.87,0.0802, , 
23.91,0.079919, , 
23.94,0.079663, , 
23.98,0.079399, , 
24.02,0.079177, , 
24.05,0.078862, , 
24.09,0.078563, , 
24.13,0.078242, , 
24.17,0.077978, , 
24.2,0.077718, , 
24.24,0.077544, , 
24.28,0.077393, , 
24.31,0.077147, , 
24.35,0.076993, , 
24.38,0.0768, , 
24.42,0.076638, , 
24.46,0.076584, , 
24.5,0.076465, , 
24.53,0.076459, , 
24.57,0.076253, , 
24.61,0.076158, , 
24.64,0.076063, , 
24.68,0.076085, , 
24.72,0.07614, , 
24.75,0.076029, , 
24.79,0.07613, , 
24.82,0.076113, , 
24.86,0.076085, , 
24.9,0.076117, , 
24.94,0.076095, , 
24.97,0.076241, , 
25.01,0.076408, , 
25.05,0.07665, , 
25.08,0.076866, , 
25.12,0.077128, , 
25.16,0.077367, , 
25.19,0.077504, , 
25.23,0.077895, , 
25.27,0.078349, , 
25.3,0.078904, , 
25.34,0.079384, , 
25.38,0.079842, , 
25.41,0.080369, , 
25.45,0.081041, , 
25.48,0.081834, , 
25.52,0.082778, , 
25.56,0.083717, , 
25.59,0.084754, , 
25.63,0.085912, , 
25.67,0.087248, , 
25.71,0.088644, , 
25.74,0.090148, , 
25.78,0.091633, , 
25.82,0.093267, , 
25.85,0.094807, , 
25.89,0.096807, , 
25.92,0.098756, , 
25.96,0.10077, , 
26,0.102699, , 
26.03,0.104963, , 
26.07,0.107368, , 
26.11,0.109765, , 
26.15,0.112304, , 
26.18,0.114832, , 
26.22,0.117255, , 
26.26,0.120022, , 
26.29,0.122447, , 
26.33,0.125228, , 
26.36,0.127722, , 
26.4,0.130448, , 
26.44,0.132849, , 
26.47,0.135426, , 
26.51,0.1381, , 
26.55,0.140441, , 
26.59,0.142789, , 
26.62,0.145142, , 
26.66,0.14739, , 
26.7,0.149234, , 
26.73,0.151192, , 
26.77,0.153129, , 
26.8,0.154796, , 
26.84,0.156281, , 
26.88,0.157586, , 
26.91,0.158769, , 
26.95,0.159931, , 
26.99,0.160843, , 
27.03,0.161709, , 
27.06,0.162548, , 
27.1,0.163256, , 
27.14,0.163771, , 
27.17,0.164209, , 
27.21,0.164635, , 
27.24,0.164871, , 
27.28,0.164933, , 
27.32,0.165, , 
27.36,0.164962, , 
27.39,0.165028, , 
27.43,0.165, , 
27.47,0.164794, , 
27.5,0.164631, , 
27.54,0.164354, , 
27.58,0.164118, , 
27.61,0.163832, , 
27.65,0.16346, , 
27.68,0.163158, , 
27.72,0.162591, , 
27.76,0.162193, , 
27.8,0.161711, , 
27.83,0.161356, , 
27.87,0.160956, , 
27.91,0.160423, , 
27.94,0.16007, , 
27.98,0.159578, , 
28.02,0.159199, , 
28.05,0.158722, , 
28.09,0.158246, , 
28.12,0.157794, , 
28.16,0.157215, , 
28.2,0.156882, , 
28.24,0.156321, , 
28.27,0.155869, , 
28.31,0.155367, , 
28.35,0.154838, , 
28.38,0.154352, , 
28.42,0.15374, , 
28.46,0.153262, , 
28.49,0.15279, , 
28.53,0.152277, , 
28.56,0.151769, , 
28.6,0.15119, , 
28.64,0.150772, , 
28.68,0.150205, , 
28.71,0.149697, , 
28.75,0.149184, , 
28.79,0.148712, , 
28.82,0.148294, , 
28.86,0.147765, , 
28.89,0.14739, , 
28.93,0.146833, , 
28.97,0.146395, , 
29,0.145978, , 
29.04,0.14558, , 
29.08,0.145273, , 
29.12,0.14494, , 
29.15,0.144686, , 
29.19,0.144254, , 
29.23,0.143917, , 
29.26,0.143663, , 
29.3,0.143306, , 
29.33,0.143118, , 
29.37,0.142789, , 
29.41,0.142658, , 
29.44,0.142444, , 
29.48,0.142228, , 
29.52,0.142192, , 
29.56,0.142041, , 
29.59,0.142021, , 
29.63,0.142013, , 
29.67,0.142057, , 
29.7,0.142051, , 
29.74,0.142011, , 
29.77,0.142117, , 
29.81,0.142253, , 
29.85,0.142559, , 
29.88,0.142781, , 
29.92,0.143078, , 
29.96,0.14334, , 
30,0.143681, , 
30.03,0.144097, , 
30.07,0.144442, , 
30.11,0.144965, , 
30.14,0.145479, , 
30.18,0.146089, , 
30.21,0.146761, , 
30.25,0.147461, , 
30.29,0.148264, , 
30.32,0.148934, , 
30.36,0.149912, , 
30.4,0.150766, , 
30.44,0.151858, , 
30.47,0.152957, , 
30.51,0.154223, , 
30.55,0.155393, , 
30.58,0.156666, , 
30.62,0.158202, , 
30.65,0.159705, , 
30.69,0.161378, , 
30.73,0.163174, , 
30.77,0.165119, , 
30.8,0.167131, , 
30.84,0.169354, , 
30.88,0.171998, , 
30.91,0.174714, , 
30.95,0.177753, , 
30.99,0.181143, , 
31.02,0.18465, , 
31.06,0.189127, , 
31.09,0.193532, , 
31.13,0.199372, , 
31.17,0.205141, , 
31.2,0.211556, , 
31.24,0.219371, , 
31.28,0.2279, , 
31.32,0.238137, , 
31.35,0.24795, , 
31.39,0.260896, , 
31.42,0.273712, , 
31.46,0.288961, , 
31.5,0.303425, , 
31.53,0.320264, , 
31.57,0.340529, , 
31.61,0.359448, , 
31.65,0.379903, , 
31.68,0.400526, , 
31.72,0.42086, , 
31.76,0.44377, , 
31.79,0.463723, , 
31.83,0.487447, , 
31.87,0.508037, , 
31.9,0.52828, , 
31.94,0.549429, , 
31.97,0.569265, , 
32.01,0.589306, , 
32.05,0.605998, , 
32.08,0.624179, , 
32.12,0.64331, , 
32.16,0.656908, , 
32.2,0.672054, , 
32.23,0.68395, , 
32.27,0.694852, , 
32.31,0.705508, , 
32.34,0.715142, , 
32.38,0.724387, , 
32.41,0.731434, , 
32.45,0.739087, , 
32.49,0.74503, , 
32.52,0.750404, , 
32.56,0.755493, , 
32.6,0.759843, , 
32.64,0.763927, , 
32.67,0.767279, , 
32.71,0.770241, , 
32.75,0.772541, , 
32.78,0.77413, , 
32.82,0.775681, , 
32.86,0.77665, , 
32.89,0.777368, , 
32.93,0.777614, , 
32.96,0.777679, , 
33,0.777592, , 
33.04,0.77715, , 
33.07,0.776448, , 
33.11,0.775221, , 
33.15,0.773853, , 
33.19,0.7721, , 
33.22,0.770463, , 
33.26,0.768229, , 
33.3,0.765961, , 
33.33,0.763518, , 
33.37,0.760683, , 
33.4,0.757743, , 
33.44,0.754617, , 
33.48,0.750349, , 
33.51,0.746638, , 
33.55,0.74254, , 
33.59,0.738865, , 
33.63,0.734158, , 
33.66,0.729963, , 
33.7,0.725568, , 
33.74,0.720392, , 
33.77,0.715866, , 
33.81,0.710589, , 
33.85,0.706043, , 
33.88,0.700831, , 
33.92,0.695284, , 
33.95,0.690324, , 
33.99,0.684258, , 
34.03,0.678439, , 
34.06,0.673009, , 
34.1,0.667195, , 
34.14,0.661178, , 
34.18,0.654941, , 
34.21,0.65028, , 
34.25,0.64243, , 
34.29,0.635997, , 
34.32,0.630156, , 
34.36,0.623975, , 
34.39,0.617839, , 
34.43,0.612017, , 
34.47,0.606155, , 
34.5,0.599129, , 
34.54,0.592837, , 
34.58,0.587143, , 
34.62,0.581277, , 
34.65,0.575462, , 
34.69,0.570015, , 
34.73,0.564024, , 
34.76,0.55878, , 
34.8,0.552785, , 
34.84,0.547617, , 
34.87,0.542498, , 
34.91,0.537056, , 
34.94,0.531916, , 
34.98,0.52663, , 
35.02,0.522031, , 
35.06,0.516718, , 
35.09,0.51199, , 
35.13,0.507428, , 
35.17,0.502871, , 
35.2,0.498477, , 
35.24,0.494302, , 
35.28,0.489767, , 
35.31,0.485986, , 
35.35,0.481446, , 
35.38,0.477513, , 
35.42,0.473506, , 
35.46,0.469286, , 
35.49,0.465382, , 
35.53,0.461265, , 
35.57,0.457738, , 
35.61,0.453341, , 
35.64,0.449624, , 
35.68,0.446105, , 
35.72,0.442233, , 
35.75,0.438562, , 
35.79,0.43468, , 
35.82,0.431599, , 
35.86,0.427559, , 
35.9,0.424288, , 
35.93,0.421142, , 
35.97,0.417924, , 
36.01,0.414497, , 
36.05,0.411085, , 
36.08,0.408172, , 
36.12,0.404999, , 
36.16,0.401837, , 
36.19,0.398754, , 
36.23,0.395574, , 
36.27,0.392093, , 
36.3,0.389145, , 
36.34,0.385915, , 
36.38,0.383164, , 
36.41,0.379734, , 
36.45,0.376578, , 
36.48,0.373701, , 
36.52,0.371106, , 
36.56,0.368028, , 
36.59,0.365274, , 
36.63,0.362288, , 
36.67,0.359632, , 
36.71,0.35668, , 
36.74,0.353992, , 
36.78,0.351379, , 
36.82,0.348746, , 
36.85,0.346116, , 
36.89,0.34335, , 
36.92,0.340989, , 
36.96,0.338287, , 
37,0.335842, , 
37.03,0.333493, , 
37.07,0.3311, , 
37.11,0.328749, , 
37.15,0.3264, , 
37.18,0.32436, , 
37.22,0.321884, , 
37.26,0.319517, , 
37.29,0.317299, , 
37.33,0.315104, , 
37.36,0.312646, , 
37.4,0.310419, , 
37.44,0.308601, , 
37.47,0.306278, , 
37.51,0.30398, , 
37.55,0.301845, , 
37.59,0.299732, , 
37.62,0.297559, , 
37.66,0.2952, , 
37.7,0.293253, , 
37.73,0.291138, , 
37.77,0.28893, , 
37.8,0.28685, , 
37.84,0.284747, , 
37.88,0.28272, , 
37.91,0.280833, , 
37.95,0.278819, , 
37.99,0.276918, , 
38.03,0.274808, , 
38.06,0.272951, , 
38.1,0.270919, , 
38.13,0.26942, , 
38.17,0.267113, , 
38.21,0.265267, , 
38.24,0.263376, , 
38.28,0.261467, , 
38.32,0.259613, , 
38.36,0.257708, , 
38.39,0.256282, , 
38.43,0.254375, , 
38.46,0.252744, , 
38.5,0.250999, , 
38.54,0.248844, , 
38.57,0.247294, , 
38.61,0.245686, , 
38.65,0.244358, , 
38.68,0.242738, , 
38.72,0.241192, , 
38.76,0.239681, , 
38.8,0.23822, , 
38.83,0.236624, , 
38.87,0.235108, , 
38.91,0.23355, , 
38.94,0.232134, , 
38.98,0.230508, , 
39.01,0.229099, , 
39.05,0.227687, , 
39.09,0.22646, , 
39.12,0.224979, , 
39.16,0.223538, , 
39.2,0.222244, , 
39.24,0.220967, , 
39.27,0.219811, , 
39.31,0.218584, , 
39.35,0.217307, , 
39.38,0.216104, , 
39.42,0.214752, , 
39.45,0.213545, , 
39.49,0.212163, , 
39.53,0.211055, , 
39.56,0.209869, , 
39.6,0.208761, , 
39.64,0.207631, , 
39.68,0.206424, , 
39.71,0.205313, , 
39.75,0.204217, , 
39.79,0.203153, , 
39.82,0.202145, , 
39.86,0.200954, , 
39.89,0.199953, , 
39.93,0.19886, , 
39.97,0.197945, , 
40,0.196801, , 
40.04,0.195673, , 
40.08,0.194677, , 
40.12,0.193641, , 
40.15,0.19264, , 
40.19,0.191521, , 
40.23,0.190742, , 
40.26,0.18965, , 
40.3,0.188661, , 
40.33,0.187681, , 
40.37,0.18671, , 
40.41,0.185673, , 
40.44,0.184628, , 
40.48,0.183574, , 
40.52,0.182705, , 
40.56,0.18155, , 
40.59,0.18062, , 
40.63,0.179539, , 
40.67,0.178729, , 
40.7,0.177733, , 
40.74,0.176855, , 
40.77,0.175912, , 
40.81,0.17498, , 
40.85,0.174135, , 
40.88,0.17319, , 
40.92,0.172204, , 
40.96,0.171411, , 
41,0.170283, , 
41.03,0.169413, , 
41.07,0.168454, , 
41.11,0.167692, , 
41.14,0.166649, , 
41.18,0.165759, , 
41.21,0.164984, , 
41.25,0.164225, , 
41.29,0.163466, , 
41.33,0.162615, , 
41.36,0.161989, , 
41.4,0.16115, , 
41.44,0.160331, , 
41.47,0.159647, , 
41.51,0.158874, , 
41.55,0.158113, , 
41.58,0.157328, , 
41.62,0.156577, , 
41.65,0.156039, , 
41.69,0.155367, , 
41.73,0.154755, , 
41.77,0.153918, , 
41.8,0.153327, , 
41.84,0.152513, , 
41.88,0.151751, , 
41.91,0.151242, , 
41.95,0.150611, , 
41.98,0.150034, , 
42.02,0.149456, , 
42.06,0.148956, , 
42.09,0.148518, , 
42.13,0.147945, , 
42.17,0.147491, , 
42.21,0.146859, , 
42.24,0.14644, , 
42.28,0.145828, , 
42.32,0.145265, , 
42.35,0.144741, , 
42.39,0.144182, , 
42.42,0.143736, , 
42.46,0.143217, , 
42.5,0.142689, , 
42.53,0.142265, , 
42.57,0.141621, , 
42.61,0.141187, , 
42.65,0.140701, , 
42.68,0.14042, , 
42.72,0.139975, , 
42.76,0.139563, , 
42.79,0.139093, , 
42.83,0.138659, , 
42.86,0.138235, , 
42.9,0.137759, , 
42.94,0.137527, , 
42.97,0.137113, , 
43.01,0.136697, , 
43.05,0.136346, , 
43.09,0.135927, , 
43.12,0.135678, , 
43.16,0.135386, , 
43.2,0.135138, , 
43.23,0.134904, , 
43.27,0.134559, , 
43.3,0.134357, , 
43.34,0.134054, , 
43.38,0.133889, , 
43.41,0.133671, , 
43.45,0.133421, , 
43.49,0.133255, , 
43.53,0.133077, , 
43.56,0.13288, , 
43.6,0.132684, , 
43.64,0.132648, , 
43.67,0.132436, , 
43.71,0.13219, , 
43.74,0.132147, , 
43.78,0.132048, , 
43.82,0.132065, , 
43.85,0.131976, , 
43.89,0.131738, , 
43.93,0.131651, , 
43.97,0.131546, , 
44,0.131558, , 
44.04,0.131504, , 
44.08,0.131548, , 
44.11,0.131524, , 
44.15,0.131502, , 
44.18,0.131572, , 
44.22,0.131544, , 
44.26,0.131617, , 
44.29,0.131586, , 
44.33,0.131625, , 
44.37,0.131619, , 
44.41,0.131497, , 
44.44,0.13155, , 
44.48,0.13152, , 
44.52,0.131518, , 
44.55,0.13134, , 
44.59,0.13114, , 
44.62,0.131112, , 
44.66,0.131058, , 
44.7,0.130975, , 
44.74,0.130709, , 
44.77,0.130628, , 
44.81,0.130511, , 
44.85,0.130269, , 
44.88,0.130125, , 
44.92,0.12992, , 
44.96,0.129742, , 
44.99,0.129445, , 
45.03,0.129171, , 
45.06,0.128967, , 
45.1,0.12857, , 
45.14,0.128336, , 
45.18,0.127974, , 
45.21,0.127722, , 
45.25,0.127379, , 
45.29,0.126955, , 
45.32,0.126618, , 
45.36,0.126217, , 
45.39,0.12587, , 
45.43,0.125464, , 
45.47,0.125077, , 
45.5,0.124768, , 
45.54,0.124187, , 
45.58,0.123787, , 
45.62,0.123208, , 
45.65,0.122817, , 
45.69,0.122347, , 
45.73,0.121838, , 
45.76,0.12143, , 
45.8,0.12089, , 
45.83,0.120365, , 
45.87,0.119818, , 
45.91,0.119225, , 
45.94,0.118771, , 
45.98,0.118123, , 
46.02,0.117689, , 
46.06,0.117082, , 
46.09,0.116682, , 
46.13,0.116158, , 
46.17,0.115605, , 
46.2,0.115062, , 
46.24,0.114463, , 
46.27,0.113938, , 
46.31,0.113341, , 
46.35,0.112959, , 
46.38,0.112457, , 
46.42,0.111858, , 
46.46,0.111404, , 
46.5,0.110831, , 
46.53,0.110254, , 
46.57,0.109721, , 
46.61,0.109164, , 
46.64,0.10875, , 
46.68,0.10826, , 
46.71,0.107901, , 
46.75,0.107388, , 
46.79,0.106993, , 
46.82,0.106533, , 
46.86,0.106046, , 
46.9,0.105657, , 
46.94,0.105128, , 
46.97,0.104733, , 
47.01,0.104305, , 
47.05,0.103877, , 
47.08,0.103591, , 
47.12,0.1031, , 
47.15,0.102707, , 
47.19,0.102162, , 
47.23,0.101823, , 
47.26,0.10146, , 
47.3,0.101111, , 
47.34,0.10083, , 
47.38,0.100469, , 
47.41,0.10016, , 
47.45,0.099718, , 
47.49,0.099412, , 
47.52,0.099002, , 
47.56,0.098556, , 
47.59,0.098225, , 
47.63,0.097836, , 
47.67,0.097485, , 
47.7,0.097101, , 
47.74,0.096782, , 
47.78,0.096534, , 
47.82,0.096102, , 
47.85,0.095834, , 
47.89,0.095354, , 
47.93,0.095053, , 
47.96,0.09475, , 
48,0.094448, , 
48.04,0.094236, , 
48.07,0.093743, , 
48.11,0.093394, , 
48.14,0.092999, , 
48.18,0.092724, , 
48.22,0.092393, , 
48.25,0.09205, , 
48.29,0.091814, , 
48.33,0.09132, , 
48.37,0.091092, , 
48.4,0.090777, , 
48.44,0.090539, , 
48.48,0.090277, , 
48.51,0.089992, , 
48.55,0.089853, , 
48.59,0.089338, , 
48.62,0.089123, , 
48.66,0.08879, , 
48.69,0.088578, , 
48.73,0.088297, , 
48.77,0.088025, , 
48.8,0.087916, , 
48.84,0.087438, , 
48.88,0.087177, , 
48.92,0.086814, , 
48.95,0.086564, , 
48.99,0.086374, , 
49.03,0.086066, , 
49.06,0.085922, , 
49.1,0.085585, , 
49.13,0.085466, , 
49.17,0.085252, , 
49.21,0.085057, , 
49.24,0.084917, , 
49.28,0.084597, , 
49.32,0.084383, , 
49.36,0.084126, , 
49.39,0.084029, , 
49.43,0.083775, , 
49.47,0.083582, , 
49.5,0.083578, , 
49.54,0.083241, , 
49.58,0.08315, , 
49.61,0.082948, , 
49.65,0.082726, , 
49.68,0.082621, , 
49.72,0.082363, , 
49.76,0.082226, , 
49.8,0.082, , 
49.83,0.081838, , 
49.87,0.081584, , 
49.91,0.081511, , 
49.94,0.081358, , 
49.98,0.08118, , 
50.01,0.081182, , 
50.05,0.081037, , 
50.09,0.080855, , 
50.12,0.080714, , 
50.16,0.080625, , 
50.2,0.08068, , 
50.24,0.080573, , 
50.27,0.080411, , 
50.31,0.080224, , 
50.35,0.080087, , 
50.38,0.080105, , 
50.42,0.080056, , 
50.45,0.079966, , 
50.49,0.079701, , 
50.53,0.079639, , 
50.56,0.07956, , 
50.6,0.079524, , 
50.64,0.079614, , 
50.68,0.079721, , 
50.71,0.079976, , 
50.75,0.080026, , 
50.78,0.080107, , 
50.82,0.080266, , 
50.86,0.08045, , 
50.89,0.080753, , 
50.93,0.081039, , 
50.97,0.081453, , 
51.01,0.08186, , 
51.04,0.082221, , 
51.08,0.082671, , 
51.12,0.083232, , 
51.15,0.083769, , 
51.19,0.084268, , 
51.22,0.084986, , 
51.26,0.085751, , 
51.3,0.086491, , 
51.33,0.087504, , 
51.37,0.088382, , 
51.41,0.08928, , 
51.45,0.0902, , 
51.48,0.091332, , 
51.52,0.092428, , 
51.56,0.093316, , 
51.59,0.09451, , 
51.63,0.095638, , 
51.66,0.096794, , 
51.7,0.097852, , 
51.74,0.099028, , 
51.77,0.100088, , 
51.81,0.101153, , 
51.85,0.102077, , 
51.89,0.103215, , 
51.92,0.104236, , 
51.96,0.105179, , 
52,0.106022, , 
52.03,0.107079, , 
52.07,0.107931, , 
52.1,0.108659, , 
52.14,0.109228, , 
52.18,0.109892, , 
52.21,0.110467, , 
52.25,0.110966, , 
52.29,0.111349, , 
52.33,0.111739, , 
52.36,0.112098, , 
52.4,0.112294, , 
52.44,0.112489, , 
52.47,0.112526, , 
52.51,0.112487, , 
52.54,0.112588, , 
52.58,0.112503, , 
52.62,0.11239, , 
52.66,0.112114, , 
52.69,0.111876, , 
52.73,0.111666, , 
52.77,0.111311, , 
52.8,0.11103, , 
52.84,0.110605, , 
52.88,0.110247, , 
52.91,0.109812, , 
52.95,0.109281, , 
52.98,0.108896, , 
53.02,0.108256, , 
53.06,0.107808, , 
53.1,0.107235, , 
53.13,0.106829, , 
53.17,0.106303, , 
53.21,0.105734, , 
53.24,0.105215, , 
53.28,0.104614, , 
53.31,0.104083, , 
53.35,0.103593, , 
53.39,0.102927, , 
53.42,0.102475, , 
53.46,0.101853, , 
53.5,0.101395, , 
53.54,0.100798, , 
53.57,0.100269, , 
53.61,0.099684, , 
53.65,0.099186, , 
53.68,0.098754, , 
53.72,0.098251, , 
53.76,0.097725, , 
53.79,0.097208, , 
53.83,0.096665, , 
53.86,0.096274, , 
53.9,0.095733, , 
53.94,0.095348, , 
53.97,0.094801, , 
54.01,0.094419, , 
54.05,0.093957, , 
54.09,0.093538, , 
54.12,0.093152, , 
54.16,0.092601, , 
54.2,0.092264, , 
54.23,0.091859, , 
54.27,0.091477, , 
54.3,0.091058, , 
54.34,0.090686, , 
54.38,0.090384, , 
54.41,0.08991, , 
54.45,0.089601, , 
54.49,0.089165, , 
54.53,0.088782, , 
54.56,0.08837, , 
54.6,0.087987, , 
54.64,0.087716, , 
54.67,0.087278, , 
54.71,0.087014, , 
54.74,0.086695, , 
54.78,0.086342, , 
54.82,0.086043, , 
54.85,0.085678, , 
54.89,0.085418, , 
54.93,0.085095, , 
54.97,0.084855, , 
55,0.084603, , 
55.04,0.084251, , 
55.08,0.083969, , 
55.11,0.083573, , 
55.15,0.083372, , 
55.18,0.083079, , 
55.22,0.082841, , 
55.26,0.082601, , 
55.3,0.082306, , 
55.33,0.082127, , 
55.37,0.081755, , 
55.41,0.081519, , 
55.44,0.081271, , 
55.48,0.081037, , 
55.52,0.080809, , 
55.55,0.080609, , 
55.59,0.080442, , 
55.62,0.080218, , 
55.66,0.079939, , 
55.7,0.079699, , 
55.74,0.079499, , 
55.77,0.07933, , 
55.81,0.079094, , 
55.85,0.078947, , 
55.88,0.078719, , 
55.92,0.078616, , 
55.95,0.078511, , 
55.99,0.078258, , 
56.03,0.078145, , 
56.06,0.077946, , 
56.1,0.07775, , 
56.14,0.077609, , 
56.18,0.077506, , 
56.21,0.077482, , 
56.25,0.077435, , 
56.29,0.077534, , 
56.32,0.077532, , 
56.36,0.077728, , 
56.39,0.077919, , 
56.43,0.07802, , 
56.47,0.078345, , 
56.5,0.078591, , 
56.54,0.079062, , 
56.58,0.079401, , 
56.62,0.079869, , 
56.65,0.080401, , 
56.69,0.080948, , 
56.73,0.081646, , 
56.76,0.082306, , 
56.8,0.083069, , 
56.83,0.083826, , 
56.87,0.084647, , 
56.91,0.08543, , 
56.94,0.086407, , 
56.98,0.087446, , 
57.02,0.08833, , 
57.06,0.089318, , 
57.09,0.09042, , 
57.13,0.091342, , 
57.17,0.092509, , 
57.2,0.093423, , 
57.24,0.094666, , 
57.27,0.095679, , 
57.31,0.096665, , 
57.35,0.097462, , 
57.38,0.098465, , 
57.42,0.099456, , 
57.46,0.100233, , 
57.5,0.101016, , 
57.53,0.101772, , 
57.57,0.102323, , 
57.61,0.102814, , 
57.64,0.10329, , 
57.68,0.103827, , 
57.71,0.104186, , 
57.75,0.104501, , 
57.79,0.104866, , 
57.82,0.105019, , 
57.86,0.105292, , 
57.9,0.105378, , 
57.94,0.10551, , 
57.97,0.105528, , 
58.01,0.105366, , 
58.05,0.105225, , 
58.08,0.105011, , 
58.12,0.10485, , 
58.15,0.104616, , 
58.19,0.104329, , 
58.23,0.104039, , 
58.27,0.103591, , 
58.3,0.1033, , 
58.34,0.102791, , 
58.38,0.10239, , 
58.41,0.102089, , 
58.45,0.101716, , 
58.49,0.101353, , 
58.52,0.100856, , 
58.56,0.100416, , 
58.59,0.100104, , 
58.63,0.099559, , 
58.67,0.099087, , 
58.71,0.098532, , 
58.74,0.098161, , 
58.78,0.097749, , 
58.82,0.097307, , 
58.85,0.096857, , 
58.89,0.096441, , 
58.93,0.096062, , 
58.96,0.095596, , 
59,0.095243, , 
59.03,0.0949, , 
59.07,0.094444, , 
59.11,0.094115, , 
59.15,0.093645, , 
59.18,0.09337, , 
59.22,0.092961, , 
59.26,0.092577, , 
59.29,0.092218, , 
59.33,0.091812, , 
59.36,0.091449, , 
59.4,0.091037, , 
59.44,0.090719, , 
59.47,0.090388, , 
59.51,0.089928, , 
59.55,0.089673, , 
59.59,0.089349, , 
59.62,0.089074, , 
59.66,0.088646, , 
59.7,0.088313, , 
59.73,0.088067, , 
59.77,0.087688, , 
59.8,0.087349, , 
59.84,0.087066, , 
59.88,0.086846, , 
59.91,0.086522, , 
59.95,0.086138, , 
59.99,0.085944, , 
60.03,0.085571, , 
60.06,0.085313, , 
60.1,0.085014, , 
60.14,0.084712, , 
60.17,0.084459, , 
60.21,0.084209, , 
60.24,0.084023, , 
60.28,0.083739, , 
60.32,0.083608, , 
60.35,0.083323, , 
60.39,0.083111, , 
60.43,0.082831, , 
60.47,0.082619, , 
60.5,0.08248, , 
60.54,0.082185, , 
60.58,0.082113, , 
60.61,0.082094, , 
60.65,0.081887, , 
60.68,0.081713, , 
60.72,0.081552, , 
60.76,0.081546, , 
60.79,0.081548, , 
60.83,0.081519, , 
60.87,0.081556, , 
60.91,0.081544, , 
60.94,0.081594, , 
60.98,0.081598, , 
61.02,0.081812, , 
61.05,0.081957, , 
61.09,0.082179, , 
61.12,0.082423, , 
61.16,0.082635, , 
61.2,0.083019, , 
61.23,0.083315, , 
61.27,0.08381, , 
61.31,0.084245, , 
61.35,0.084806, , 
61.38,0.085323, , 
61.42,0.085846, , 
61.46,0.086449, , 
61.49,0.08728, , 
61.53,0.088081, , 
61.56,0.088862, , 
61.6,0.089571, , 
61.64,0.090374, , 
61.68,0.091102, , 
61.71,0.091756, , 
61.75,0.092545, , 
61.79,0.093293, , 
61.82,0.094149, , 
61.86,0.09496, , 
61.9,0.095923, , 
61.93,0.096492, , 
61.97,0.097192, , 
62,0.09783, , 
62.04,0.09857, , 
62.08,0.099147, , 
62.12,0.099628, , 
62.15,0.099993, , 
62.19,0.100493, , 
62.23,0.100897, , 
62.26,0.101244, , 
62.3,0.101425, , 
62.34,0.101686, , 
62.37,0.101865, , 
62.41,0.101926, , 
62.44,0.102001, , 
62.48,0.101974, , 
62.52,0.101962, , 
62.56,0.101777, , 
62.59,0.101559, , 
62.63,0.10145, , 
62.67,0.10122, , 
62.7,0.101088, , 
62.74,0.100832, , 
62.78,0.100552, , 
62.81,0.100172, , 
62.85,0.099898, , 
62.89,0.099627, , 
62.92,0.09924, , 
62.96,0.098992, , 
62.99,0.09859, , 
63.03,0.098245, , 
63.07,0.097822, , 
63.1,0.097434, , 
63.14,0.097152, , 
63.18,0.096643, , 
63.22,0.09631, , 
63.25,0.095896, , 
63.29,0.09561, , 
63.33,0.095148, , 
63.36,0.094734, , 
63.4,0.094484, , 
63.44,0.093937, , 
63.47,0.093618, , 
63.51,0.093213, , 
63.54,0.093019, , 
63.58,0.09272, , 
63.62,0.092363, , 
63.65,0.092224, , 
63.69,0.091724, , 
63.73,0.091449, , 
63.77,0.091098, , 
63.8,0.090844, , 
63.84,0.090553, , 
63.88,0.090279, , 
63.91,0.090109, , 
63.95,0.089841, , 
63.98,0.089671, , 
64.02,0.089558, , 
64.06,0.089357, , 
64.1,0.089167, , 
64.13,0.088993, , 
64.17,0.089038, , 
64.21,0.089054, , 
64.24,0.089036, , 
64.28,0.089034, , 
64.31,0.089034, , 
64.35,0.089173, , 
64.39,0.089328, , 
64.42,0.089504, , 
64.46,0.089686, , 
64.5,0.089994, , 
64.54,0.090309, , 
64.57,0.090531, , 
64.61,0.09091, , 
64.65,0.091362, , 
64.68,0.09181, , 
64.72,0.092287, , 
64.75,0.092801, , 
64.79,0.093378, , 
64.83,0.093998, , 
64.86,0.094488, , 
64.9,0.095152, , 
64.94,0.095856, , 
64.98,0.096659, , 
65.01,0.097182, , 
65.05,0.097932, , 
65.08,0.098483, , 
65.12,0.099266, , 
65.16,0.099775, , 
65.2,0.100366, , 
65.23,0.100844, , 
65.27,0.101185, , 
65.31,0.101605, , 
65.34,0.101885, , 
65.38,0.102196, , 
65.42,0.102348, , 
65.45,0.102424, , 
65.49,0.102523, , 
65.52,0.102529, , 
65.56,0.102505, , 
65.6,0.102313, , 
65.64,0.102101, , 
65.67,0.101964, , 
65.71,0.101591, , 
65.75,0.101377, , 
65.78,0.10109, , 
65.82,0.100814, , 
65.86,0.100416, , 
65.89,0.099934, , 
65.93,0.099512, , 
65.96,0.099129, , 
66,0.098647, , 
66.04,0.098261, , 
66.08,0.097801, , 
66.11,0.097521, , 
66.15,0.097109, , 
66.19,0.096762, , 
66.22,0.096324, , 
66.26,0.096038, , 
66.29,0.095753, , 
66.33,0.095442, , 
66.37,0.095212, , 
66.4,0.094978, , 
66.44,0.094682, , 
66.48,0.094583, , 
66.52,0.094528, , 
66.55,0.094553, , 
66.59,0.094462, , 
66.63,0.094486, , 
66.66,0.094472, , 
66.7,0.094587, , 
66.73,0.094813, , 
66.77,0.095007, , 
66.81,0.095346, , 
66.84,0.095507, , 
66.88,0.09589, , 
66.92,0.096242, , 
66.96,0.096593, , 
66.99,0.09693, , 
67.03,0.097315, , 
67.07,0.097775, , 
67.1,0.098094, , 
67.14,0.098467, , 
67.17,0.098893, , 
67.21,0.099264, , 
67.25,0.099605, , 
67.28,0.099858, , 
67.32,0.100195, , 
67.36,0.100358, , 
67.4,0.100548, , 
67.43,0.100812, , 
67.47,0.100929, , 
67.51,0.101042, , 
67.54,0.101038, , 
67.58,0.100992, , 
67.61,0.100798, , 
67.65,0.100588, , 
67.69,0.100467, , 
67.72,0.100201, , 
67.76,0.099993, , 
67.8,0.099757, , 
67.84,0.099478, , 
67.87,0.099212, , 
67.91,0.098742, , 
67.95,0.098477, , 
67.98,0.098009, , 
68.02,0.097729, , 
68.05,0.097472, , 
68.09,0.097178, , 
68.13,0.096972, , 
68.16,0.096683, , 
68.2,0.09647, , 
68.24,0.096231, , 
68.28,0.096068, , 
68.31,0.096068, , 
68.35,0.096042, , 
68.39,0.096078, , 
68.42,0.096038, , 
68.46,0.096068, , 
68.49,0.096114, , 
68.53,0.096076, , 
68.57,0.09609, , 
68.6,0.096026, , 
68.64,0.09604, , 
68.68,0.096129, , 
68.72,0.096419, , 
68.75,0.096492, , 
68.79,0.09652, , 
68.83,0.096536, , 
68.86,0.096502, , 
68.9,0.096564, , 
68.93,0.096548, , 
68.97,0.096514, , 
69.01,0.096552, , 
69.05,0.096518, , 
69.08,0.096453, , 
69.12,0.096223, , 
69.15,0.096135, , 
69.19,0.096038, , 
69.23,0.095896, , 
69.27,0.095697, , 
69.3,0.095402, , 
69.34,0.095214, , 
69.37,0.095075, , 
69.41,0.094785, , 
69.45,0.094615, , 
69.49,0.094274, , 
69.52,0.094129, , 
69.56,0.093959, , 
69.6,0.093758, , 
69.63,0.093576, , 
69.67,0.093364, , 
69.7,0.093176, , 
69.74,0.093023, , 
69.78,0.092928, , 
69.81,0.092749, , 
69.85,0.092601, , 
69.89,0.092502, , 
69.93,0.092272, , 
69.96,0.092161, , 
70,0.092061, , 
70.04,0.091998, , 
70.07,0.091798, , 
70.11,0.09159, , 
70.14,0.091554, , 
70.18,0.091376, , 
70.22,0.091266, , 
70.25,0.09109, , 
70.29,0.09084, , 
70.33,0.09065, , 
70.36,0.090396, , 
70.4,0.090047, , 
70.44,0.089524, , 
70.47,0.08908, , 
70.51,0.088436, , 
70.55,0.087932, , 
70.59,0.087315, , 
70.62,0.086721, , 
70.66,0.086001, , 
70.7,0.085131, , 
70.73,0.084427, , 
70.77,0.083777, , 
70.8,0.083059, , 
70.84,0.082579, , 
70.88,0.081765, , 
70.91,0.081176, , 
70.95,0.080339, , 
70.99,0.079776, , 
71.03,0.079187, , 
71.06,0.078539, , 
71.1,0.077964, , 
71.14,0.077318, , 
71.17,0.076751, , 
71.21,0.076237, , 
71.24,0.075663, , 
71.28,0.075165, , 
71.32,0.074703, , 
71.35,0.074184, , 
71.39,0.073595, , 
71.43,0.073113, , 
71.47,0.072629, , 
71.5,0.072078, , 
71.54,0.071614, , 
71.58,0.071069, , 
71.61,0.07076, , 
71.65,0.070346, , 
71.68,0.069812, , 
71.72,0.069348, , 
71.76,0.06896, , 
71.79,0.068571, , 
71.83,0.068155, , 
71.87,0.067798, , 
71.91,0.067465, , 
71.94,0.067098, , 
71.98,0.066864, , 
72.02,0.066428, , 
72.05,0.066123, , 
72.09,0.065832, , 
72.12,0.065542, , 
72.16,0.065235, , 
72.2,0.064906, , 
72.23,0.064717, , 
72.27,0.064442, , 
72.31,0.064222, , 
72.35,0.064, , 
72.38,0.063685, , 
72.42,0.063546, , 
72.46,0.06334, , 
72.49,0.063165, , 
72.53,0.06307, , 
72.56,0.062965, , 
72.6,0.0628, , 
72.64,0.062588, , 
72.67,0.062523, , 
72.71,0.062319, , 
72.75,0.062172, , 
72.79,0.062047, , 
72.82,0.061986, , 
72.86,0.062027, , 
72.9,0.0619, , 
72.93,0.061688, , 
72.97,0.061569, , 
73,0.061482, , 
73.04,0.061426, , 
73.08,0.061268, , 
73.12,0.061183, , 
73.15,0.061048, , 
73.19,0.060994, , 
73.23,0.060988, , 
73.26,0.06085, , 
73.3,0.060709, , 
73.34,0.060558, , 
73.37,0.060524, , 
73.41,0.060435, , 
73.44,0.060302, , 
73.48,0.060126, , 
73.52,0.060033, , 
73.56,0.060023, , 
73.59,0.059995, , 
73.63,0.060039, , 
73.67,0.060019, , 
73.7,0.060017, , 
73.74,0.059989, , 
73.78,0.059759, , 
73.81,0.059624, , 
73.85,0.059549, , 
73.88,0.059523, , 
73.92,0.059492, , 
73.96,0.059347, , 
74,0.059212, , 
74.03,0.059079, , 
74.07,0.05904, , 
74.1,0.059006, , 
74.14,0.059048, , 
74.18,0.059032, , 
74.21,0.058935, , 
74.25,0.059034, , 
74.29,0.058998, , 
74.33,0.05897, , 
74.36,0.058776, , 
74.4,0.058564, , 
74.44,0.058564, , 
74.47,0.058512, , 
74.51,0.058542, , 
74.54,0.058463, , 
74.58,0.058492, , 
74.62,0.058556, , 
74.65,0.058485, , 
74.69,0.058453, , 
74.73,0.058286, , 
74.77,0.058116, , 
74.8,0.058044, , 
74.84,0.057999, , 
74.88,0.058015, , 
74.91,0.058007, , 
74.95,0.058052, , 
74.98,0.058011, , 
75.02,0.058029, , 
75.06,0.058056, , 
75.1,0.058033, , 
75.13,0.058092, , 
75.17,0.058009, , 
75.21,0.05804, , 
75.24,0.058011, , 
75.28,0.057969, , 
75.32,0.058064, , 
75.35,0.05806, , 
75.39,0.058062, , 
75.42,0.058027, , 
75.46,0.058011, , 
75.5,0.057888, , 
75.54,0.05764, , 
75.57,0.057592, , 
75.61,0.057513, , 
75.65,0.057539, , 
75.68,0.057481, , 
75.72,0.057507, , 
75.75,0.057495, , 
75.79,0.057438, , 
75.83,0.057471, , 
75.86,0.057458, , 
75.9,0.057404, , 
75.94,0.057176, , 
75.98,0.057079, , 
76.01,0.057035, , 
76.05,0.056992, , 
76.09,0.05701, , 
76.12,0.05699, , 
76.16,0.057033, , 
76.19,0.056994, , 
76.23,0.056996, , 
76.27,0.057065, , 
76.3,0.057045, , 
76.34,0.057089, , 
76.38,0.057029, , 
76.38,0.057029, , 
76.52,0.056986, , 