Gradient Profiler Text Data File: 293t_gcn2kocol2_leu.csv,,,
Version: 1.88,,,
Date: 2017-02-24,,,
Time: 16:07:07,,,
,,,
User: Alicia,,,
Experiment name: 20170224_RPb_polysomes_293Tgcn2KOcol2,,,
UV Unit: EM-1,,,
Rotor Manufacturer: Beckman,,,
Rotor Model: SW41Ti,,,
Speed: 35000 rpm,,,
Gradient: sucrose 10.0% to 50.0% w/v,,,
Time: 180,,,
w2t:  x 10^0,,,
Sample Volume: 0.25 ml,,,
Number of Tubes: 8,,,
Volume per mm: 0.143 ml/mm,,,
Temperature: 4.0 deg C,,,
,,,
Absorbance Units Full Scale (AUFS): 2.00,,,
Manual-triggered gradient; (with distance; but no event marks),,,
Delay: No Delay,,,
UV Wavelength: 254 nm,,,
Samples / sec: 6 Hz,,,
EM1 Speed: 0.22 mm/sec,,,
Distance: 2.02 mm,,,
Number: 52,,,
Dead Volume: 0.000000 ml; Distance due to Dead Volume: 0.00 mm,,,
Length of Tubing: 0 mm,,,
Total Distance: 105.04 mm,,,
,,,
Data Columns:,,,
Distance, Absorbance, Fraction Number, Fraction Volume(ml)
0.04,0.045248, , 
0.08,0.045034, , 
0.11,0.04496, , 
0.15,0.044863, , 
0.19,0.044901, , 
0.22,0.044736, , 
0.26,0.044582, , 
0.3,0.044492, , 
0.33,0.044435, , 
0.37,0.044413, , 
0.41,0.044326, , 
0.44,0.044409, , 
0.48,0.044403, , 
0.52,0.044405, , 
0.55,0.044419, , 
0.59,0.044449, , 
0.63,0.044508, , 
0.66,0.044453, , 
0.7,0.044469, , 
0.74,0.044433, , 
0.77,0.044441, , 
0.81,0.044431, , 
0.85,0.044399, , 
0.88,0.044473, , 
0.92,0.044415, , 
0.96,0.044459, , 
0.99,0.044453, , 
1.03,0.044455, , 
1.07,0.044504, , 
1.1,0.044439, , 
1.14,0.04448, , 
1.18,0.044431, , 
1.21,0.044522, , 
1.25,0.044562, , 
1.29,0.04455, , 
1.32,0.044526, , 
1.36,0.044463, , 
1.4,0.044496, , 
1.43,0.044447, , 
1.47,0.044457, , 
1.51,0.044486, , 
1.54,0.044407, , 
1.58,0.044471, , 
1.62,0.044437, , 
1.65,0.044451, , 
1.69,0.044459, , 
1.73,0.044471, , 
1.76,0.044514, , 
1.8,0.044423, , 
1.84,0.044476, , 
1.87,0.044431, , 
1.91,0.044482, , 
1.95,0.044492, , 
1.98,0.044437, , 
2.02,0.044534, , 
2.06,0.044492, , 
2.09,0.0445, , 
2.13,0.044457, , 
2.17,0.044478, , 
2.2,0.044498, , 
2.24,0.044451, , 
2.28,0.044494, , 
2.31,0.044387, , 
2.35,0.044413, , 
2.39,0.044417, , 
2.42,0.044417, , 
2.46,0.044449, , 
2.5,0.044419, , 
2.53,0.044476, , 
2.57,0.044419, , 
2.61,0.044451, , 
2.64,0.044453, , 
2.68,0.044425, , 
2.72,0.044425, , 
2.75,0.044379, , 
2.79,0.044476, , 
2.83,0.044451, , 
2.86,0.044568, , 
2.9,0.044786, , 
2.94,0.044889, , 
2.97,0.04498, , 
3.01,0.044926, , 
3.05,0.045022, , 
3.08,0.044992, , 
3.12,0.044956, , 
3.16,0.044966, , 
3.19,0.04493, , 
3.23,0.04502, , 
3.27,0.044925, , 
3.3,0.044958, , 
3.34,0.04495, , 
3.38,0.044964, , 
3.41,0.045016, , 
3.45,0.044932, , 
3.49,0.044982, , 
3.52,0.04494, , 
3.56,0.044992, , 
3.6,0.044998, , 
3.63,0.04496, , 
3.67,0.045036, , 
3.71,0.044952, , 
3.74,0.044986, , 
3.78,0.044964, , 
3.82,0.044984, , 
3.85,0.044948, , 
3.89,0.044932, , 
3.93,0.044996, , 
3.96,0.044925, , 
4,0.044982, , 
4.04,0.045024, , 
4.07,0.045242, , 
4.11,0.045488, , 
4.15,0.045442, , 
4.18,0.045495, , 
4.22,0.045698, , 
4.26,0.048435, , 
4.29,0.061294, , 
4.33,0.096451, , 
4.37,0.171919, , 
4.4,0.256554, , 
4.44,0.356821, , 
4.48,0.445853, , 
4.51,0.539974, , 
4.55,0.647273, , 
4.59,0.751035, , 
4.62,0.830894, , 
4.66,0.934496, , 
4.7,1.015253, , 
4.73,1.05941, , 
4.77,1.07818, , 
4.81,1.086756, , 
4.84,1.089472, , 
4.88,1.091031, , 
4.92,1.091974, , 
4.95,1.092714, , 
4.99,1.093471, , 
5.03,1.094393, , 
5.06,1.095192, , 
5.1,1.095977, , 
5.14,1.09694, , 
5.17,1.097775, , 
5.21,1.098643, , 
5.25,1.099698, , 
5.28,1.100596, , 
5.32,1.101662, , 
5.36,1.102646, , 
5.39,1.103635, , 
5.43,1.104539, , 
5.47,1.105378, , 
5.5,1.105931, , 
5.54,1.10652, , 
5.58,1.107221, , 
5.61,1.107671, , 
5.65,1.108016, , 
5.69,1.108161, , 
5.72,1.108058, , 
5.76,1.107927, , 
5.8,1.107663, , 
5.83,1.107443, , 
5.87,1.106922, , 
5.91,1.106274, , 
5.94,1.105675, , 
5.98,1.104781, , 
6.02,1.103811, , 
6.05,1.102783, , 
6.09,1.101666, , 
6.13,1.099995, , 
6.16,1.098193, , 
6.2,1.09603, , 
6.24,1.093707, , 
6.27,1.091296, , 
6.31,1.088114, , 
6.35,1.084526, , 
6.38,1.081311, , 
6.42,1.076997, , 
6.46,1.072415, , 
6.49,1.067897, , 
6.53,1.063159, , 
6.57,1.057592, , 
6.6,1.052268, , 
6.64,1.046122, , 
6.68,1.040274, , 
6.71,1.034293, , 
6.75,1.027477, , 
6.79,1.020586, , 
6.82,1.014726, , 
6.86,1.007335, , 
6.9,0.999693, , 
6.93,0.992421, , 
6.97,0.98528, , 
7.01,0.97718, , 
7.04,0.969764, , 
7.08,0.961407, , 
7.12,0.953614, , 
7.15,0.945629, , 
7.19,0.936603, , 
7.23,0.927727, , 
7.26,0.919496, , 
7.3,0.910916, , 
7.34,0.901276, , 
7.37,0.892267, , 
7.41,0.882212, , 
7.45,0.87254, , 
7.48,0.86285, , 
7.52,0.851902, , 
7.56,0.840908, , 
7.59,0.831818, , 
7.63,0.820496, , 
7.67,0.809095, , 
7.7,0.798572, , 
7.74,0.788071, , 
7.78,0.7765, , 
7.81,0.766316, , 
7.85,0.754074, , 
7.89,0.743194, , 
7.92,0.732513, , 
7.96,0.720543, , 
8,0.708473, , 
8.03,0.698611, , 
8.07,0.686557, , 
8.11,0.674556, , 
8.14,0.663565, , 
8.18,0.652594, , 
8.22,0.640564, , 
8.25,0.629811, , 
8.29,0.618218, , 
8.33,0.607764, , 
8.36,0.597349, , 
8.4,0.585726, , 
8.44,0.574263, , 
8.47,0.565017, , 
8.51,0.553909, , 
8.55,0.543228, , 
8.58,0.533521, , 
8.62,0.524016, , 
8.66,0.513695, , 
8.69,0.504393, , 
8.73,0.499155, , 
8.77,0.486228, , 
8.8,0.476819, , 
8.84,0.467482, , 
8.88,0.458291, , 
8.91,0.450778, , 
8.95,0.441615, , 
8.99,0.435195, , 
9.02,0.424706, , 
9.06,0.417133, , 
9.1,0.408769, , 
9.13,0.401182, , 
9.17,0.392868, , 
9.21,0.38538, , 
9.24,0.382278, , 
9.28,0.371176, , 
9.32,0.36303, , 
9.35,0.35688, , 
9.39,0.349555, , 
9.43,0.342494, , 
9.46,0.336053, , 
9.5,0.332631, , 
9.54,0.323424, , 
9.57,0.317477, , 
9.61,0.311274, , 
9.65,0.305691, , 
9.68,0.300309, , 
9.72,0.294421, , 
9.76,0.292147, , 
9.79,0.285314, , 
9.83,0.278968, , 
9.87,0.273657, , 
9.9,0.268693, , 
9.94,0.26396, , 
9.98,0.25876, , 
10.01,0.254314, , 
10.05,0.249637, , 
10.09,0.245337, , 
10.12,0.241261, , 
10.16,0.236852, , 
10.2,0.232715, , 
10.23,0.229309, , 
10.27,0.22532, , 
10.31,0.221455, , 
10.34,0.218049, , 
10.38,0.214805, , 
10.42,0.211235, , 
10.45,0.208109, , 
10.49,0.204695, , 
10.53,0.201644, , 
10.56,0.198684, , 
10.6,0.195359, , 
10.64,0.192178, , 
10.67,0.189579, , 
10.71,0.186627, , 
10.75,0.183742, , 
10.78,0.181137, , 
10.82,0.178409, , 
10.86,0.175868, , 
10.89,0.173412, , 
10.93,0.170767, , 
10.97,0.168241, , 
11,0.166116, , 
11.04,0.163662, , 
11.08,0.161467, , 
11.11,0.159362, , 
11.15,0.15714, , 
11.19,0.154866, , 
11.22,0.15285, , 
11.26,0.150722, , 
11.3,0.148754, , 
11.33,0.146853, , 
11.37,0.144866, , 
11.41,0.142826, , 
11.44,0.141282, , 
11.48,0.139462, , 
11.52,0.137797, , 
11.55,0.13625, , 
11.59,0.134827, , 
11.63,0.133192, , 
11.66,0.131723, , 
11.7,0.130158, , 
11.74,0.128763, , 
11.77,0.127526, , 
11.81,0.126059, , 
11.85,0.124705, , 
11.88,0.12364, , 
11.92,0.122413, , 
11.96,0.121231, , 
11.99,0.12008, , 
12.03,0.119088, , 
12.07,0.117972, , 
12.1,0.117001, , 
12.14,0.116031, , 
12.18,0.115064, , 
12.21,0.114196, , 
12.25,0.113214, , 
12.29,0.112259, , 
12.32,0.111392, , 
12.36,0.110492, , 
12.4,0.109644, , 
12.43,0.108849, , 
12.47,0.108262, , 
12.51,0.10763, , 
12.54,0.106985, , 
12.58,0.106228, , 
12.62,0.105433, , 
12.65,0.104715, , 
12.69,0.103889, , 
12.73,0.103215, , 
12.76,0.10262, , 
12.8,0.102041, , 
12.84,0.101421, , 
12.87,0.100667, , 
12.91,0.09996, , 
12.95,0.099149, , 
12.98,0.098623, , 
13.02,0.097935, , 
13.06,0.097232, , 
13.09,0.096605, , 
13.13,0.095905, , 
13.17,0.095317, , 
13.2,0.094754, , 
13.24,0.09403, , 
13.28,0.093302, , 
13.31,0.092714, , 
13.35,0.092236, , 
13.39,0.091423, , 
13.42,0.090777, , 
13.46,0.090226, , 
13.5,0.089601, , 
13.53,0.089006, , 
13.57,0.08839, , 
13.61,0.087789, , 
13.64,0.087214, , 
13.68,0.086701, , 
13.72,0.086061, , 
13.75,0.08546, , 
13.79,0.085008, , 
13.83,0.084304, , 
13.86,0.08386, , 
13.9,0.083287, , 
13.94,0.082732, , 
13.97,0.082353, , 
14.01,0.08184, , 
14.05,0.081382, , 
14.08,0.080997, , 
14.12,0.080627, , 
14.16,0.080177, , 
14.19,0.079659, , 
14.23,0.079253, , 
14.27,0.078763, , 
14.3,0.078422, , 
14.34,0.078041, , 
14.38,0.077641, , 
14.41,0.077377, , 
14.45,0.07704, , 
14.49,0.076709, , 
14.52,0.076307, , 
14.56,0.076015, , 
14.6,0.075688, , 
14.63,0.075377, , 
14.67,0.075147, , 
14.71,0.07483, , 
14.74,0.074616, , 
14.78,0.074374, , 
14.82,0.074126, , 
14.85,0.073979, , 
14.89,0.07369, , 
14.93,0.073456, , 
14.96,0.073246, , 
15,0.073125, , 
15.04,0.072933, , 
15.07,0.072734, , 
15.11,0.072621, , 
15.15,0.072302, , 
15.18,0.072189, , 
15.22,0.072094, , 
15.26,0.071852, , 
15.29,0.071741, , 
15.33,0.07147, , 
15.37,0.071339, , 
15.4,0.071133, , 
15.44,0.071073, , 
15.48,0.070837, , 
15.51,0.070635, , 
15.55,0.070663, , 
15.59,0.070518, , 
15.62,0.070322, , 
15.66,0.070165, , 
15.7,0.070104, , 
15.73,0.07006, , 
15.77,0.069842, , 
15.81,0.069781, , 
15.84,0.069648, , 
15.88,0.069568, , 
15.92,0.069451, , 
15.95,0.069259, , 
15.99,0.069176, , 
16.03,0.069112, , 
16.06,0.069097, , 
16.1,0.069116, , 
16.14,0.069107, , 
16.17,0.069136, , 
16.21,0.069047, , 
16.25,0.069097, , 
16.28,0.069059, , 
16.32,0.069035, , 
16.36,0.069116, , 
16.39,0.069065, , 
16.43,0.069107, , 
16.47,0.069079, , 
16.5,0.069134, , 
16.54,0.069099, , 
16.58,0.069073, , 
16.61,0.069128, , 
16.65,0.069043, , 
16.69,0.06916, , 
16.72,0.069293, , 
16.76,0.069412, , 
16.8,0.069491, , 
16.83,0.069473, , 
16.87,0.069666, , 
16.91,0.069806, , 
16.94,0.069931, , 
16.98,0.07007, , 
17.02,0.070254, , 
17.05,0.070411, , 
17.09,0.070554, , 
17.13,0.070903, , 
17.16,0.071139, , 
17.2,0.071374, , 
17.24,0.071573, , 
17.27,0.071729, , 
17.31,0.07211, , 
17.35,0.072431, , 
17.38,0.072838, , 
17.42,0.073208, , 
17.46,0.073607, , 
17.49,0.07394, , 
17.53,0.074318, , 
17.57,0.074842, , 
17.6,0.07529, , 
17.64,0.075841, , 
17.68,0.076531, , 
17.71,0.077161, , 
17.75,0.077849, , 
17.79,0.078293, , 
17.82,0.079025, , 
17.86,0.079949, , 
17.9,0.08088, , 
17.93,0.081725, , 
17.97,0.08254, , 
18.01,0.083408, , 
18.04,0.0843, , 
18.08,0.085327, , 
18.12,0.086162, , 
18.15,0.087095, , 
18.19,0.088251, , 
18.23,0.089266, , 
18.26,0.090099, , 
18.3,0.091211, , 
18.34,0.092258, , 
18.37,0.093235, , 
18.41,0.094022, , 
18.45,0.095019, , 
18.48,0.095925, , 
18.52,0.096922, , 
18.56,0.097696, , 
18.59,0.098419, , 
18.63,0.099311, , 
18.67,0.099956, , 
18.7,0.100406, , 
18.74,0.101026, , 
18.78,0.101486, , 
18.81,0.101892, , 
18.85,0.102202, , 
18.89,0.102616, , 
18.92,0.102791, , 
18.96,0.102963, , 
19,0.103022, , 
19.03,0.102971, , 
19.07,0.103013, , 
19.11,0.102945, , 
19.14,0.10288, , 
19.18,0.10267, , 
19.22,0.102463, , 
19.25,0.102227, , 
19.29,0.101853, , 
19.33,0.101565, , 
19.36,0.101141, , 
19.4,0.100677, , 
19.44,0.100243, , 
19.47,0.09966, , 
19.51,0.099192, , 
19.55,0.098572, , 
19.58,0.098223, , 
19.62,0.09763, , 
19.66,0.096863, , 
19.69,0.096141, , 
19.73,0.095418, , 
19.77,0.094664, , 
19.8,0.093961, , 
19.84,0.093199, , 
19.88,0.092478, , 
19.91,0.091633, , 
19.95,0.09089, , 
19.99,0.090049, , 
20.02,0.089409, , 
20.06,0.088612, , 
20.1,0.087837, , 
20.13,0.08703, , 
20.17,0.086041, , 
20.21,0.085176, , 
20.24,0.08428, , 
20.28,0.083539, , 
20.32,0.08297, , 
20.35,0.082341, , 
20.39,0.081703, , 
20.43,0.080912, , 
20.46,0.080274, , 
20.5,0.079574, , 
20.54,0.078961, , 
20.57,0.078343, , 
20.61,0.077645, , 
20.65,0.077167, , 
20.68,0.076567, , 
20.72,0.076063, , 
20.76,0.075635, , 
20.79,0.075111, , 
20.83,0.074618, , 
20.87,0.074096, , 
20.9,0.073722, , 
20.94,0.073159, , 
20.98,0.072683, , 
21.01,0.072294, , 
21.05,0.071856, , 
21.09,0.071456, , 
21.12,0.070984, , 
21.16,0.070512, , 
21.2,0.070131, , 
21.23,0.069745, , 
21.27,0.06943, , 
21.31,0.069007, , 
21.34,0.068754, , 
21.38,0.068403, , 
21.42,0.068032, , 
21.45,0.067679, , 
21.49,0.067283, , 
21.53,0.067075, , 
21.56,0.066749, , 
21.6,0.066442, , 
21.64,0.066032, , 
21.67,0.065754, , 
21.71,0.065483, , 
21.75,0.06512, , 
21.78,0.064864, , 
21.82,0.064535, , 
21.86,0.064228, , 
21.89,0.063992, , 
21.93,0.063714, , 
21.97,0.063607, , 
22,0.063229, , 
22.04,0.062917, , 
22.08,0.062675, , 
22.11,0.062503, , 
22.15,0.062267, , 
22.19,0.061978, , 
22.22,0.061823, , 
22.26,0.061538, , 
22.3,0.061286, , 
22.33,0.060988, , 
22.37,0.060683, , 
22.41,0.060548, , 
22.44,0.060296, , 
22.48,0.060108, , 
22.52,0.059823, , 
22.55,0.05969, , 
22.59,0.059511, , 
22.63,0.059224, , 
22.66,0.059147, , 
22.7,0.058883, , 
22.74,0.058687, , 
22.77,0.058558, , 
22.81,0.058274, , 
22.85,0.058159, , 
22.88,0.057933, , 
22.92,0.057751, , 
22.96,0.057535, , 
22.99,0.057366, , 
23.03,0.057127, , 
23.07,0.056825, , 
23.1,0.056663, , 
23.14,0.056451, , 
23.18,0.056209, , 
23.21,0.056024, , 
23.25,0.055788, , 
23.29,0.05565, , 
23.32,0.055505, , 
23.36,0.0554, , 
23.4,0.055069, , 
23.43,0.055063, , 
23.47,0.055051, , 
23.51,0.054958, , 
23.54,0.054853, , 
23.58,0.054646, , 
23.62,0.054593, , 
23.65,0.054571, , 
23.69,0.054537, , 
23.73,0.05452, , 
23.76,0.054317, , 
23.8,0.054187, , 
23.84,0.054064, , 
23.87,0.054052, , 
23.91,0.054048, , 
23.95,0.054038, , 
23.98,0.054072, , 
24.02,0.054022, , 
24.06,0.054072, , 
24.09,0.054026, , 
24.13,0.05401, , 
24.17,0.054056, , 
24.2,0.054044, , 
24.24,0.054313, , 
24.28,0.054458, , 
24.31,0.054537, , 
24.35,0.054599, , 
24.39,0.054758, , 
24.42,0.055077, , 
24.46,0.055225, , 
24.5,0.055576, , 
24.53,0.055812, , 
24.57,0.056181, , 
24.61,0.056524, , 
24.64,0.056835, , 
24.68,0.05739, , 
24.72,0.057791, , 
24.75,0.058239, , 
24.79,0.058974, , 
24.83,0.059789, , 
24.86,0.060459, , 
24.9,0.061157, , 
24.94,0.062106, , 
24.97,0.062937, , 
25.01,0.064061, , 
25.05,0.065114, , 
25.08,0.066115, , 
25.12,0.067427, , 
25.16,0.068772, , 
25.19,0.070163, , 
25.23,0.071638, , 
25.27,0.073236, , 
25.3,0.074644, , 
25.34,0.076293, , 
25.38,0.077889, , 
25.41,0.079394, , 
25.45,0.081322, , 
25.49,0.08322, , 
25.52,0.084695, , 
25.56,0.086764, , 
25.6,0.088664, , 
25.63,0.090525, , 
25.67,0.092242, , 
25.71,0.094284, , 
25.74,0.096147, , 
25.78,0.098122, , 
25.82,0.099847, , 
25.85,0.101637, , 
25.89,0.10354, , 
25.93,0.105423, , 
25.96,0.106789, , 
26,0.108613, , 
26.04,0.110221, , 
26.07,0.111731, , 
26.11,0.113044, , 
26.15,0.114552, , 
26.18,0.115797, , 
26.22,0.117046, , 
26.26,0.118125, , 
26.29,0.119136, , 
26.33,0.120274, , 
26.37,0.121166, , 
26.4,0.121816, , 
26.44,0.122688, , 
26.48,0.123279, , 
26.51,0.123894, , 
26.55,0.12434, , 
26.59,0.124786, , 
26.62,0.125008, , 
26.66,0.125184, , 
26.7,0.12543, , 
26.73,0.125422, , 
26.77,0.125276, , 
26.81,0.125129, , 
26.84,0.124976, , 
26.88,0.124705, , 
26.92,0.124282, , 
26.95,0.123904, , 
26.99,0.123444, , 
27.03,0.122859, , 
27.06,0.122395, , 
27.1,0.121818, , 
27.14,0.121227, , 
27.17,0.120462, , 
27.21,0.119893, , 
27.25,0.119275, , 
27.28,0.118702, , 
27.32,0.117994, , 
27.36,0.117124, , 
27.39,0.116493, , 
27.43,0.115922, , 
27.47,0.11526, , 
27.5,0.1146, , 
27.54,0.113833, , 
27.58,0.113139, , 
27.61,0.112364, , 
27.65,0.111626, , 
27.69,0.110998, , 
27.72,0.110433, , 
27.76,0.109767, , 
27.8,0.10899, , 
27.83,0.10854, , 
27.87,0.107913, , 
27.91,0.107215, , 
27.94,0.106676, , 
27.98,0.106016, , 
28.02,0.105431, , 
28.05,0.10483, , 
28.09,0.104281, , 
28.13,0.103627, , 
28.16,0.103157, , 
28.2,0.10261, , 
28.24,0.101944, , 
28.27,0.101466, , 
28.31,0.100939, , 
28.35,0.10039, , 
28.38,0.099896, , 
28.42,0.099361, , 
28.46,0.098897, , 
28.49,0.098358, , 
28.53,0.097935, , 
28.57,0.09738, , 
28.6,0.096936, , 
28.64,0.096544, , 
28.68,0.096034, , 
28.71,0.095588, , 
28.75,0.095097, , 
28.79,0.094704, , 
28.82,0.09428, , 
28.86,0.093865, , 
28.9,0.093507, , 
28.93,0.093213, , 
28.97,0.092991, , 
29.01,0.092565, , 
29.04,0.092266, , 
29.08,0.09203, , 
29.12,0.091619, , 
29.15,0.091348, , 
29.19,0.091035, , 
29.23,0.090854, , 
29.26,0.090588, , 
29.3,0.090253, , 
29.34,0.090127, , 
29.37,0.08994, , 
29.41,0.089712, , 
29.45,0.089554, , 
29.48,0.089433, , 
29.52,0.0893, , 
29.56,0.089108, , 
29.59,0.089072, , 
29.63,0.089026, , 
29.67,0.089098, , 
29.7,0.089044, , 
29.74,0.08902, , 
29.78,0.089036, , 
29.81,0.08903, , 
29.85,0.089234, , 
29.89,0.089365, , 
29.92,0.089474, , 
29.96,0.089675, , 
30,0.089988, , 
30.03,0.090408, , 
30.07,0.090801, , 
30.11,0.091181, , 
30.14,0.0916, , 
30.18,0.092214, , 
30.22,0.092977, , 
30.25,0.09353, , 
30.29,0.094573, , 
30.33,0.095662, , 
30.36,0.096756, , 
30.4,0.098015, , 
30.44,0.099759, , 
30.47,0.101486, , 
30.51,0.103627, , 
30.55,0.105889, , 
30.58,0.108573, , 
30.62,0.112001, , 
30.66,0.115716, , 
30.69,0.11933, , 
30.73,0.124209, , 
30.77,0.129397, , 
30.8,0.135202, , 
30.84,0.141314, , 
30.88,0.148353, , 
30.91,0.155554, , 
30.95,0.164415, , 
30.99,0.17268, , 
31.02,0.18223, , 
31.06,0.192984, , 
31.1,0.203868, , 
31.13,0.213721, , 
31.17,0.22581, , 
31.21,0.237758, , 
31.24,0.249863, , 
31.28,0.261754, , 
31.32,0.274495, , 
31.35,0.286987, , 
31.39,0.300144, , 
31.43,0.31168, , 
31.46,0.324021, , 
31.5,0.336852, , 
31.54,0.348909, , 
31.57,0.35917, , 
31.61,0.370908, , 
31.65,0.381778, , 
31.68,0.392047, , 
31.72,0.401327, , 
31.76,0.410615, , 
31.79,0.419191, , 
31.83,0.427567, , 
31.87,0.434452, , 
31.9,0.441131, , 
31.94,0.447493, , 
31.98,0.453105, , 
32.01,0.457546, , 
32.05,0.462337, , 
32.09,0.466205, , 
32.12,0.469492, , 
32.16,0.472035, , 
32.2,0.474175, , 
32.23,0.475721, , 
32.27,0.476768, , 
32.31,0.477481, , 
32.34,0.477598, , 
32.38,0.477162, , 
32.42,0.476282, , 
32.45,0.474952, , 
32.49,0.473354, , 
32.53,0.47125, , 
32.56,0.469028, , 
32.6,0.466183, , 
32.64,0.463503, , 
32.67,0.460468, , 
32.71,0.456866, , 
32.75,0.453036, , 
32.78,0.449901, , 
32.82,0.445653, , 
32.86,0.441284, , 
32.89,0.437182, , 
32.93,0.433276, , 
32.97,0.42835, , 
33,0.423885, , 
33.04,0.418826, , 
33.08,0.414471, , 
33.11,0.409713, , 
33.15,0.404543, , 
33.19,0.399515, , 
33.22,0.395485, , 
33.26,0.390009, , 
33.3,0.38468, , 
33.33,0.379909, , 
33.37,0.37545, , 
33.41,0.370157, , 
33.44,0.365627, , 
33.48,0.360552, , 
33.52,0.356181, , 
33.55,0.351581, , 
33.59,0.34678, , 
33.63,0.342289, , 
33.66,0.338765, , 
33.7,0.334116, , 
33.74,0.329687, , 
33.77,0.325766, , 
33.81,0.322183, , 
33.85,0.317941, , 
33.88,0.314474, , 
33.92,0.310659, , 
33.96,0.30742, , 
33.99,0.30405, , 
34.03,0.300458, , 
34.07,0.297036, , 
34.1,0.294389, , 
34.14,0.290928, , 
34.18,0.287802, , 
34.21,0.285123, , 
34.25,0.28229, , 
34.29,0.279239, , 
34.32,0.276739, , 
34.36,0.27368, , 
34.4,0.271062, , 
34.43,0.268556, , 
34.47,0.265473, , 
34.51,0.262834, , 
34.54,0.260683, , 
34.58,0.257767, , 
34.62,0.255115, , 
34.65,0.252771, , 
34.69,0.250297, , 
34.73,0.247683, , 
34.76,0.245593, , 
34.8,0.243103, , 
34.84,0.240865, , 
34.87,0.238785, , 
34.91,0.236234, , 
34.95,0.233908, , 
34.98,0.231981, , 
35.02,0.22962, , 
35.06,0.227491, , 
35.09,0.225705, , 
35.13,0.223808, , 
35.17,0.221768, , 
35.2,0.220132, , 
35.24,0.218108, , 
35.28,0.216354, , 
35.31,0.214799, , 
35.35,0.213021, , 
35.39,0.211417, , 
35.42,0.210119, , 
35.46,0.208458, , 
35.5,0.206786, , 
35.53,0.205355, , 
35.57,0.203878, , 
35.61,0.202189, , 
35.64,0.20077, , 
35.68,0.199154, , 
35.72,0.197828, , 
35.75,0.196624, , 
35.79,0.195003, , 
35.83,0.193565, , 
35.86,0.192342, , 
35.9,0.190958, , 
35.94,0.189535, , 
35.97,0.188256, , 
36.01,0.18676, , 
36.05,0.185318, , 
36.08,0.184107, , 
36.12,0.182638, , 
36.16,0.181238, , 
36.19,0.180176, , 
36.23,0.178604, , 
36.27,0.177287, , 
36.3,0.176003, , 
36.34,0.174791, , 
36.38,0.173408, , 
36.41,0.172135, , 
36.45,0.170858, , 
36.49,0.169621, , 
36.52,0.168356, , 
36.56,0.166929, , 
36.6,0.165527, , 
36.63,0.164504, , 
36.67,0.163081, , 
36.71,0.161715, , 
36.74,0.160405, , 
36.78,0.159237, , 
36.82,0.157913, , 
36.85,0.156688, , 
36.89,0.155486, , 
36.93,0.154348, , 
36.96,0.153226, , 
37,0.151965, , 
37.04,0.150716, , 
37.07,0.149842, , 
37.11,0.148449, , 
37.15,0.147213, , 
37.18,0.14603, , 
37.22,0.145017, , 
37.26,0.143903, , 
37.29,0.142818, , 
37.33,0.141678, , 
37.37,0.140588, , 
37.4,0.139537, , 
37.44,0.138431, , 
37.48,0.137246, , 
37.51,0.136447, , 
37.55,0.135251, , 
37.59,0.134286, , 
37.62,0.133346, , 
37.66,0.132541, , 
37.7,0.131425, , 
37.73,0.130446, , 
37.77,0.129558, , 
37.81,0.128541, , 
37.84,0.12769, , 
37.88,0.126846, , 
37.92,0.126005, , 
37.95,0.125624, , 
37.99,0.124566, , 
38.03,0.123658, , 
38.06,0.122851, , 
38.1,0.122232, , 
38.14,0.121386, , 
38.17,0.120789, , 
38.21,0.120555, , 
38.25,0.119655, , 
38.28,0.118936, , 
38.32,0.118121, , 
38.36,0.117352, , 
38.39,0.116707, , 
38.43,0.116014, , 
38.47,0.11573, , 
38.5,0.114741, , 
38.54,0.113999, , 
38.58,0.113242, , 
38.61,0.112485, , 
38.65,0.111688, , 
38.69,0.110992, , 
38.72,0.110831, , 
38.76,0.10988, , 
38.8,0.109055, , 
38.83,0.108544, , 
38.87,0.107991, , 
38.91,0.107322, , 
38.94,0.106722, , 
38.98,0.106559, , 
39.02,0.105655, , 
39.05,0.10506, , 
39.09,0.104487, , 
39.13,0.103924, , 
39.16,0.103457, , 
39.2,0.102898, , 
39.24,0.102376, , 
39.27,0.101928, , 
39.31,0.101302, , 
39.35,0.100741, , 
39.38,0.10016, , 
39.42,0.099662, , 
39.46,0.099159, , 
39.49,0.098598, , 
39.53,0.098102, , 
39.57,0.09762, , 
39.6,0.097164, , 
39.64,0.096593, , 
39.68,0.096094, , 
39.71,0.09562, , 
39.75,0.095045, , 
39.79,0.09468, , 
39.82,0.094167, , 
39.86,0.093749, , 
39.9,0.093221, , 
39.93,0.092636, , 
39.97,0.092222, , 
40.01,0.091851, , 
40.04,0.091425, , 
40.08,0.09087, , 
40.12,0.09044, , 
40.15,0.090111, , 
40.19,0.089621, , 
40.23,0.089266, , 
40.26,0.088846, , 
40.3,0.088535, , 
40.34,0.088152, , 
40.37,0.087734, , 
40.41,0.08743, , 
40.45,0.087038, , 
40.48,0.086729, , 
40.52,0.086314, , 
40.56,0.085942, , 
40.59,0.085674, , 
40.63,0.085347, , 
40.67,0.085216, , 
40.7,0.084998, , 
40.74,0.084772, , 
40.78,0.084532, , 
40.81,0.084258, , 
40.85,0.084126, , 
40.89,0.083846, , 
40.92,0.083741, , 
40.96,0.083541, , 
41,0.083311, , 
41.03,0.083186, , 
41.07,0.08292, , 
41.11,0.082665, , 
41.14,0.08231, , 
41.18,0.082139, , 
41.22,0.081998, , 
41.25,0.081711, , 
41.29,0.081556, , 
41.33,0.081253, , 
41.36,0.081106, , 
41.4,0.080809, , 
41.44,0.080611, , 
41.47,0.080391, , 
41.51,0.080185, , 
41.55,0.080022, , 
41.58,0.07977, , 
41.62,0.079661, , 
41.66,0.079546, , 
41.69,0.079415, , 
41.73,0.079261, , 
41.77,0.079072, , 
41.8,0.07912, , 
41.84,0.079045, , 
41.88,0.07885, , 
41.91,0.07869, , 
41.95,0.078533, , 
41.99,0.07849, , 
42.02,0.078432, , 
42.06,0.07842, , 
42.1,0.078273, , 
42.13,0.078049, , 
42.17,0.078002, , 
42.21,0.077938, , 
42.24,0.077988, , 
42.28,0.077909, , 
42.32,0.07774, , 
42.35,0.077617, , 
42.39,0.077518, , 
42.43,0.077538, , 
42.46,0.0775, , 
42.5,0.077589, , 
42.54,0.077693, , 
42.57,0.077823, , 
42.61,0.077958, , 
42.65,0.07795, , 
42.68,0.078032, , 
42.72,0.07803, , 
42.76,0.07804, , 
42.79,0.078063, , 
42.83,0.078188, , 
42.87,0.078442, , 
42.9,0.078484, , 
42.94,0.078555, , 
42.98,0.078559, , 
43.01,0.078616, , 
43.05,0.078904, , 
43.09,0.079011, , 
43.12,0.079045, , 
43.16,0.079017, , 
43.2,0.079183, , 
43.23,0.079419, , 
43.27,0.079505, , 
43.31,0.079625, , 
43.34,0.07956, , 
43.38,0.079588, , 
43.42,0.079584, , 
43.45,0.07954, , 
43.49,0.079582, , 
43.53,0.079522, , 
43.56,0.079584, , 
43.6,0.079564, , 
43.64,0.079568, , 
43.67,0.07955, , 
43.71,0.079368, , 
43.75,0.079217, , 
43.78,0.079025, , 
43.82,0.078872, , 
43.86,0.078662, , 
43.89,0.078359, , 
43.93,0.078135, , 
43.97,0.0778, , 
44,0.077597, , 
44.04,0.07734, , 
44.08,0.076949, , 
44.11,0.076648, , 
44.15,0.076346, , 
44.19,0.076077, , 
44.22,0.075686, , 
44.26,0.075444, , 
44.3,0.075092, , 
44.33,0.074858, , 
44.37,0.074481, , 
44.41,0.074128, , 
44.44,0.073924, , 
44.48,0.073615, , 
44.52,0.073175, , 
44.55,0.072832, , 
44.59,0.072388, , 
44.63,0.072078, , 
44.66,0.071618, , 
44.7,0.071271, , 
44.74,0.070893, , 
44.77,0.070627, , 
44.81,0.070354, , 
44.85,0.069947, , 
44.88,0.06965, , 
44.92,0.069283, , 
44.96,0.068859, , 
44.99,0.068502, , 
45.03,0.068099, , 
45.07,0.067838, , 
45.1,0.067505, , 
45.14,0.067243, , 
45.18,0.066841, , 
45.21,0.06649, , 
45.25,0.066238, , 
45.29,0.0658, , 
45.32,0.065546, , 
45.36,0.065231, , 
45.4,0.064765, , 
45.43,0.064446, , 
45.47,0.064142, , 
45.51,0.063865, , 
45.54,0.0635, , 
45.58,0.063227, , 
45.62,0.062913, , 
45.65,0.062558, , 
45.69,0.062293, , 
45.73,0.061968, , 
45.76,0.061752, , 
45.8,0.061518, , 
45.84,0.061208, , 
45.87,0.06098, , 
45.91,0.060651, , 
45.95,0.060354, , 
45.98,0.060108, , 
46.02,0.05993, , 
46.06,0.05966, , 
46.09,0.05943, , 
46.13,0.059222, , 
46.17,0.059002, , 
46.2,0.058796, , 
46.24,0.058633, , 
46.28,0.058504, , 
46.31,0.058435, , 
46.35,0.058219, , 
46.39,0.058074, , 
46.42,0.057959, , 
46.46,0.057822, , 
46.5,0.057604, , 
46.53,0.057515, , 
46.57,0.057414, , 
46.61,0.057162, , 
46.64,0.057071, , 
46.68,0.056851, , 
46.72,0.056625, , 
46.75,0.05655, , 
46.79,0.056371, , 
46.83,0.056252, , 
46.86,0.056092, , 
46.9,0.055983, , 
46.94,0.055739, , 
46.97,0.05557, , 
47.01,0.055552, , 
47.05,0.055416, , 
47.08,0.055225, , 
47.12,0.055098, , 
47.16,0.055071, , 
47.19,0.055049, , 
47.23,0.054809, , 
47.27,0.054682, , 
47.3,0.054579, , 
47.34,0.054551, , 
47.38,0.054311, , 
47.41,0.054137, , 
47.45,0.054113, , 
47.49,0.054018, , 
47.52,0.053943, , 
47.56,0.05377, , 
47.6,0.05362, , 
47.63,0.05358, , 
47.67,0.053461, , 
47.71,0.053275, , 
47.74,0.053118, , 
47.78,0.053053, , 
47.82,0.052803, , 
47.85,0.052557, , 
47.89,0.052398, , 
47.93,0.052113, , 
47.96,0.051986, , 
48,0.051661, , 
48.04,0.051439, , 
48.07,0.05126, , 
48.11,0.050999, , 
48.15,0.050769, , 
48.18,0.050618, , 
48.22,0.050462, , 
48.26,0.050245, , 
48.29,0.050083, , 
48.33,0.049952, , 
48.37,0.049671, , 
48.4,0.049534, , 
48.44,0.04925, , 
48.48,0.049086, , 
48.51,0.048981, , 
48.55,0.048697, , 
48.59,0.048584, , 
48.62,0.048392, , 
48.66,0.048122, , 
48.7,0.047839, , 
48.73,0.04764, , 
48.77,0.047553, , 
48.81,0.047363, , 
48.84,0.047194, , 
48.88,0.047032, , 
48.92,0.046998, , 
48.95,0.046949, , 
48.99,0.046772, , 
49.03,0.046606, , 
49.06,0.046467, , 
49.1,0.046485, , 
49.14,0.046514, , 
49.17,0.046405, , 
49.21,0.046279, , 
49.25,0.046043, , 
49.28,0.046045, , 
49.32,0.045977, , 
49.36,0.045991, , 
49.39,0.046017, , 
49.43,0.045983, , 
49.47,0.046011, , 
49.5,0.045953, , 
49.54,0.046033, , 
49.58,0.046217, , 
49.61,0.046405, , 
49.65,0.046526, , 
49.69,0.046596, , 
49.72,0.046794, , 
49.76,0.046974, , 
49.8,0.047313, , 
49.83,0.047718, , 
49.87,0.047938, , 
49.91,0.048388, , 
49.94,0.048757, , 
49.98,0.049252, , 
50.02,0.049829, , 
50.05,0.050309, , 
50.09,0.050864, , 
50.13,0.051522, , 
50.16,0.052079, , 
50.2,0.05272, , 
50.24,0.053459, , 
50.27,0.054171, , 
50.31,0.054857, , 
50.35,0.055671, , 
50.38,0.056141, , 
50.42,0.056788, , 
50.46,0.057529, , 
50.49,0.058054, , 
50.53,0.058574, , 
50.57,0.059157, , 
50.6,0.059676, , 
50.64,0.060039, , 
50.68,0.060415, , 
50.71,0.060816, , 
50.75,0.061161, , 
50.79,0.061621, , 
50.82,0.061762, , 
50.86,0.061908, , 
50.9,0.062001, , 
50.93,0.061984, , 
50.97,0.062037, , 
51.01,0.061991, , 
51.04,0.062005, , 
51.08,0.062003, , 
51.12,0.061863, , 
51.15,0.061708, , 
51.19,0.061539, , 
51.23,0.061327, , 
51.26,0.061056, , 
51.3,0.060893, , 
51.34,0.06062, , 
51.37,0.060324, , 
51.41,0.060025, , 
51.45,0.059724, , 
51.48,0.059426, , 
51.52,0.059, , 
51.56,0.058693, , 
51.59,0.058518, , 
51.63,0.058209, , 
51.67,0.058009, , 
51.7,0.05767, , 
51.74,0.057448, , 
51.78,0.057194, , 
51.81,0.05693, , 
51.85,0.056641, , 
51.89,0.056413, , 
51.92,0.056221, , 
51.96,0.056052, , 
52,0.05578, , 
52.03,0.055683, , 
52.07,0.055535, , 
52.11,0.055477, , 
52.14,0.055217, , 
52.18,0.055112, , 
52.22,0.055025, , 
52.25,0.054968, , 
52.29,0.054894, , 
52.33,0.054641, , 
52.36,0.054553, , 
52.4,0.05451, , 
52.44,0.054537, , 
52.47,0.054514, , 
52.51,0.054345, , 
52.55,0.054212, , 
52.58,0.054081, , 
52.62,0.054058, , 
52.66,0.05397, , 
52.69,0.05379, , 
52.73,0.053673, , 
52.77,0.053546, , 
52.8,0.053562, , 
52.84,0.053479, , 
52.88,0.053219, , 
52.91,0.053152, , 
52.95,0.052971, , 
52.99,0.052819, , 
53.02,0.052648, , 
53.06,0.052559, , 
53.1,0.052428, , 
53.13,0.05217, , 
53.17,0.05203, , 
53.21,0.05174, , 
53.24,0.051629, , 
53.28,0.051544, , 
53.32,0.051381, , 
53.35,0.051288, , 
53.39,0.051009, , 
53.43,0.050816, , 
53.46,0.050592, , 
53.5,0.050575, , 
53.54,0.050458, , 
53.57,0.050228, , 
53.61,0.05014, , 
53.65,0.049938, , 
53.68,0.049811, , 
53.72,0.049639, , 
53.76,0.049585, , 
53.79,0.04953, , 
53.83,0.049367, , 
53.87,0.049238, , 
53.9,0.049058, , 
53.94,0.049038, , 
53.98,0.048887, , 
54.01,0.048673, , 
54.05,0.048626, , 
54.09,0.048523, , 
54.12,0.048548, , 
54.16,0.048398, , 
54.2,0.048209, , 
54.23,0.048116, , 
54.27,0.048011, , 
54.31,0.047987, , 
54.34,0.047767, , 
54.38,0.047569, , 
54.42,0.047468, , 
54.45,0.047456, , 
54.49,0.047529, , 
54.53,0.047466, , 
54.56,0.047506, , 
54.6,0.04748, , 
54.64,0.04749, , 
54.67,0.04752, , 
54.71,0.047462, , 
54.75,0.047492, , 
54.78,0.047462, , 
54.82,0.047531, , 
54.86,0.047613, , 
54.89,0.047777, , 
54.93,0.048007, , 
54.97,0.048146, , 
55,0.048406, , 
55.04,0.04864, , 
55.08,0.04902, , 
55.11,0.049415, , 
55.15,0.049694, , 
55.19,0.050291, , 
55.22,0.050695, , 
55.26,0.051298, , 
55.3,0.051831, , 
55.33,0.0524, , 
55.37,0.053057, , 
55.41,0.053699, , 
55.44,0.054232, , 
55.48,0.05489, , 
55.52,0.055537, , 
55.55,0.056121, , 
55.59,0.056546, , 
55.63,0.057275, , 
55.66,0.057767, , 
55.7,0.058346, , 
55.74,0.058792, , 
55.77,0.059315, , 
55.81,0.059916, , 
55.85,0.060289, , 
55.88,0.060532, , 
55.92,0.060796, , 
55.96,0.060986, , 
55.99,0.061127, , 
56.03,0.061319, , 
56.07,0.061522, , 
56.1,0.061456, , 
56.14,0.061464, , 
56.18,0.061458, , 
56.21,0.061313, , 
56.25,0.061189, , 
56.29,0.061012, , 
56.32,0.060959, , 
56.36,0.060671, , 
56.4,0.060392, , 
56.43,0.060146, , 
56.47,0.0599, , 
56.51,0.05962, , 
56.54,0.059359, , 
56.58,0.059178, , 
56.62,0.059032, , 
56.65,0.058808, , 
56.69,0.05854, , 
56.73,0.058264, , 
56.76,0.058151, , 
56.8,0.057969, , 
56.84,0.057721, , 
56.87,0.057575, , 
56.91,0.057378, , 
56.95,0.057186, , 
56.98,0.05698, , 
57.02,0.056835, , 
57.06,0.056613, , 
57.09,0.056546, , 
57.13,0.056472, , 
57.17,0.056193, , 
57.2,0.056112, , 
57.24,0.056004, , 
57.28,0.055985, , 
57.31,0.055808, , 
57.35,0.055594, , 
57.39,0.055628, , 
57.42,0.055481, , 
57.46,0.055324, , 
57.5,0.055166, , 
57.53,0.055097, , 
57.57,0.055023, , 
57.61,0.05475, , 
57.64,0.054666, , 
57.68,0.054561, , 
57.72,0.054343, , 
57.75,0.054147, , 
57.79,0.054044, , 
57.83,0.053917, , 
57.86,0.053665, , 
57.9,0.05355, , 
57.94,0.053289, , 
57.97,0.053092, , 
58.01,0.052942, , 
58.05,0.052686, , 
58.08,0.052618, , 
58.12,0.052359, , 
58.16,0.05221, , 
58.19,0.052016, , 
58.23,0.05176, , 
58.27,0.051657, , 
58.3,0.051498, , 
58.34,0.051306, , 
58.38,0.051086, , 
58.41,0.051036, , 
58.45,0.050904, , 
58.49,0.050634, , 
58.52,0.050604, , 
58.56,0.050497, , 
58.6,0.050287, , 
58.63,0.050085, , 
58.67,0.050029, , 
58.71,0.050037, , 
58.74,0.049883, , 
58.78,0.04972, , 
58.82,0.049504, , 
58.85,0.049474, , 
58.89,0.049484, , 
58.93,0.049407, , 
58.96,0.04946, , 
59,0.049468, , 
59.04,0.049524, , 
59.07,0.049516, , 
59.11,0.049496, , 
59.15,0.049552, , 
59.18,0.049512, , 
59.22,0.049583, , 
59.26,0.049657, , 
59.29,0.049791, , 
59.33,0.050006, , 
59.37,0.050198, , 
59.4,0.050507, , 
59.44,0.050684, , 
59.48,0.051084, , 
59.51,0.051473, , 
59.55,0.051833, , 
59.59,0.05227, , 
59.62,0.052763, , 
59.66,0.053378, , 
59.7,0.053834, , 
59.73,0.054191, , 
59.77,0.054811, , 
59.81,0.055354, , 
59.84,0.055929, , 
59.88,0.056336, , 
59.92,0.056996, , 
59.95,0.05746, , 
59.99,0.057872, , 
60.03,0.058332, , 
60.06,0.058762, , 
60.1,0.059287, , 
60.14,0.059617, , 
60.17,0.05985, , 
60.21,0.060205, , 
60.25,0.060394, , 
60.28,0.060622, , 
60.32,0.060766, , 
60.36,0.060967, , 
60.39,0.060982, , 
60.43,0.060992, , 
60.47,0.061026, , 
60.5,0.060858, , 
60.54,0.060723, , 
60.58,0.060517, , 
60.61,0.060528, , 
60.65,0.060417, , 
60.69,0.060132, , 
60.72,0.060011, , 
60.76,0.059783, , 
60.8,0.059599, , 
60.83,0.059448, , 
60.87,0.059289, , 
60.91,0.059176, , 
60.94,0.058962, , 
60.98,0.058889, , 
61.02,0.058621, , 
61.05,0.058544, , 
61.09,0.058485, , 
61.13,0.058215, , 
61.16,0.058108, , 
61.2,0.057945, , 
61.24,0.057763, , 
61.27,0.057588, , 
61.31,0.057483, , 
61.35,0.057307, , 
61.38,0.057049, , 
61.42,0.057031, , 
61.46,0.056855, , 
61.49,0.056718, , 
61.53,0.056526, , 
61.57,0.056246, , 
61.6,0.056131, , 
61.64,0.055917, , 
61.68,0.055737, , 
61.71,0.055566, , 
61.75,0.055352, , 
61.79,0.055192, , 
61.82,0.055015, , 
61.86,0.054922, , 
61.9,0.054666, , 
61.93,0.05452, , 
61.97,0.054309, , 
62.01,0.054135, , 
62.04,0.054099, , 
62.08,0.053965, , 
62.12,0.053812, , 
62.15,0.053614, , 
62.19,0.053566, , 
62.23,0.053588, , 
62.26,0.053544, , 
62.3,0.053578, , 
62.34,0.053532, , 
62.37,0.053558, , 
62.41,0.053556, , 
62.45,0.05352, , 
62.48,0.053536, , 
62.52,0.053447, , 
62.56,0.053469, , 
62.59,0.053499, , 
62.63,0.053693, , 
62.67,0.053923, , 
62.7,0.054006, , 
62.74,0.05428, , 
62.78,0.054468, , 
62.81,0.054789, , 
62.85,0.055025, , 
62.89,0.055281, , 
62.92,0.055658, , 
62.96,0.056028, , 
63,0.056336, , 
63.03,0.056756, , 
63.07,0.057144, , 
63.11,0.057646, , 
63.14,0.057937, , 
63.18,0.058411, , 
63.22,0.058683, , 
63.25,0.05905, , 
63.29,0.059333, , 
63.33,0.05962, , 
63.36,0.059924, , 
63.4,0.059993, , 
63.44,0.060142, , 
63.47,0.060352, , 
63.51,0.060477, , 
63.55,0.060566, , 
63.58,0.060568, , 
63.62,0.060584, , 
63.66,0.060445, , 
63.69,0.060302, , 
63.73,0.060162, , 
63.77,0.060037, , 
63.8,0.059979, , 
63.84,0.059731, , 
63.88,0.059662, , 
63.91,0.059557, , 
63.95,0.059478, , 
63.99,0.059323, , 
64.02,0.059081, , 
64.06,0.059057, , 
64.1,0.058843, , 
64.13,0.058651, , 
64.17,0.058485, , 
64.21,0.058268, , 
64.24,0.058138, , 
64.28,0.057931, , 
64.32,0.057743, , 
64.35,0.057531, , 
64.39,0.057309, , 
64.43,0.057142, , 
64.46,0.057006, , 
64.5,0.056914, , 
64.54,0.056694, , 
64.57,0.05654, , 
64.61,0.05652, , 
64.65,0.056322, , 
64.68,0.056153, , 
64.72,0.056026, , 
64.76,0.056038, , 
64.79,0.056028, , 
64.83,0.056036, , 
64.87,0.056046, , 
64.9,0.055997, , 
64.94,0.056066, , 
64.98,0.056016, , 
65.01,0.056123, , 
65.05,0.056306, , 
65.09,0.056397, , 
65.12,0.056464, , 
65.16,0.05652, , 
65.2,0.05675, , 
65.23,0.05691, , 
65.27,0.057111, , 
65.31,0.05737, , 
65.34,0.057481, , 
65.38,0.057761, , 
65.42,0.05789, , 
65.45,0.058112, , 
65.49,0.058308, , 
65.53,0.058423, , 
65.56,0.058603, , 
65.6,0.058738, , 
65.64,0.058946, , 
65.67,0.059026, , 
65.71,0.05904, , 
65.75,0.059069, , 
65.78,0.059038, , 
65.82,0.059032, , 
65.86,0.058835, , 
65.89,0.058643, , 
65.93,0.05858, , 
65.97,0.058504, , 
66,0.058362, , 
66.04,0.058094, , 
66.08,0.058068, , 
66.11,0.057927, , 
66.15,0.057642, , 
66.19,0.057588, , 
66.22,0.057368, , 
66.26,0.057224, , 
66.3,0.057067, , 
66.33,0.05699, , 
66.37,0.056724, , 
66.41,0.056564, , 
66.44,0.056526, , 
66.48,0.056451, , 
66.52,0.056441, , 
66.55,0.056268, , 
66.59,0.056032, , 
66.63,0.055983, , 
66.66,0.055999, , 
66.7,0.056171, , 
66.74,0.056338, , 
66.77,0.056449, , 
66.81,0.056454, , 
66.85,0.056445, , 
66.88,0.05648, , 
66.92,0.056445, , 
66.96,0.056508, , 
66.99,0.056548, , 
67.03,0.05668, , 
67.07,0.056946, , 
67.1,0.056934, , 
67.14,0.056994, , 
67.18,0.057027, , 
67.21,0.057047, , 
67.25,0.057053, , 
67.29,0.057, , 
67.32,0.057021, , 
67.36,0.057008, , 
67.4,0.056978, , 
67.43,0.056839, , 
67.47,0.056625, , 
67.51,0.056567, , 
67.54,0.056524, , 
67.58,0.056534, , 
67.62,0.056367, , 
67.65,0.056236, , 
67.69,0.056137, , 
67.73,0.056056, , 
67.76,0.056038, , 
67.8,0.05581, , 
67.84,0.055662, , 
67.87,0.05559, , 
67.91,0.055491, , 
67.95,0.055531, , 
67.98,0.055543, , 
68.02,0.055576, , 
68.06,0.055503, , 
68.09,0.055507, , 
68.13,0.055523, , 
68.17,0.055471, , 
68.2,0.055475, , 
68.24,0.055495, , 
68.28,0.055554, , 
68.31,0.055533, , 
68.35,0.055479, , 
68.39,0.055489, , 
68.42,0.055426, , 
68.46,0.05541, , 
68.5,0.055237, , 
68.53,0.055075, , 
68.57,0.055003, , 
68.61,0.054952, , 
68.64,0.054991, , 
68.68,0.054946, , 
68.72,0.054974, , 
68.75,0.054853, , 
68.79,0.054643, , 
68.83,0.054561, , 
68.86,0.054476, , 
68.9,0.054496, , 
68.94,0.054474, , 
68.97,0.054337, , 
69.01,0.054163, , 
69.05,0.053965, , 
69.08,0.05376, , 
69.12,0.053419, , 
69.16,0.053025, , 
69.19,0.052727, , 
69.23,0.052216, , 
69.27,0.051683, , 
69.3,0.05127, , 
69.34,0.050856, , 
69.38,0.050305, , 
69.41,0.049807, , 
69.45,0.049357, , 
69.49,0.04883, , 
69.52,0.048576, , 
69.56,0.048158, , 
69.6,0.047742, , 
69.63,0.047343, , 
69.67,0.047014, , 
69.71,0.046671, , 
69.74,0.046354, , 
69.78,0.04612, , 
69.82,0.045892, , 
69.85,0.04561, , 
69.89,0.045369, , 
69.93,0.045077, , 
69.96,0.044968, , 
70,0.044716, , 
70.04,0.044504, , 
70.07,0.044385, , 
70.11,0.044147, , 
70.15,0.043884, , 
70.18,0.043614, , 
70.22,0.043555, , 
70.26,0.043467, , 
70.29,0.043301, , 
70.33,0.043101, , 
70.37,0.04292, , 
70.4,0.042855, , 
70.44,0.042599, , 
70.48,0.042502, , 
70.51,0.042464, , 
70.55,0.042439, , 
70.59,0.042399, , 
70.62,0.042111, , 
70.66,0.042036, , 
70.7,0.041975, , 
70.73,0.041895, , 
70.77,0.041935, , 
70.81,0.041899, , 
70.84,0.041941, , 
70.88,0.041866, , 
70.92,0.041705, , 
70.95,0.041588, , 
70.99,0.041435, , 
71.03,0.041449, , 
71.06,0.041402, , 
71.1,0.0414, , 
71.14,0.041368, , 
71.17,0.041342, , 
71.21,0.041366, , 
71.25,0.041162, , 
71.28,0.040995, , 
71.32,0.0409, , 
71.36,0.040874, , 
71.39,0.040975, , 
71.43,0.040886, , 
71.47,0.040924, , 
71.5,0.040878, , 
71.54,0.040833, , 
71.58,0.040849, , 
71.61,0.040851, , 
71.65,0.040874, , 
71.69,0.040872, , 
71.72,0.04089, , 
71.76,0.040851, , 
71.8,0.040632, , 
71.83,0.040472, , 
71.87,0.040371, , 
71.91,0.040359, , 
71.94,0.040303, , 
71.98,0.040349, , 
72.02,0.040373, , 
72.05,0.040317, , 
72.09,0.040375, , 
72.13,0.04029, , 
72.16,0.040129, , 
72.2,0.039907, , 
72.24,0.039865, , 
72.27,0.039871, , 
72.31,0.039794, , 
72.35,0.039828, , 
72.38,0.039782, , 
72.42,0.03975, , 
72.46,0.03975, , 
72.49,0.039776, , 
72.53,0.039828, , 
72.57,0.039788, , 
72.6,0.039859, , 
72.64,0.039847, , 
72.68,0.039828, , 
72.71,0.039841, , 
72.75,0.039802, , 
72.79,0.039861, , 
72.82,0.039814, , 
72.86,0.039691, , 
72.9,0.039526, , 
72.93,0.039342, , 
72.97,0.039356, , 
73.01,0.039342, , 
73.04,0.039356, , 
73.08,0.039294, , 
73.12,0.039318, , 
73.15,0.039368, , 
73.19,0.039294, , 
73.23,0.039336, , 
73.26,0.039328, , 
73.3,0.039348, , 
73.34,0.039393, , 
73.37,0.03934, , 
73.41,0.039163, , 
73.45,0.038918, , 
73.48,0.038906, , 
73.52,0.038842, , 
73.56,0.038821, , 
73.59,0.038864, , 
73.63,0.038789, , 
73.67,0.038793, , 
73.7,0.038751, , 
73.74,0.038811, , 
73.78,0.038811, , 
73.81,0.038815, , 
73.85,0.038813, , 
73.89,0.038767, , 
73.92,0.038779, , 
73.96,0.038596, , 
74,0.038406, , 
74.03,0.038325, , 
74.07,0.038269, , 
74.11,0.038267, , 
74.14,0.038275, , 
74.18,0.038293, , 
74.22,0.038357, , 
74.25,0.038343, , 
74.29,0.038335, , 
74.33,0.03823, , 
74.36,0.038275, , 
74.4,0.038289, , 
74.44,0.038216, , 
74.47,0.038259, , 
74.51,0.038204, , 
74.55,0.038238, , 
74.58,0.038232, , 
74.62,0.038238, , 
74.66,0.038222, , 
74.69,0.038206, , 
74.73,0.038119, , 
74.77,0.037833, , 
74.8,0.037851, , 
74.84,0.037833, , 
74.88,0.037782, , 
74.91,0.037805, , 
74.95,0.03778, , 
74.99,0.037859, , 
75.02,0.037754, , 
75.06,0.037728, , 
75.1,0.037792, , 
75.13,0.037738, , 
75.17,0.037774, , 
75.21,0.037754, , 
75.24,0.037764, , 
75.28,0.037647, , 
75.32,0.037443, , 
75.35,0.037369, , 
75.39,0.037334, , 
75.43,0.037363, , 
75.46,0.037292, , 
75.5,0.037298, , 
75.54,0.037296, , 
75.57,0.037318, , 
75.61,0.037363, , 
75.65,0.037328, , 
75.68,0.037363, , 
75.72,0.037322, , 
75.76,0.037296, , 
75.79,0.037268, , 
75.83,0.03726, , 
75.87,0.037306, , 
75.9,0.037242, , 
75.94,0.037262, , 
75.98,0.037254, , 
76.01,0.037227, , 
76.05,0.03731, , 
76.09,0.037286, , 
76.12,0.03732, , 
76.16,0.03726, , 
76.2,0.03728, , 
76.23,0.037338, , 
76.27,0.037312, , 
76.31,0.037306, , 
76.34,0.037225, , 
76.38,0.037262, , 
76.42,0.037266, , 
76.45,0.037203, , 
76.49,0.037165, , 
76.53,0.037122, , 
76.56,0.037231, , 
76.6,0.037233, , 
76.64,0.037235, , 
76.67,0.037242, , 
76.71,0.037199, , 
76.75,0.037237, , 
76.78,0.037169, , 
76.82,0.037215, , 
76.86,0.037209, , 
76.89,0.037215, , 
76.93,0.037231, , 
76.97,0.037221, , 
77,0.03724, , 
77.04,0.037199, , 
77.08,0.037066, , 
77.11,0.036905, , 
77.15,0.036743, , 
77.19,0.036743, , 
77.22,0.036721, , 
77.26,0.036806, , 
77.3,0.036743, , 
77.33,0.036737, , 
77.37,0.036743, , 
77.41,0.036679, , 
77.44,0.036763, , 
77.48,0.0368, , 
77.52,0.0368, , 
77.55,0.036814, , 
77.59,0.036755, , 
77.63,0.036806, , 
77.66,0.036798, , 
77.7,0.0368, , 
77.74,0.036781, , 
77.77,0.036787, , 
77.81,0.036818, , 
77.85,0.036812, , 
77.88,0.036846, , 
77.92,0.036753, , 
77.96,0.036703, , 
77.99,0.036741, , 
78.03,0.036703, , 
78.07,0.036777, , 
78.1,0.036773, , 
78.14,0.036767, , 
78.18,0.036679, , 
78.21,0.036475, , 
78.25,0.036382, , 
78.29,0.036216, , 
78.32,0.036269, , 
78.36,0.036206, , 
78.4,0.036202, , 
78.43,0.036237, , 
78.47,0.036204, , 
78.51,0.036202, , 
78.54,0.036158, , 
78.58,0.036184, , 
78.62,0.036186, , 
78.65,0.03619, , 
78.69,0.036233, , 
78.73,0.036154, , 
78.76,0.036192, , 
78.8,0.03617, , 
78.84,0.036198, , 
78.87,0.036186, , 
78.91,0.03618, , 
78.95,0.036245, , 
78.98,0.036196, , 
79.02,0.036216, , 
79.06,0.036225, , 
79.09,0.03619, , 
79.13,0.036233, , 
79.17,0.036218, , 
79.2,0.036218, , 
79.24,0.036225, , 
79.28,0.036257, , 
79.31,0.036271, , 
79.35,0.036229, , 
79.39,0.036216, , 
79.42,0.036142, , 
79.46,0.036194, , 
79.5,0.036231, , 
79.53,0.036279, , 
79.57,0.036463, , 
79.61,0.03665, , 
79.64,0.03679, , 
79.68,0.036771, , 
79.72,0.036781, , 
79.75,0.036769, , 
79.79,0.036735, , 
79.83,0.036919, , 
79.86,0.037076, , 
79.9,0.037235, , 
79.94,0.037278, , 
79.97,0.037244, , 
80.01,0.037272, , 
80.05,0.037284, , 
80.08,0.037324, , 
80.12,0.037296, , 
80.16,0.037328, , 
80.19,0.037498, , 
80.23,0.037617, , 
80.27,0.037734, , 
80.3,0.037744, , 
80.34,0.03777, , 
80.38,0.037772, , 
80.41,0.037839, , 
80.45,0.038077, , 
80.49,0.038168, , 
80.52,0.038267, , 
80.56,0.038248, , 
80.6,0.038246, , 
80.63,0.038194, , 
80.67,0.037944, , 
80.71,0.037855, , 
80.74,0.037788, , 
80.78,0.037778, , 
80.82,0.037601, , 
80.85,0.037369, , 
80.89,0.037308, , 
80.93,0.03726, , 
80.96,0.0373, , 
81,0.037248, , 
81.04,0.037229, , 
81.07,0.037262, , 
81.11,0.037268, , 
81.15,0.037235, , 
81.18,0.037179, , 
81.22,0.037127, , 
81.26,0.036937, , 
81.26,0.036937, , 
81.4,0.036832, , 