codon	-99	-98	-97	-96	-95	-94	-93	-92	-91	-90	-89	-88	-87	-86	-85	-84	-83	-82	-81	-80	-79	-78	-77	-76	-75	-74	-73	-72	-71	-70	-69	-68	-67	-66	-65	-64	-63	-62	-61	-60	-59	-58	-57	-56	-55	-54	-53	-52	-51	-50	-49	-48	-47	-46	-45	-44	-43	-42	-41	-40	-39	-38	-37	-36	-35	-34	-33	-32	-31	-30	-29	-28	-27	-26	-25	-24	-23	-22	-21	-20	-19	-18	-17	-16	-15	-14	-13	-12	-11	-10	-9	-8	-7	-6	-5	-4	-3	-2	-1	1	2	3	4	5	6	7	8	9	10	11	12	13	14	15	16	17	18	19	20	21	22	23	24	25	26	27	28	29	30	31	32	33	34	35	36	37	38	39	40	41	42	43	44	45	46	47	48	49	50	51	52	53	54	55	56	57	58	59	60	61	62	63	64	65	66	67	68	69	70	71	72	73	74	75	76	77	78	79	80	81	82	83	84	85	86	87	88	89	90	91	92	93	94	95	96	97	98	99
TTT	1.0041	1.0126	0.9865	1.0073	1.0146	0.9924	1.0111	1.0309	1.0086	1.0318	1.0411	1.0172	1.0221	1.0306	0.9960	1.0097	1.0229	0.9998	1.0165	1.0313	1.0006	1.0063	1.0192	1.0002	1.0147	1.0223	0.9935	1.0107	1.0254	0.9993	1.0199	1.0254	0.9983	1.0143	1.0356	1.0080	1.0270	1.0432	1.0219	1.0402	1.0527	1.0180	1.0286	1.0363	1.0167	1.0411	1.0500	1.0177	1.0245	1.0425	1.0093	1.0208	1.0372	1.0116	1.0252	1.0412	1.0133	1.0209	1.0375	1.0176	1.0299	1.0492	1.0207	1.0392	1.0454	1.0199	1.0332	1.0416	1.0216	1.0461	1.0501	1.0228	1.0428	1.0570	1.0450	1.0888	1.1157	1.1119	1.1763	1.2140	1.1928	1.2139	1.2143	1.1329	1.0355	0.9130	0.7435	0.8054	0.9313	1.0581	1.0783	1.1101	1.0483	0.9856	0.9402	0.8642	0.8280	0.7805	0.7190	0.7270	0.7524	0.7500	0.8009	0.8449	0.8851	0.9805	0.9729	1.0005	1.0487	1.1889	1.1848	1.2618	1.3265	1.2563	1.2793	1.2564	1.1957	1.1777	1.1785	1.1216	1.1335	1.1450	1.1037	1.1153	1.1251	1.0875	1.1086	1.1240	1.0882	1.0888	1.0993	1.0814	1.0912	1.1007	1.0570	1.0565	1.0595	1.0186	1.0331	1.0391	1.0113	1.0247	1.0348	1.0072	1.0410	1.0556	1.0422	1.0412	1.0538	1.0172	1.0427	1.0522	1.0220	1.0348	1.0409	1.0136	1.0166	1.0266	0.9954	1.0032	1.0222	0.9999	1.0138	1.0248	1.0036	1.0155	1.0307	0.9968	1.0054	1.0201	0.9858	1.0023	1.0226	1.0025	1.0063	1.0218	0.9925	0.9907	1.0004	0.9723	0.9914	1.0031	0.9842	0.9994	1.0105	0.9822	0.9933	1.0141	0.9837	0.9980	0.9999	0.9786	1.0067	1.0351	1.0027	1.0214	1.0300	1.0018
TTC	1.0136	1.0284	1.0040	1.0310	1.0347	0.9913	1.0109	1.0160	0.9859	1.0157	1.0220	0.9790	1.0062	1.0139	0.9780	1.0079	1.0296	1.0007	1.0173	1.0258	0.9934	1.0166	1.0332	0.9944	1.0235	1.0320	0.9913	1.0163	1.0335	0.9990	1.0160	1.0301	0.9943	1.0112	1.0055	0.9726	1.0030	1.0171	0.9870	1.0227	1.0356	1.0105	1.0430	1.0552	1.0174	1.0414	1.0489	1.0225	1.0439	1.0425	1.0087	1.0320	1.0385	1.0007	1.0292	1.0278	0.9869	1.0109	1.0232	0.9922	1.0245	1.0354	0.9923	1.0296	1.0316	0.9864	1.0151	1.0205	0.9900	1.0224	1.0258	0.9822	1.0210	1.0344	1.0172	1.0874	1.0962	1.0819	1.1319	1.1420	1.1090	1.1101	1.1020	1.0276	0.9821	0.9451	0.8519	0.9912	1.1299	1.0427	1.1170	1.1092	1.0222	0.9768	0.9448	0.8563	0.8187	0.7843	0.7169	0.7225	0.7379	0.7374	0.7958	0.8288	0.8484	0.9351	0.9323	0.9541	1.0651	1.0868	1.1563	1.3178	1.2490	1.2680	1.3033	1.2783	1.2014	1.1939	1.1821	1.0992	1.1114	1.0986	1.0500	1.0929	1.1046	1.0692	1.1006	1.1026	1.0624	1.0912	1.0878	1.0669	1.0983	1.0980	1.0651	1.0905	1.0914	1.0440	1.0608	1.0632	1.0275	1.0521	1.0527	1.0123	1.0406	1.0389	1.0052	1.0260	1.0246	0.9915	1.0268	1.0277	0.9937	1.0226	1.0250	0.9943	1.0181	1.0359	1.0059	1.0315	1.0354	0.9913	1.0228	1.0371	1.0109	1.0425	1.0452	1.0005	1.0312	1.0327	0.9927	1.0245	1.0360	1.0066	1.0238	1.0310	1.0001	1.0234	1.0207	0.9932	1.0136	1.0263	0.9892	1.0207	1.0211	0.9927	1.0255	1.0246	0.9814	1.0145	1.0233	0.9906	1.0217	1.0289	1.0059	1.0396	1.0526	1.0340
TTA	0.9858	1.0000	0.9929	1.0015	1.0085	0.9906	0.9995	1.0272	1.0175	1.0282	1.0427	1.0254	1.0306	1.0439	1.0201	1.0205	1.0429	1.0115	1.0075	1.0084	0.9955	0.9966	1.0262	1.0239	1.0180	1.0317	1.0137	1.0262	1.0383	1.0168	1.0266	1.0428	1.0256	1.0245	1.0335	1.0132	1.0156	1.0385	1.0148	1.0143	1.0193	1.0087	1.0108	1.0390	1.0195	1.0381	1.0461	1.0220	1.0199	1.0286	1.0142	1.0188	1.0361	1.0158	1.0227	1.0327	1.0055	1.0057	1.0151	0.9953	0.9817	1.0096	1.0079	1.0238	1.0313	1.0428	1.0691	1.0714	1.0443	1.0412	1.0469	1.0118	1.0148	1.0474	1.0312	1.0490	1.1062	1.1258	1.1785	1.2463	1.2645	1.2576	1.2691	1.1792	1.0669	0.9138	0.7155	0.7209	0.6696	0.8308	0.9163	0.9625	0.9468	0.9102	0.9091	0.8790	0.8009	0.7615	0.7325	0.7316	0.7859	0.8247	0.8904	0.9780	0.9991	1.0084	0.9660	0.9650	0.9231	0.9839	0.9536	0.9430	1.2677	1.2108	1.1552	1.1453	1.0905	1.0715	1.0708	1.0403	1.0448	1.0614	1.0333	1.0361	1.0559	1.0296	1.0249	1.0402	1.0077	1.0206	1.0493	1.0238	1.0259	1.0455	1.0261	1.0294	1.0462	1.0156	1.0045	1.0283	1.0276	1.0449	1.0602	1.0418	1.0545	1.0707	1.0423	1.0436	1.0675	1.0304	1.0242	1.0478	1.0343	1.0444	1.0647	1.0334	1.0261	1.0393	1.0283	1.0228	1.0558	1.0118	1.0076	1.0238	0.9952	0.9864	1.0082	0.9894	0.9918	0.9981	0.9902	0.9928	1.0189	1.0118	0.9980	1.0119	1.0081	1.0057	1.0267	1.0170	1.0344	1.0466	1.0201	1.0287	1.0447	1.0175	1.0069	1.0264	0.9972	0.9977	1.0167	0.9823	0.9959	1.0248	1.0148	1.0414	1.0627	1.0261
TTG	0.9956	1.0010	0.9764	0.9881	0.9991	0.9795	0.9812	0.9941	0.9742	0.9774	0.9854	0.9678	0.9774	0.9893	0.9785	0.9911	1.0082	0.9826	0.9894	1.0021	0.9800	0.9943	1.0104	0.9874	1.0086	1.0265	1.0010	1.0279	1.0279	1.0016	1.0099	1.0273	1.0007	1.0192	1.0355	1.0139	1.0177	1.0265	0.9950	1.0079	1.0183	0.9851	0.9919	1.0097	0.9884	1.0005	1.0203	1.0089	1.0172	1.0204	0.9917	1.0025	1.0182	0.9987	1.0091	1.0339	1.0032	1.0090	1.0180	0.9938	1.0021	1.0087	0.9968	1.0120	1.0277	1.0049	1.0242	1.0307	1.0082	1.0218	1.0316	1.0149	1.0333	1.0498	1.0306	1.0497	1.0704	1.0632	1.0765	1.0951	1.0511	1.0486	1.0416	0.9833	0.9588	0.9359	0.9199	1.0940	1.2530	1.1547	1.1341	1.1491	1.0805	1.0642	1.0508	0.9661	0.8887	0.8440	0.8051	0.8761	0.9128	0.9218	0.9741	1.0232	1.0309	1.0585	1.0070	1.0090	1.0126	1.1007	1.2521	1.1414	1.0125	0.9779	0.9853	1.0142	0.9893	1.0057	1.0180	1.0031	1.0149	1.0277	1.0050	1.0140	1.0289	1.0058	1.0127	1.0356	1.0148	1.0279	1.0353	0.9994	1.0306	1.0411	1.0112	1.0283	1.0389	1.0188	1.0289	1.0527	1.0273	1.0382	1.0626	1.0340	1.0288	1.0438	1.0059	1.0260	1.0403	1.0245	1.0334	1.0403	1.0129	1.0149	1.0237	0.9899	0.9902	0.9989	0.9681	0.9866	1.0072	0.9907	1.0019	1.0193	0.9921	1.0058	1.0144	1.0023	1.0069	1.0222	0.9818	0.9944	1.0163	0.9956	1.0085	1.0274	1.0020	1.0025	1.0150	0.9766	0.9978	1.0082	0.9807	1.0026	1.0172	0.9928	1.0146	1.0272	1.0027	1.0100	1.0153	0.9772	0.9920	1.0016	0.9813	0.9911	1.0104	0.9714
TCT	0.9963	1.0119	0.9855	1.0033	1.0102	0.9909	0.9972	1.0018	0.9918	0.9982	1.0014	0.9852	0.9933	1.0145	1.0034	1.0115	1.0131	0.9854	0.9944	1.0148	0.9913	0.9983	1.0138	0.9837	0.9913	1.0089	0.9776	0.9825	0.9888	0.9753	0.9828	1.0035	0.9842	0.9977	1.0071	0.9721	0.9795	1.0001	0.9818	0.9928	1.0073	0.9903	1.0086	1.0239	0.9892	0.9930	0.9984	0.9709	0.9761	0.9867	0.9582	0.9765	0.9912	0.9687	0.9779	0.9908	0.9834	0.9989	1.0192	1.0029	1.0219	1.0301	1.0079	1.0054	1.0125	0.9743	0.9738	0.9852	0.9610	0.9699	0.9784	0.9509	0.9729	0.9829	0.9791	0.9960	0.9985	0.9748	0.9774	0.9828	0.9542	0.9628	0.9607	0.9190	0.9127	0.9076	0.9510	1.1279	1.1040	1.1434	1.0723	1.0735	1.0388	1.0482	1.0375	1.0210	0.9874	0.9704	0.9065	0.9016	0.9107	0.8758	0.8730	0.8871	0.8749	0.8972	0.8919	0.9553	0.8771	0.9754	1.0417	0.9604	1.0407	1.0124	1.0295	1.0444	1.0039	1.0128	1.0128	0.9958	0.9948	1.0051	0.9771	0.9902	1.0064	0.9946	1.0040	1.0152	0.9936	1.0044	1.0303	1.0189	1.0235	1.0378	1.0159	1.0165	1.0385	1.0042	1.0130	1.0269	1.0051	1.0140	1.0244	0.9908	1.0029	1.0360	1.0159	1.0355	1.0482	1.0234	1.0162	1.0284	1.0009	1.0059	1.0217	1.0003	1.0103	1.0298	1.0020	1.0054	1.0166	0.9881	0.9928	1.0091	0.9943	1.0104	1.0336	1.0024	1.0126	1.0277	1.0012	0.9970	1.0140	0.9977	1.0101	1.0203	1.0060	1.0198	1.0324	1.0109	1.0146	1.0253	1.0044	1.0074	1.0304	1.0119	1.0245	1.0343	1.0003	1.0097	1.0352	1.0175	1.0294	1.0446	1.0190	1.0277	1.0373	1.0126
TCC	0.9943	1.0011	0.9674	0.9840	0.9904	0.9664	0.9841	0.9929	0.9692	0.9903	0.9953	0.9613	0.9848	0.9911	0.9616	0.9854	0.9859	0.9634	0.9792	0.9867	0.9570	0.9746	0.9796	0.9553	0.9734	0.9880	0.9576	0.9828	0.9876	0.9591	0.9832	0.9941	0.9720	0.9894	1.0004	0.9689	0.9880	0.9890	0.9577	0.9763	0.9801	0.9633	0.9816	0.9940	0.9626	0.9925	1.0051	0.9665	0.9792	0.9914	0.9586	0.9747	0.9817	0.9576	0.9853	1.0033	0.9739	0.9918	0.9989	0.9614	0.9892	0.9941	0.9644	0.9895	1.0014	0.9724	0.9865	0.9980	0.9725	0.9921	0.9913	0.9531	0.9614	0.9752	0.9408	0.9604	0.9522	0.9028	0.8949	0.8761	0.8257	0.8250	0.8235	0.7918	0.8379	0.8796	0.9760	1.1893	1.2795	1.0871	1.0776	1.0482	0.9943	1.0268	1.0423	1.0108	0.9779	0.9399	0.8728	0.8633	0.8600	0.8213	0.8397	0.8516	0.8333	0.8653	0.8522	0.9029	0.9091	0.9217	1.0918	0.9644	0.9072	0.9285	0.9631	0.9635	0.9364	0.9513	0.9616	0.9420	0.9717	0.9799	0.9578	0.9904	0.9979	0.9736	1.0034	1.0096	0.9846	1.0051	1.0216	0.9837	1.0097	1.0215	0.9909	1.0101	1.0214	0.9919	1.0155	1.0153	0.9864	0.9982	1.0075	0.9740	0.9992	1.0139	0.9847	1.0085	1.0180	0.9934	1.0126	1.0240	0.9902	1.0135	1.0265	1.0029	1.0297	1.0395	1.0098	1.0240	1.0285	0.9808	1.0062	1.0229	0.9953	1.0165	1.0288	1.0037	1.0296	1.0350	0.9993	1.0214	1.0182	0.9863	1.0127	1.0214	0.9946	1.0221	1.0327	0.9975	1.0262	1.0373	1.0004	1.0252	1.0427	1.0199	1.0425	1.0507	1.0174	1.0364	1.0448	1.0144	1.0211	1.0226	0.9895	1.0035	1.0101	0.9851
TCA	1.0045	1.0180	0.9952	1.0102	1.0192	1.0047	1.0064	1.0188	0.9881	0.9985	1.0171	0.9953	0.9888	1.0097	0.9877	0.9932	1.0052	0.9879	1.0206	1.0448	1.0159	1.0198	1.0356	0.9982	0.9998	1.0148	0.9975	0.9944	1.0067	0.9810	0.9930	1.0045	0.9871	0.9921	1.0106	1.0010	1.0144	1.0253	0.9963	0.9955	1.0106	0.9721	0.9970	1.0100	0.9856	0.9872	1.0046	0.9790	0.9814	1.0049	0.9815	1.0004	1.0047	0.9936	1.0024	1.0129	0.9878	1.0036	1.0205	0.9998	1.0110	1.0111	0.9886	1.0020	1.0109	0.9890	0.9993	1.0088	0.9819	0.9896	0.9891	0.9707	0.9883	1.0082	0.9827	0.9944	1.0214	1.0070	1.0181	1.0371	1.0150	1.0150	1.0103	0.9798	0.9801	0.9892	1.0177	1.1940	0.7803	0.8959	0.9203	0.9401	0.9279	0.9556	1.0087	1.0033	0.9238	0.8917	0.8506	0.8266	0.8342	0.8034	0.8032	0.8259	0.8082	0.8133	0.7803	0.8014	0.7429	0.8073	0.8527	0.8258	1.0734	1.0069	0.9800	0.9948	0.9813	0.9940	1.0079	0.9861	0.9949	1.0014	0.9691	0.9781	0.9856	0.9721	0.9819	0.9891	0.9787	0.9909	1.0065	0.9919	0.9987	1.0180	0.9935	0.9975	1.0035	0.9909	0.9971	1.0148	1.0023	1.0052	1.0060	0.9957	0.9995	1.0231	1.0102	1.0217	1.0461	1.0193	1.0251	1.0435	1.0159	1.0237	1.0533	1.0143	1.0185	1.0381	1.0218	1.0316	1.0512	1.0248	1.0360	1.0571	1.0303	1.0342	1.0518	1.0320	1.0401	1.0720	1.0409	1.0423	1.0622	1.0291	1.0265	1.0410	1.0217	1.0210	1.0232	0.9915	0.9954	1.0121	0.9957	1.0103	1.0364	1.0095	1.0009	1.0161	0.9945	0.9988	1.0213	0.9925	1.0045	1.0318	1.0097	1.0198	1.0333	1.0021
TCG	0.9361	0.9391	0.9108	0.9626	0.9749	0.9565	0.9595	0.9692	0.9344	0.9252	0.9250	0.9034	0.9381	0.9494	0.9585	0.9782	0.9631	0.9361	0.9439	0.9462	0.9137	0.9439	0.9637	0.9429	0.9779	0.9749	0.9298	0.9542	0.9600	0.9368	0.9554	0.9848	0.9408	0.9669	0.9672	0.9351	0.9606	0.9584	0.9360	0.9526	0.9537	0.9236	0.9690	0.9655	0.9449	1.0360	1.0442	0.9955	0.9979	1.0070	0.9759	1.0053	1.0065	0.9755	0.9721	0.9818	0.9419	0.9682	0.9713	0.9417	0.9720	0.9756	0.9674	0.9926	1.0068	0.9713	0.9778	0.9765	0.9244	0.9412	0.9524	0.9283	0.9570	0.9629	0.9291	0.9480	0.9397	0.8940	0.9182	0.8878	0.8325	0.8455	0.8520	0.8013	0.8439	0.8733	0.9491	1.1674	1.1954	1.0880	1.0454	1.0500	1.0121	1.0534	1.0389	0.9915	0.9410	0.9179	0.8973	0.9216	0.9198	0.9046	0.9130	0.9367	0.9369	0.9489	0.9071	0.9745	0.9188	0.9963	1.2586	1.1036	1.0153	0.9650	0.9772	0.9852	0.9484	0.9532	0.9558	0.9332	0.9354	0.9451	0.9101	0.9227	0.9352	0.9307	0.9421	0.9662	0.9523	0.9712	0.9870	0.9611	0.9914	0.9902	0.9751	0.9880	0.9881	0.9642	0.9763	0.9952	0.9750	0.9912	0.9910	0.9966	1.0234	1.0299	1.0018	1.0087	1.0079	0.9801	0.9909	0.9824	0.9530	0.9965	1.0054	0.9904	1.0108	1.0149	0.9703	0.9911	1.0018	0.9619	1.0014	1.0080	0.9819	1.0069	1.0136	0.9710	0.9977	0.9936	0.9659	0.9713	0.9672	0.9415	0.9633	0.9899	0.9697	1.0270	1.0336	1.0308	1.0425	1.0465	1.0185	1.0344	1.0340	1.0049	0.9976	0.9873	0.9486	0.9819	0.9866	0.9613	1.0056	1.0132	0.9973	1.0226	1.0185	0.9757
TAT	1.0097	1.0280	1.0020	1.0150	1.0272	0.9997	1.0174	1.0300	1.0139	1.0310	1.0430	1.0338	1.0604	1.0570	1.0185	1.0296	1.0340	1.0102	1.0256	1.0352	1.0114	1.0436	1.0543	1.0178	1.0369	1.0450	1.0117	1.0143	1.0390	1.0170	1.0311	1.0395	1.0088	1.0282	1.0270	0.9965	1.0085	1.0118	0.9981	1.0039	1.0149	0.9928	1.0034	1.0291	0.9993	1.0253	1.0427	1.0208	1.0400	1.0467	1.0193	1.0385	1.0438	1.0191	1.0358	1.0389	1.0103	1.0265	1.0397	1.0271	1.0453	1.0547	1.0202	1.0283	1.0448	1.0227	1.0486	1.0632	1.0455	1.0734	1.0880	1.0523	1.0675	1.0715	1.0634	1.1264	1.1805	1.1939	1.2542	1.3062	1.2897	1.3167	1.3122	1.2295	1.1163	0.9881	0.7554	0.6402	0.7727	0.8670	0.9280	0.9943	0.9653	1.0027	1.0392	1.0044	1.0468	1.0826	1.0341	1.0498	1.0706	1.0328	1.0683	1.1103	1.0888	1.1429	1.1080	1.0774	1.0528	1.0972	1.0185	1.5548	1.5411	1.4030	1.3719	1.3255	1.2479	1.2094	1.1934	1.1432	1.1387	1.1377	1.0972	1.1225	1.1352	1.0998	1.1423	1.1634	1.1229	1.1515	1.1638	1.1351	1.1385	1.1259	1.0844	1.0933	1.0977	1.0550	1.0590	1.0666	1.0348	1.0445	1.0520	1.0144	1.0286	1.0278	0.9930	1.0190	1.0341	1.0018	1.0188	1.0227	0.9991	1.0163	1.0268	0.9888	1.0179	1.0377	1.0098	1.0172	1.0349	0.9988	1.0234	1.0340	1.0188	1.0319	1.0378	1.0081	1.0273	1.0338	1.0065	1.0208	1.0109	0.9829	0.9882	1.0012	0.9789	0.9855	1.0091	0.9798	1.0003	1.0133	0.9803	0.9942	1.0062	0.9838	0.9978	1.0007	0.9760	0.9942	1.0077	0.9844	1.0114	1.0395	1.0124	1.0355	1.0545	1.0177
TAC	1.0124	1.0255	1.0016	1.0238	1.0248	0.9944	1.0285	1.0362	1.0005	1.0218	1.0276	0.9982	1.0311	1.0347	0.9938	1.0297	1.0351	0.9994	1.0351	1.0523	0.9970	1.0144	1.0270	0.9839	1.0158	1.0228	0.9967	1.0254	1.0263	1.0034	1.0234	1.0217	0.9914	1.0187	1.0250	0.9765	0.9986	1.0043	0.9698	0.9954	1.0068	0.9795	1.0079	1.0105	0.9868	1.0113	1.0135	0.9853	1.0150	1.0197	0.9782	1.0022	1.0136	0.9824	1.0101	1.0194	0.9941	1.0173	1.0335	1.0040	1.0431	1.0505	1.0281	1.0659	1.0671	1.0230	1.0481	1.0512	1.0238	1.0426	1.0419	1.0028	1.0316	1.0531	1.0407	1.0978	1.1292	1.1245	1.1929	1.2110	1.1815	1.2086	1.1956	1.0884	1.0240	0.9636	0.8223	0.8696	1.0118	0.9460	1.0213	1.0319	0.9868	1.0414	1.0872	1.0364	1.0809	1.0841	1.0273	1.0612	1.0803	1.0773	1.1617	1.2002	1.1831	1.2328	1.1866	1.1461	1.1850	1.1236	1.0181	1.6032	1.4686	1.3792	1.3502	1.2971	1.1922	1.1767	1.1558	1.0764	1.0892	1.0753	1.0195	1.0494	1.0643	1.0420	1.0830	1.0852	1.0331	1.0713	1.0816	1.0399	1.0743	1.0840	1.0417	1.0618	1.0632	1.0061	1.0375	1.0304	0.9882	1.0142	1.0127	0.9778	1.0101	1.0236	0.9860	1.0178	1.0144	0.9808	1.0159	1.0329	0.9999	1.0225	1.0273	0.9886	1.0242	1.0237	0.9892	1.0052	1.0134	0.9896	1.0292	1.0327	0.9901	1.0228	1.0256	0.9880	1.0122	1.0083	0.9692	1.0025	1.0038	0.9755	1.0023	1.0111	0.9652	0.9928	0.9991	0.9659	1.0032	1.0014	0.9620	0.9928	1.0069	0.9647	0.9905	1.0129	0.9742	1.0057	1.0104	0.9789	1.0184	1.0169	0.9819	1.0014	1.0090	0.9796
TGT	1.0001	1.0162	1.0037	1.0260	1.0315	0.9973	1.0171	1.0312	0.9964	1.0170	1.0405	1.0163	1.0120	1.0254	1.0082	1.0278	1.0420	0.9999	1.0118	1.0243	0.9978	1.0094	1.0273	1.0000	1.0198	1.0472	1.0107	1.0179	1.0347	1.0148	1.0193	1.0410	1.0103	1.0264	1.0313	1.0120	1.0332	1.0308	0.9922	1.0059	1.0272	1.0151	1.0245	1.0441	1.0287	1.0482	1.0622	1.0283	1.0255	1.0381	1.0115	1.0425	1.0644	1.0079	1.0208	1.0282	1.0001	1.0122	1.0347	1.0110	1.0391	1.0578	1.0228	1.0247	1.0270	1.0073	1.0219	1.0390	1.0222	1.0261	1.0338	1.0085	1.0087	1.0289	1.0172	1.0264	1.0449	1.0264	1.0326	1.0411	1.0184	1.0239	1.0196	0.9988	1.0347	1.0883	1.1377	1.2407	1.0656	1.0925	1.0995	1.0981	1.0211	0.9691	0.9189	0.8733	0.8851	0.8844	0.8585	0.8436	0.8489	0.8206	0.8330	0.8715	0.8373	0.9232	0.9239	0.9724	0.9491	1.0660	0.9432	0.8885	1.0390	0.9851	1.0369	1.0422	1.0244	1.0466	1.0619	1.0286	1.0441	1.0630	1.0350	1.0393	1.0616	1.0240	1.0357	1.0482	1.0194	1.0317	1.0408	1.0121	1.0262	1.0442	1.0091	1.0298	1.0375	1.0129	1.0186	1.0470	1.0119	1.0224	1.0307	1.0092	1.0138	1.0233	1.0049	1.0337	1.0431	1.0083	1.0292	1.0524	1.0209	1.0375	1.0481	1.0291	1.0402	1.0589	1.0336	1.0357	1.0514	1.0140	1.0153	1.0191	0.9954	1.0166	1.0319	0.9991	1.0114	1.0300	1.0018	1.0425	1.0595	1.0277	1.0435	1.0608	1.0344	1.0421	1.0410	1.0127	1.0282	1.0401	1.0129	1.0255	1.0311	1.0038	1.0184	1.0190	0.9954	0.9980	1.0033	0.9740	0.9919	1.0128	0.9783	0.9860	1.0042	0.9772
TGC	1.0152	1.0123	0.9886	1.0139	1.0200	0.9878	1.0170	1.0143	0.9830	1.0006	1.0107	0.9812	1.0045	1.0177	0.9898	1.0095	1.0035	0.9849	1.0163	1.0228	0.9808	0.9979	1.0046	0.9697	0.9800	0.9914	0.9630	0.9910	1.0038	0.9684	0.9865	0.9894	0.9504	0.9743	0.9846	0.9560	0.9846	0.9976	0.9851	1.0129	1.0236	0.9851	1.0025	1.0109	0.9909	1.0077	1.0147	0.9824	1.0222	1.0342	1.0155	1.0353	1.0401	0.9965	1.0260	1.0281	0.9839	1.0152	1.0264	0.9890	1.0179	1.0175	0.9836	1.0107	1.0276	0.9819	1.0301	1.0384	0.9981	1.0181	1.0168	0.9793	1.0020	1.0047	0.9648	0.9723	0.9709	0.9320	0.9404	0.9302	0.8780	0.8799	0.8848	0.8607	0.9132	0.9721	1.0635	1.2668	1.3174	1.0767	1.0849	1.0645	0.9842	0.9727	0.9357	0.8648	0.8627	0.8464	0.8124	0.8120	0.8028	0.7970	0.8490	0.8782	0.8671	0.9519	0.9558	0.9502	1.0160	1.1058	1.0549	0.9009	0.8422	0.8661	0.9002	0.9152	0.8999	0.9336	0.9421	0.9260	0.9636	0.9798	0.9577	0.9979	1.0051	0.9706	1.0008	1.0092	0.9772	0.9979	1.0077	0.9774	0.9972	1.0079	0.9750	1.0038	1.0091	0.9751	1.0236	1.0407	1.0113	1.0383	1.0400	0.9964	1.0216	1.0234	1.0032	1.0176	1.0129	0.9840	1.0047	1.0120	0.9719	0.9979	1.0103	0.9761	0.9983	1.0199	0.9944	1.0250	1.0365	1.0048	1.0175	1.0288	0.9854	1.0108	1.0172	0.9799	1.0050	1.0361	1.0146	1.0461	1.0516	1.0249	1.0414	1.0444	1.0020	1.0340	1.0409	1.0071	1.0495	1.0529	1.0214	1.0370	1.0437	1.0206	1.0548	1.0602	1.0174	1.0484	1.0449	0.9956	1.0206	1.0247	0.9972	1.0316	1.0332	1.0184
TGG	1.0031	1.0230	0.9855	1.0027	1.0051	0.9653	0.9928	1.0057	0.9815	0.9965	1.0010	0.9787	0.9998	1.0047	0.9808	0.9942	1.0112	0.9835	1.0043	1.0277	1.0132	1.0316	1.0364	0.9794	0.9913	1.0077	0.9711	1.0004	1.0216	0.9961	1.0225	1.0289	0.9878	0.9920	1.0033	0.9836	0.9968	1.0038	0.9708	0.9988	1.0180	0.9919	1.0211	1.0295	0.9892	1.0015	1.0122	0.9835	1.0078	1.0267	0.9912	1.0143	1.0242	1.0000	1.0109	1.0205	0.9934	1.0197	1.0282	0.9920	1.0020	1.0009	0.9731	1.0203	1.0475	1.0240	1.0479	1.0543	1.0283	1.0424	1.0609	1.0299	1.0468	1.0625	1.0329	1.0586	1.0519	1.0120	1.0065	0.9941	0.9293	0.9123	0.8971	0.8572	0.8913	0.9537	1.0493	1.2855	1.3046	1.1751	1.1252	1.1215	1.0613	1.1098	1.1460	1.0925	1.0750	1.0573	1.0684	1.1273	1.1566	1.1472	1.1820	1.2071	1.1786	1.2102	1.1596	1.1654	1.1799	1.3643	1.2988	1.0610	0.9444	0.9566	1.0096	1.0352	1.0122	1.0602	1.0927	1.0666	1.1058	1.1298	1.1050	1.1387	1.1608	1.1271	1.1423	1.1501	1.1070	1.1159	1.1206	1.0898	1.0937	1.1072	1.0652	1.0779	1.0758	1.0229	1.0421	1.0508	1.0181	1.0206	1.0301	1.0070	1.0230	1.0309	1.0039	1.0188	1.0220	0.9912	1.0160	1.0308	0.9863	1.0051	1.0155	0.9657	0.9915	0.9930	0.9544	0.9748	0.9704	0.9445	0.9773	0.9735	0.9558	0.9867	0.9928	0.9680	0.9939	0.9976	0.9739	1.0018	1.0005	0.9806	1.0131	1.0344	0.9998	1.0187	1.0256	0.9967	1.0177	1.0204	0.9847	0.9980	1.0063	0.9770	0.9839	0.9946	0.9634	0.9914	1.0067	0.9698	0.9716	0.9818	0.9533	0.9827	0.9985	0.9672
CTT	0.9918	1.0092	0.9855	0.9932	1.0113	1.0022	1.0032	1.0152	1.0043	1.0035	1.0208	0.9974	1.0165	1.0318	1.0109	1.0159	1.0250	1.0075	1.0038	1.0221	0.9957	0.9997	1.0117	0.9795	0.9978	1.0099	0.9846	1.0077	1.0194	0.9909	1.0124	1.0254	0.9990	1.0168	1.0398	1.0284	1.0255	1.0410	1.0135	1.0200	1.0257	0.9903	1.0013	1.0188	1.0103	1.0220	1.0325	1.0106	1.0300	1.0363	1.0204	1.0217	1.0309	1.0089	1.0099	1.0197	0.9981	1.0135	1.0262	1.0000	1.0043	1.0129	0.9826	0.9971	1.0085	0.9833	1.0021	1.0220	1.0049	1.0137	1.0266	1.0044	1.0052	1.0147	0.9900	1.0001	1.0010	0.9868	0.9835	0.9828	0.9492	0.9349	0.9523	0.9455	0.9817	1.0513	1.1492	0.9702	0.9929	1.0878	1.1214	1.1321	1.0949	1.0457	1.0248	0.9719	0.9057	0.8780	0.8694	1.0193	1.1547	1.2195	1.2662	1.3085	1.3101	1.2948	1.3453	1.1812	1.1674	1.2226	1.0365	1.0186	1.0900	1.0505	1.0305	1.0213	0.9745	0.9790	0.9972	0.9790	0.9947	1.0085	0.9809	0.9857	1.0031	0.9878	0.9990	1.0184	0.9946	0.9942	1.0118	0.9950	1.0214	1.0369	1.0109	1.0261	1.0414	1.0207	1.0303	1.0423	1.0209	1.0309	1.0535	1.0253	1.0382	1.0550	1.0234	1.0347	1.0526	1.0249	1.0268	1.0453	1.0217	1.0232	1.0399	1.0214	1.0294	1.0429	1.0197	1.0257	1.0356	1.0039	1.0050	1.0257	1.0048	1.0120	1.0198	0.9979	1.0003	1.0111	0.9971	1.0038	1.0177	0.9855	0.9891	1.0134	0.9900	0.9977	1.0261	1.0064	1.0103	1.0250	0.9977	1.0104	1.0310	1.0082	1.0167	1.0412	1.0124	1.0128	1.0232	1.0023	1.0229	1.0370	1.0061	1.0249	1.0482	1.0189
CTC	0.9954	1.0055	0.9638	0.9872	0.9935	0.9688	0.9934	0.9977	0.9793	1.0010	1.0095	0.9795	1.0053	1.0133	0.9778	1.0045	1.0181	0.9754	0.9996	1.0188	0.9911	1.0122	1.0183	0.9779	1.0094	1.0201	0.9769	1.0018	1.0085	0.9730	0.9914	0.9946	0.9575	0.9775	0.9858	0.9556	0.9785	0.9871	0.9643	0.9908	1.0035	0.9661	0.9862	0.9965	0.9585	0.9813	0.9835	0.9520	0.9873	1.0021	0.9720	1.0033	1.0080	0.9694	1.0055	1.0213	0.9817	0.9966	1.0039	0.9791	1.0012	1.0069	0.9681	0.9843	0.9848	0.9541	0.9873	0.9985	0.9685	0.9968	1.0014	0.9854	1.0049	1.0000	0.9617	0.9809	0.9744	0.9132	0.9284	0.9242	0.8673	0.8680	0.8690	0.8575	0.9346	1.0077	1.1370	1.1858	1.2719	1.0184	1.0828	1.0730	1.0192	0.9984	0.9913	0.9174	0.8894	0.8560	0.8151	0.8767	0.9092	0.9266	1.0061	1.0348	1.0350	1.0641	1.1226	1.0147	1.0879	1.0618	0.8947	0.9779	0.9370	1.0081	1.0420	1.0236	0.9800	1.0004	1.0036	0.9669	0.9923	0.9998	0.9641	0.9901	0.9997	0.9570	0.9938	0.9979	0.9716	1.0157	1.0225	1.0017	1.0290	1.0355	1.0082	1.0443	1.0524	1.0207	1.0485	1.0479	1.0145	1.0389	1.0418	1.0081	1.0415	1.0429	1.0096	1.0362	1.0438	1.0072	1.0347	1.0450	1.0014	1.0201	1.0196	0.9793	1.0054	1.0080	0.9745	1.0104	1.0115	0.9767	1.0031	1.0086	0.9708	1.0050	1.0189	0.9755	0.9971	1.0028	0.9711	1.0049	1.0118	0.9768	1.0136	1.0267	0.9898	1.0236	1.0455	1.0105	1.0405	1.0422	1.0118	1.0359	1.0398	1.0010	1.0224	1.0223	0.9954	1.0149	1.0262	1.0002	1.0220	1.0401	1.0088	1.0376	1.0389	1.0184
CTA	0.9835	1.0060	1.0157	1.0184	1.0403	1.0187	1.0266	1.0414	1.0221	1.0116	1.0109	0.9942	0.9993	1.0151	0.9974	1.0250	1.0423	1.0123	1.0178	1.0395	1.0059	1.0043	1.0117	0.9889	1.0003	1.0196	1.0021	1.0382	1.0601	1.0281	1.0373	1.0502	1.0149	1.0273	1.0390	1.0034	1.0226	1.0377	1.0147	1.0344	1.0537	1.0025	1.0011	1.0155	0.9953	1.0081	1.0174	0.9985	1.0026	1.0215	0.9924	0.9842	1.0104	0.9809	0.9997	1.0168	1.0011	1.0291	1.0480	1.0299	1.0346	1.0468	1.0108	1.0126	1.0230	1.0101	1.0199	1.0311	1.0096	1.0275	1.0372	1.0113	1.0118	1.0182	1.0144	1.0302	1.0509	1.0323	1.0516	1.0756	1.0345	1.0333	1.0585	1.0606	1.1042	1.1576	1.2325	0.9806	0.7367	0.8643	0.9503	0.9884	0.9704	0.9547	0.9966	0.9770	0.9027	0.8718	0.8696	0.9666	1.0881	1.1494	1.2193	1.2744	1.2750	1.2328	1.2572	1.0919	1.0409	1.0671	0.8631	0.8285	1.1057	1.0347	0.9950	1.0079	0.9547	0.9641	0.9718	0.9570	0.9771	0.9841	0.9562	0.9803	1.0078	0.9956	1.0208	1.0413	1.0171	1.0180	1.0359	1.0133	1.0386	1.0607	1.0330	1.0346	1.0512	1.0316	1.0411	1.0546	1.0324	1.0345	1.0565	1.0337	1.0415	1.0470	1.0053	1.0192	1.0388	1.0075	1.0184	1.0241	1.0024	1.0078	1.0020	0.9673	0.9755	0.9896	0.9842	0.9934	1.0073	0.9750	1.0078	1.0330	1.0059	1.0241	1.0441	1.0225	1.0472	1.0491	1.0089	1.0190	1.0287	1.0049	1.0189	1.0385	1.0151	1.0079	1.0137	0.9906	0.9845	0.9945	0.9737	0.9769	0.9953	0.9730	0.9873	1.0057	0.9731	0.9948	1.0094	0.9885	1.0208	1.0337	1.0062	1.0260	1.0497	1.0362
CTG	0.9925	1.0020	0.9723	0.9977	1.0092	0.9756	0.9986	1.0043	0.9790	0.9994	1.0017	0.9705	0.9868	0.9940	0.9607	0.9904	0.9998	0.9652	0.9905	1.0012	0.9688	0.9976	1.0034	0.9686	1.0019	1.0046	0.9720	0.9931	0.9994	0.9678	1.0009	1.0095	0.9796	1.0073	1.0142	0.9812	1.0110	1.0199	0.9829	1.0144	1.0170	0.9794	1.0077	1.0134	0.9756	1.0025	1.0110	0.9785	0.9983	1.0080	0.9809	1.0015	1.0103	0.9732	1.0060	1.0116	0.9858	1.0123	1.0157	0.9820	1.0078	1.0154	0.9804	1.0003	1.0124	0.9740	1.0024	1.0115	0.9715	0.9937	1.0007	0.9725	0.9904	0.9905	0.9407	0.9385	0.9227	0.8657	0.8600	0.8442	0.7917	0.7886	0.7981	0.8053	0.9048	1.0015	1.1543	1.2733	1.2930	1.1214	1.1193	1.1122	1.0467	1.0220	0.9993	0.9174	0.8664	0.8360	0.8102	0.8933	0.9276	0.9229	0.9791	1.0097	1.0145	1.0305	1.0753	0.9738	1.0124	1.0461	0.9415	0.8829	0.8167	0.8096	0.8414	0.8644	0.8499	0.8879	0.9115	0.9000	0.9390	0.9567	0.9402	0.9670	0.9725	0.9423	0.9698	0.9768	0.9450	0.9733	0.9906	0.9669	1.0002	1.0112	0.9816	1.0190	1.0327	0.9999	1.0356	1.0384	0.9961	1.0310	1.0400	1.0025	1.0333	1.0433	1.0078	1.0284	1.0298	0.9868	1.0094	1.0166	0.9893	1.0159	1.0239	0.9949	1.0106	1.0176	0.9844	1.0079	1.0122	0.9808	1.0032	1.0102	0.9734	0.9976	1.0026	0.9632	0.9960	1.0069	0.9829	1.0084	1.0141	0.9818	1.0144	1.0205	0.9914	1.0194	1.0271	0.9956	1.0228	1.0355	0.9940	1.0216	1.0236	0.9875	1.0076	1.0159	0.9852	1.0055	1.0130	0.9811	1.0131	1.0171	0.9864	1.0207	1.0310	0.9941
CCT	0.9851	1.0033	0.9894	0.9916	1.0036	0.9864	0.9917	1.0064	0.9869	0.9990	1.0175	0.9937	0.9989	1.0175	0.9943	1.0066	1.0242	0.9989	1.0087	1.0189	0.9917	0.9968	1.0144	0.9880	0.9974	1.0213	1.0036	1.0155	1.0326	1.0000	1.0162	1.0272	0.9938	0.9925	1.0150	1.0061	1.0196	1.0275	0.9999	1.0071	1.0270	1.0090	1.0236	1.0449	1.0187	1.0220	1.0369	1.0061	1.0021	1.0196	0.9906	0.9981	1.0031	0.9814	0.9917	1.0045	0.9793	0.9926	0.9984	0.9822	0.9876	1.0042	0.9783	1.0037	1.0159	0.9954	1.0024	1.0264	1.0059	1.0328	1.0511	1.0294	1.0406	1.0477	1.0105	0.9833	0.9649	0.9113	0.8781	0.8504	0.7842	0.7695	0.7828	0.7867	0.8750	1.0063	1.1828	1.3519	1.2801	1.2538	1.1348	1.1308	1.0982	1.0831	1.0881	1.1072	1.1387	1.1652	1.1664	1.2008	1.2502	1.2370	1.2761	1.3303	1.3380	1.4398	1.5797	1.6088	1.4995	1.7074	1.4445	1.2721	1.3324	1.2468	1.2337	1.2190	1.1548	1.1369	1.1354	1.0760	1.0591	1.0645	1.0333	1.0253	1.0234	0.9865	0.9867	0.9945	0.9651	0.9689	0.9859	0.9578	0.9553	0.9616	0.9395	0.9381	0.9503	0.9281	0.9321	0.9516	0.9283	0.9401	0.9545	0.9370	0.9555	0.9694	0.9516	0.9661	0.9698	0.9531	0.9610	0.9722	0.9545	0.9706	0.9739	0.9450	0.9526	0.9604	0.9313	0.9360	0.9474	0.9346	0.9466	0.9684	0.9353	0.9443	0.9563	0.9427	0.9555	0.9779	0.9554	0.9664	0.9860	0.9711	0.9752	0.9741	0.9522	0.9628	0.9770	0.9506	0.9638	0.9808	0.9552	0.9637	0.9696	0.9454	0.9531	0.9665	0.9410	0.9597	0.9784	0.9517	0.9611	0.9740	0.9502	0.9612	0.9699	0.9578
CCC	0.9634	0.9716	0.9497	0.9729	0.9864	0.9596	0.9801	0.9883	0.9565	0.9897	1.0033	0.9830	1.0057	1.0056	0.9745	0.9898	1.0104	0.9736	0.9921	0.9963	0.9673	0.9923	1.0005	0.9720	0.9884	0.9916	0.9541	0.9787	0.9809	0.9481	0.9632	0.9746	0.9496	0.9841	0.9980	0.9773	0.9970	0.9995	0.9686	0.9863	1.0030	0.9804	1.0017	1.0057	0.9682	0.9837	0.9846	0.9534	0.9856	1.0007	0.9735	0.9895	1.0047	0.9718	0.9954	0.9943	0.9647	0.9726	0.9743	0.9472	0.9712	0.9713	0.9378	0.9688	0.9730	0.9493	0.9775	0.9785	0.9593	0.9838	0.9940	0.9526	0.9756	0.9738	0.9096	0.9005	0.8791	0.8055	0.7659	0.7452	0.6704	0.6541	0.6498	0.6507	0.7546	0.8690	1.0505	1.2872	1.4404	1.1463	1.1159	1.0978	1.0534	1.0894	1.1000	1.0892	1.1416	1.1486	1.1085	1.1179	1.1083	1.0713	1.1073	1.1278	1.1220	1.2060	1.3340	1.3920	1.4256	1.4492	1.2221	1.0348	0.9424	0.9515	0.9871	0.9946	0.9533	0.9734	0.9775	0.9613	0.9929	1.0126	0.9807	0.9982	1.0056	0.9691	0.9927	0.9943	0.9608	0.9775	0.9770	0.9437	0.9598	0.9760	0.9550	0.9791	0.9924	0.9572	0.9643	0.9692	0.9485	0.9800	0.9923	0.9522	0.9838	0.9909	0.9606	0.9935	1.0008	0.9680	0.9831	0.9844	0.9536	0.9748	0.9728	0.9560	0.9721	0.9829	0.9531	0.9798	0.9929	0.9643	0.9941	0.9986	0.9658	0.9814	0.9916	0.9630	0.9954	1.0034	0.9775	1.0054	1.0005	0.9671	0.9952	1.0031	0.9708	1.0023	1.0168	0.9799	0.9930	0.9939	0.9697	0.9799	0.9880	0.9552	0.9773	0.9849	0.9532	0.9805	0.9976	0.9611	0.9800	0.9847	0.9571	0.9761	0.9870	0.9528
CCA	1.0131	1.0229	1.0022	1.0122	1.0261	1.0131	1.0083	1.0158	0.9988	1.0098	1.0204	0.9959	1.0066	1.0190	0.9908	1.0020	1.0146	0.9963	1.0059	1.0171	0.9917	1.0002	1.0107	0.9907	0.9957	1.0097	1.0013	1.0091	1.0183	0.9967	1.0000	1.0147	0.9965	1.0046	1.0115	0.9946	1.0014	1.0150	0.9926	1.0011	1.0284	1.0098	1.0330	1.0422	1.0257	1.0334	1.0365	1.0145	1.0221	1.0333	1.0124	1.0214	1.0389	1.0081	1.0177	1.0355	1.0002	1.0011	1.0142	0.9874	0.9906	1.0070	0.9860	0.9954	1.0141	0.9938	1.0159	1.0423	1.0281	1.0448	1.0673	1.0466	1.0458	1.0568	1.0139	0.9980	0.9782	0.9187	0.8760	0.8593	0.8110	0.8094	0.8292	0.8584	0.9744	1.1243	1.3119	1.4707	0.9243	1.0215	1.0386	1.0274	1.0159	1.0448	1.0875	1.0961	1.0765	1.0943	1.0968	1.1194	1.1787	1.1887	1.2163	1.2668	1.3035	1.3665	1.4565	1.3763	1.2952	1.4073	1.1779	1.0731	1.3719	1.2574	1.2028	1.1951	1.1374	1.1283	1.1370	1.0964	1.0727	1.0765	1.0411	1.0291	1.0357	0.9833	0.9716	0.9833	0.9657	0.9778	0.9961	0.9655	0.9734	0.9895	0.9632	0.9528	0.9697	0.9356	0.9448	0.9644	0.9382	0.9470	0.9657	0.9514	0.9552	0.9751	0.9613	0.9740	0.9703	0.9532	0.9639	0.9773	0.9647	0.9691	0.9848	0.9642	0.9748	0.9932	0.9670	0.9768	0.9912	0.9651	0.9683	0.9721	0.9531	0.9622	0.9895	0.9617	0.9737	0.9879	0.9586	0.9720	0.9927	0.9664	0.9770	0.9966	0.9751	0.9911	1.0053	0.9819	0.9858	1.0001	0.9748	0.9752	1.0026	0.9733	0.9842	1.0014	0.9872	0.9982	1.0100	0.9904	0.9920	1.0083	0.9852	0.9930	1.0073	0.9840
CCG	1.0441	1.0327	1.0104	1.0064	1.0142	0.9909	0.9828	0.9852	0.9521	0.9488	0.9575	0.9484	0.9761	0.9735	0.9439	0.9578	0.9581	0.9218	0.9530	0.9580	0.9169	0.9332	0.9774	0.9342	0.9512	0.9444	0.9364	0.9524	1.0137	0.9875	0.9754	1.0325	1.0016	1.0177	1.0093	0.9888	1.0247	1.0333	1.0076	1.0023	1.0033	0.9941	1.0015	1.0047	0.9663	0.9704	0.9669	0.9224	0.9393	0.9389	0.9120	0.9317	0.9411	0.9186	0.9533	0.9454	0.8963	0.9302	0.9395	0.9105	0.9196	0.9198	0.8841	0.9086	0.9144	0.8937	0.9259	0.9338	0.8976	0.9247	0.9403	0.9212	0.9439	0.9540	0.8982	0.8902	0.8675	0.7968	0.7473	0.7227	0.6726	0.6619	0.6739	0.6844	0.7835	0.8831	1.0583	1.2753	1.2449	1.0943	1.0742	1.0668	1.0239	1.0637	1.0773	1.0776	1.0949	1.1141	1.1130	1.1907	1.2321	1.2189	1.2832	1.3344	1.3760	1.4322	1.4822	1.5856	1.4985	1.5536	1.3495	1.1152	0.9976	0.9199	0.9012	0.8906	0.8446	0.8647	0.8756	0.8568	0.8733	0.8817	0.8692	0.8944	0.9072	0.8781	0.8904	0.9146	0.8878	0.8984	0.9047	0.8873	0.9098	0.9107	0.9130	0.9387	0.9397	0.9190	0.9249	0.9321	0.9010	0.9199	0.9384	0.9246	0.9474	0.9613	0.9302	0.9522	0.9688	0.9515	0.9625	0.9630	0.9418	0.9458	0.9399	0.8943	0.9137	0.9221	0.8968	0.9315	0.9563	0.9427	0.9900	0.9932	0.9539	0.9780	0.9811	0.9455	0.9622	0.9543	0.9077	0.9342	0.9519	0.9374	0.9712	0.9753	0.9603	0.9846	0.9942	0.9556	0.9959	1.0016	0.9771	1.0232	1.0295	0.9954	1.0016	1.0022	0.9867	0.9902	0.9897	0.9631	0.9978	1.0087	0.9940	0.9968	1.0080	0.9726
CAT	1.0065	1.0209	0.9951	0.9887	1.0057	0.9808	0.9983	1.0123	0.9866	0.9963	1.0097	0.9866	0.9888	1.0095	0.9886	1.0034	1.0205	1.0081	1.0204	1.0240	0.9913	1.0134	1.0236	0.9954	1.0133	1.0403	1.0125	1.0326	1.0500	1.0119	1.0284	1.0361	1.0126	1.0208	1.0369	1.0138	1.0228	1.0311	1.0090	1.0008	1.0299	1.0106	1.0180	1.0355	1.0019	1.0106	1.0352	1.0091	1.0170	1.0225	0.9820	1.0117	1.0221	0.9851	0.9970	1.0119	0.9816	1.0111	1.0134	0.9943	1.0080	1.0271	1.0108	1.0239	1.0355	0.9961	1.0147	1.0136	0.9890	1.0091	1.0227	1.0090	1.0359	1.0539	1.0224	1.0389	1.0425	0.9988	1.0185	1.0384	1.0258	1.0728	1.0992	1.1237	1.1691	1.2296	1.3031	0.7485	0.8235	0.9020	0.9505	0.9952	0.9874	0.9821	1.0086	0.9783	1.0164	1.0653	1.0671	1.1166	1.1483	1.1263	1.1357	1.1465	1.1307	1.1255	1.1368	1.0247	0.9858	1.1044	0.9574	1.3331	1.3981	1.2812	1.2712	1.2409	1.1711	1.1512	1.1382	1.0927	1.0878	1.0990	1.0665	1.0590	1.0703	1.0362	1.0572	1.0831	1.0461	1.0676	1.0665	1.0314	1.0344	1.0363	1.0079	1.0007	1.0182	0.9895	1.0075	1.0142	1.0084	1.0260	1.0429	1.0005	1.0212	1.0300	1.0188	1.0331	1.0526	1.0266	1.0298	1.0514	1.0248	1.0269	1.0547	1.0111	1.0293	1.0305	1.0019	1.0193	1.0444	1.0159	1.0223	1.0345	0.9989	1.0091	1.0246	0.9932	0.9984	1.0185	0.9866	1.0017	1.0090	0.9886	1.0089	1.0164	0.9844	1.0068	1.0276	1.0031	1.0212	1.0364	1.0148	1.0364	1.0569	1.0288	1.0329	1.0425	1.0159	1.0271	1.0523	1.0231	1.0321	1.0428	1.0117	0.9991	1.0065	0.9696
CAC	1.0165	1.0407	1.0102	1.0300	1.0528	1.0273	1.0405	1.0474	1.0125	1.0414	1.0483	1.0188	1.0497	1.0501	1.0210	1.0392	1.0583	1.0181	1.0321	1.0289	1.0042	1.0204	1.0292	0.9907	1.0153	1.0169	0.9869	1.0047	1.0109	0.9795	1.0068	1.0325	1.0092	1.0293	1.0454	1.0127	1.0400	1.0473	0.9974	1.0193	1.0258	0.9768	0.9851	0.9924	0.9452	0.9619	0.9785	0.9484	0.9791	0.9859	0.9449	0.9807	0.9928	0.9667	1.0050	1.0050	0.9731	1.0112	1.0153	0.9818	1.0029	1.0137	0.9810	1.0013	1.0145	0.9792	1.0124	1.0173	0.9861	1.0016	1.0038	0.9774	0.9896	0.9885	0.9420	0.9565	0.9614	0.9078	0.9179	0.9127	0.8803	0.9051	0.9025	0.9037	0.9814	1.0514	1.1784	1.0449	1.1641	1.0428	1.0769	1.0637	1.0043	1.0202	1.0360	0.9626	0.9855	0.9790	0.9441	0.9837	0.9989	1.0034	1.0591	1.0856	1.0805	1.1105	1.1500	1.0417	1.1105	1.1064	0.9410	1.3861	1.2673	1.2130	1.2134	1.1816	1.1269	1.1403	1.1241	1.0686	1.0707	1.0733	1.0327	1.0339	1.0399	1.0008	1.0460	1.0500	1.0101	1.0464	1.0479	1.0255	1.0455	1.0553	1.0087	1.0304	1.0277	0.9860	1.0085	1.0137	0.9828	0.9997	1.0109	0.9816	1.0034	1.0167	0.9963	1.0345	1.0393	1.0132	1.0319	1.0344	0.9998	1.0197	1.0289	0.9968	1.0371	1.0353	1.0140	1.0231	1.0312	1.0058	1.0345	1.0359	0.9894	1.0142	1.0208	0.9852	0.9986	1.0018	0.9609	0.9917	1.0101	0.9844	1.0116	1.0203	0.9991	1.0207	1.0310	1.0060	1.0307	1.0294	0.9930	1.0090	1.0148	0.9899	1.0178	1.0331	0.9938	1.0246	1.0337	0.9972	1.0310	1.0349	1.0023	1.0183	1.0256	1.0023
CAA	0.9851	1.0113	0.9837	0.9998	1.0248	1.0039	0.9958	1.0181	0.9889	0.9901	1.0073	1.0003	1.0094	1.0243	1.0063	1.0077	1.0299	1.0143	1.0178	1.0316	1.0002	0.9901	1.0096	0.9990	0.9950	1.0090	0.9768	0.9792	1.0058	0.9887	1.0046	1.0282	1.0085	1.0117	1.0385	1.0271	1.0294	1.0501	1.0291	1.0291	1.0405	0.9994	0.9986	1.0159	1.0047	1.0111	1.0143	0.9947	0.9982	1.0128	0.9891	1.0007	1.0197	0.9940	0.9951	1.0289	0.9939	0.9991	1.0250	1.0024	1.0019	1.0201	0.9997	1.0025	1.0217	0.9940	0.9797	0.9998	0.9801	0.9895	1.0083	0.9958	0.9946	1.0178	1.0092	1.0080	1.0288	1.0094	1.0159	1.0556	1.0474	1.0861	1.1459	1.1889	1.2801	1.3849	1.5025	0.6194	0.6512	0.7805	0.8564	0.8861	0.8977	0.8911	0.9302	0.9382	1.0244	1.1641	1.1800	1.1806	1.2219	1.1604	1.1305	1.0994	1.0460	0.9812	0.9401	0.8343	0.7605	0.8621	0.7777	0.8009	0.9200	0.8249	0.8192	0.8479	0.8500	0.8755	0.9199	0.9248	0.9565	0.9924	0.9882	1.0001	1.0076	0.9824	0.9890	1.0170	1.0050	1.0195	1.0436	1.0142	1.0094	1.0170	0.9949	1.0008	1.0175	1.0124	1.0212	1.0482	1.0353	1.0342	1.0547	1.0288	1.0248	1.0473	1.0286	1.0180	1.0500	1.0215	1.0279	1.0509	1.0320	1.0280	1.0470	1.0192	1.0433	1.0715	1.0435	1.0547	1.0736	1.0426	1.0490	1.0672	1.0347	1.0396	1.0519	1.0204	1.0224	1.0375	1.0189	1.0203	1.0327	1.0196	1.0222	1.0537	1.0285	1.0461	1.0622	1.0376	1.0433	1.0662	1.0355	1.0350	1.0452	1.0294	1.0232	1.0457	1.0268	1.0311	1.0641	1.0425	1.0448	1.0654	1.0412	1.0409	1.0432	1.0206
CAG	0.9843	0.9960	0.9742	0.9886	1.0100	0.9779	0.9916	1.0044	0.9783	0.9989	1.0122	0.9876	0.9953	1.0130	0.9891	1.0026	1.0070	0.9791	0.9955	1.0226	0.9926	1.0063	1.0128	0.9877	1.0050	1.0151	0.9854	0.9935	1.0080	0.9728	0.9983	1.0078	0.9830	0.9917	1.0051	0.9763	0.9937	1.0180	0.9890	1.0029	1.0236	0.9939	1.0046	1.0218	0.9886	1.0027	1.0210	0.9904	1.0096	1.0377	1.0039	1.0184	1.0302	1.0060	1.0196	1.0264	0.9989	1.0023	1.0145	0.9927	1.0181	1.0304	0.9951	1.0064	1.0189	0.9912	0.9922	0.9966	0.9555	0.9681	0.9808	0.9491	0.9686	0.9756	0.9418	0.9378	0.9345	0.8877	0.8771	0.8714	0.8339	0.8340	0.8504	0.8633	0.9480	1.0443	1.1956	0.9496	1.0795	1.0360	1.0098	1.0195	0.9733	0.9691	0.9993	0.9610	1.0861	1.1808	1.2130	1.2278	1.2145	1.1372	1.0780	1.0490	0.9945	0.9245	0.8971	0.8032	0.7617	0.7771	0.7154	0.7221	0.6536	0.6605	0.6967	0.7387	0.7553	0.8127	0.8534	0.8645	0.9062	0.9362	0.9235	0.9553	0.9735	0.9459	0.9778	0.9947	0.9726	0.9988	1.0098	0.9777	0.9966	1.0109	0.9803	0.9983	1.0122	0.9865	1.0080	1.0215	0.9950	1.0131	1.0251	0.9910	1.0101	1.0204	0.9933	1.0111	1.0243	1.0025	1.0189	1.0355	1.0141	1.0309	1.0404	1.0166	1.0296	1.0345	1.0030	1.0175	1.0340	1.0045	1.0183	1.0311	1.0004	1.0166	1.0246	0.9993	1.0126	1.0254	0.9954	1.0103	1.0205	0.9941	1.0114	1.0236	0.9979	1.0143	1.0246	1.0032	1.0196	1.0357	1.0061	1.0270	1.0385	1.0067	1.0219	1.0334	0.9993	1.0172	1.0327	1.0028	1.0184	1.0266	0.9986	1.0175	1.0274	0.9962
CGT	1.0375	1.0588	1.0259	1.0366	1.0464	1.0224	1.0556	1.0672	1.0301	1.0178	1.0163	0.9774	0.9926	1.0125	0.9992	1.0118	1.0376	0.9941	1.0065	1.0159	0.9922	1.0006	1.0153	0.9892	0.9865	0.9960	0.9701	0.9988	1.0248	1.0138	1.0054	1.0226	0.9980	0.9907	0.9975	0.9689	0.9968	1.0059	0.9712	0.9779	0.9973	0.9810	0.9919	1.0083	0.9913	1.0282	1.0448	1.0184	1.0116	1.0304	1.0039	1.0027	1.0056	0.9681	0.9774	0.9980	0.9693	0.9952	1.0269	1.0021	1.0206	1.0290	1.0026	1.0096	1.0222	0.9968	1.0213	1.0460	1.0247	1.0362	1.0386	1.0135	1.0194	1.0190	0.9978	0.9987	0.9898	0.9327	0.9191	0.9335	0.9015	0.9391	0.9802	1.0282	1.1702	1.3315	1.5156	1.4760	1.1477	1.1542	1.1712	1.1886	1.1704	1.1856	1.2173	1.1916	1.1877	1.1975	1.1503	1.1082	1.0921	1.0304	1.0404	1.0770	1.0345	1.0774	1.1961	1.1331	1.0852	1.2749	1.0665	0.9968	1.1973	1.1256	1.1495	1.1560	1.1225	1.1386	1.1520	1.1072	1.1110	1.1267	1.0736	1.0908	1.1004	1.0632	1.0788	1.0741	1.0441	1.0489	1.0598	1.0196	1.0450	1.0590	1.0403	1.0649	1.0868	1.0446	1.0702	1.0914	1.0590	1.0658	1.0724	1.0353	1.0455	1.0626	1.0147	1.0177	1.0485	1.0320	1.0482	1.0744	1.0339	1.0507	1.0699	1.0335	1.0554	1.0766	1.0514	1.0636	1.0710	1.0406	1.0554	1.0485	1.0115	1.0084	1.0250	1.0061	1.0271	1.0527	1.0166	1.0137	1.0284	0.9967	1.0290	1.0370	1.0154	1.0401	1.0488	1.0233	1.0210	1.0280	0.9906	1.0127	1.0403	1.0037	1.0024	1.0267	1.0058	1.0074	1.0323	1.0040	1.0313	1.0467	1.0103	1.0277	1.0186	0.9701
CGC	0.9542	0.9640	0.9352	0.9503	0.9649	0.9358	0.9851	0.9881	0.9613	0.9893	0.9999	0.9547	0.9822	0.9896	0.9594	0.9904	1.0014	0.9747	0.9975	0.9947	0.9570	0.9977	1.0087	0.9671	0.9886	0.9971	0.9587	0.9751	0.9813	0.9554	0.9811	0.9932	0.9413	0.9625	0.9743	0.9410	0.9747	0.9864	0.9657	0.9931	1.0001	0.9638	0.9972	1.0055	0.9651	0.9915	1.0047	0.9675	0.9952	1.0076	0.9653	1.0027	1.0101	0.9727	0.9982	1.0019	0.9655	0.9976	1.0014	0.9595	0.9860	0.9805	0.9378	0.9689	0.9685	0.9219	0.9592	0.9585	0.9307	0.9738	0.9795	0.9385	0.9784	0.9825	0.9395	0.9227	0.9031	0.8430	0.8175	0.7985	0.7446	0.7713	0.7853	0.8023	0.9351	1.0423	1.2199	1.3992	1.4129	1.1422	1.1592	1.1482	1.1058	1.1451	1.1706	1.1406	1.1466	1.1318	1.0708	1.0380	1.0105	0.9436	0.9768	0.9920	0.9638	1.0265	1.1596	1.0681	1.1306	1.2340	1.0586	0.9019	0.8429	0.8269	0.8668	0.8700	0.8404	0.8706	0.8967	0.8861	0.9332	0.9517	0.9235	0.9774	0.9960	0.9742	1.0133	1.0265	0.9968	1.0335	1.0473	1.0091	1.0412	1.0457	1.0144	1.0551	1.0516	1.0170	1.0570	1.0581	1.0142	1.0523	1.0602	1.0136	1.0448	1.0447	1.0047	1.0275	1.0332	0.9876	1.0069	1.0104	0.9528	0.9894	1.0109	0.9826	1.0271	1.0534	1.0200	1.0422	1.0593	1.0310	1.0605	1.0639	1.0052	1.0230	1.0404	1.0076	1.0516	1.0519	1.0060	1.0341	1.0295	0.9871	1.0310	1.0316	1.0047	1.0314	1.0335	0.9964	1.0266	1.0445	1.0078	1.0412	1.0427	0.9963	1.0184	1.0178	0.9694	1.0078	1.0190	0.9919	1.0192	1.0311	0.9966	1.0136	1.0334	0.9972
CGA	1.0055	1.0270	1.0004	1.0220	1.0303	1.0022	1.0195	1.0502	1.0211	1.0387	1.0688	1.0343	1.0565	1.0768	1.0366	1.0244	1.0299	0.9891	1.0017	1.0308	0.9954	1.0158	1.0423	1.0273	1.0475	1.0706	1.0427	1.0313	1.0358	0.9906	1.0009	1.0288	1.0026	1.0102	1.0323	0.9972	1.0148	1.0248	0.9954	1.0037	1.0375	1.0180	1.0202	1.0482	1.0098	1.0219	1.0444	1.0012	1.0044	1.0302	1.0068	1.0180	1.0409	1.0159	1.0207	1.0376	1.0089	1.0360	1.0558	1.0153	1.0217	1.0465	1.0280	1.0512	1.0820	1.0392	1.0682	1.0849	1.0506	1.0324	1.0527	1.0202	1.0159	1.0222	0.9840	0.9868	0.9964	0.9606	0.9566	0.9805	0.9818	1.0260	1.0843	1.1573	1.3251	1.5218	1.7246	1.5721	0.9145	1.0232	1.0817	1.1086	1.1265	1.2806	1.4132	1.4488	1.4703	1.5218	1.5451	1.5022	1.4995	1.4407	1.4321	1.4626	1.3859	1.3324	1.4183	1.2561	1.2197	1.4153	1.1661	1.0357	1.2266	1.1050	1.0893	1.1024	1.0597	1.0670	1.0809	1.0268	1.0361	1.0590	1.0312	1.0449	1.0382	0.9932	0.9960	1.0145	0.9769	0.9922	1.0282	0.9936	0.9827	0.9862	0.9565	0.9770	0.9842	0.9743	0.9801	1.0116	0.9810	1.0065	1.0325	1.0155	1.0303	1.0508	1.0250	1.0312	1.0524	1.0130	1.0285	1.0415	1.0047	1.0360	1.0438	1.0217	1.0492	1.0687	1.0208	1.0354	1.0511	1.0139	1.0185	1.0266	0.9910	1.0148	1.0158	0.9948	1.0323	1.0481	1.0141	1.0189	1.0254	0.9942	1.0121	1.0380	1.0004	0.9979	1.0073	0.9853	1.0041	1.0161	0.9820	0.9926	1.0087	0.9759	0.9960	1.0229	1.0003	1.0173	1.0415	1.0173	1.0272	1.0434	1.0255	1.0400	1.0425	0.9981
CGG	1.0060	1.0084	0.9788	0.9930	1.0036	0.9804	1.0003	1.0079	0.9722	0.9977	1.0305	0.9977	1.0209	1.0432	1.0107	1.0454	1.0580	1.0133	1.0320	1.0410	0.9868	0.9992	1.0018	0.9569	0.9842	0.9964	0.9631	0.9809	1.0033	0.9832	0.9897	1.0026	0.9690	0.9982	1.0078	0.9808	1.0038	1.0134	0.9828	0.9944	1.0042	0.9647	0.9980	1.0061	0.9752	1.0010	1.0069	0.9720	0.9936	1.0003	0.9768	1.0050	1.0147	0.9822	1.0141	1.0270	0.9882	1.0092	1.0128	0.9785	1.0046	1.0102	0.9770	1.0090	1.0225	0.9958	1.0226	1.0274	0.9972	1.0106	1.0231	0.9835	1.0107	1.0189	0.9664	0.9652	0.9553	0.8673	0.8173	0.7947	0.7100	0.6957	0.6978	0.7033	0.8068	0.9262	1.1094	1.2921	1.2657	1.1696	1.1404	1.1354	1.1100	1.1643	1.2341	1.2204	1.2911	1.3429	1.3325	1.3367	1.3052	1.2203	1.1885	1.1822	1.1139	1.0772	1.1319	1.0567	1.0701	1.2104	1.0185	0.8420	0.7619	0.7258	0.7256	0.7522	0.7472	0.7867	0.8177	0.8357	0.8883	0.9159	0.9082	0.9496	0.9830	0.9625	0.9860	1.0032	0.9900	1.0204	1.0329	0.9838	1.0059	1.0249	0.9992	1.0312	1.0435	1.0073	1.0283	1.0369	0.9957	1.0195	1.0246	1.0002	1.0186	1.0375	0.9953	1.0297	1.0492	1.0090	1.0362	1.0571	1.0182	1.0423	1.0516	1.0218	1.0544	1.0712	1.0230	1.0426	1.0446	1.0037	1.0301	1.0417	1.0032	1.0417	1.0473	1.0101	1.0457	1.0495	1.0011	1.0230	1.0396	0.9926	1.0260	1.0389	0.9959	1.0183	1.0270	0.9904	1.0267	1.0359	1.0008	1.0346	1.0300	0.9840	1.0116	1.0217	0.9925	1.0158	1.0315	0.9795	1.0081	1.0151	0.9876	1.0306	1.0333	0.9944
ATT	1.0254	1.0315	1.0010	1.0023	1.0115	0.9891	0.9913	1.0053	0.9869	1.0025	1.0095	0.9951	1.0106	1.0261	0.9938	1.0068	1.0284	1.0047	1.0221	1.0359	1.0105	1.0254	1.0411	1.0232	1.0399	1.0453	1.0160	1.0312	1.0431	1.0139	1.0289	1.0452	1.0172	1.0270	1.0387	1.0029	1.0157	1.0244	1.0118	1.0408	1.0487	1.0221	1.0328	1.0485	1.0181	1.0373	1.0462	1.0180	1.0336	1.0323	1.0056	1.0156	1.0328	1.0052	1.0183	1.0335	1.0054	1.0226	1.0324	1.0055	1.0137	1.0194	1.0045	1.0173	1.0322	1.0160	1.0269	1.0383	1.0122	1.0266	1.0360	1.0219	1.0364	1.0521	1.0433	1.0793	1.1154	1.1349	1.2090	1.2743	1.2831	1.3109	1.3141	1.2283	1.0932	0.9610	0.5722	0.6995	0.8234	0.9469	1.0187	1.0748	1.0644	1.0894	1.0781	1.0119	0.9333	0.8399	0.7659	0.7553	0.7696	0.7604	0.8143	0.8708	0.8681	0.9147	0.9437	0.9262	0.9528	0.9484	1.3925	1.4559	1.4375	1.3557	1.3147	1.2879	1.2093	1.1666	1.1412	1.0841	1.0776	1.0717	1.0520	1.0657	1.0666	1.0343	1.0383	1.0507	1.0134	1.0173	1.0402	1.0132	1.0280	1.0397	1.0188	1.0362	1.0478	1.0204	1.0258	1.0365	1.0070	1.0121	1.0262	1.0131	1.0156	1.0338	1.0099	1.0234	1.0430	1.0141	1.0230	1.0355	1.0153	1.0279	1.0488	1.0253	1.0372	1.0450	1.0134	1.0292	1.0295	0.9995	1.0091	1.0254	1.0081	1.0302	1.0433	1.0075	1.0177	1.0236	0.9996	1.0147	1.0279	1.0030	1.0160	1.0413	1.0132	1.0197	1.0245	1.0051	1.0202	1.0190	0.9882	1.0015	1.0181	0.9951	1.0071	1.0161	0.9871	0.9987	1.0070	0.9835	0.9904	1.0098	0.9897	1.0095	1.0260	0.9985
ATC	0.9914	0.9999	0.9739	0.9922	0.9990	0.9707	0.9924	0.9938	0.9599	0.9857	0.9919	0.9603	0.9974	0.9952	0.9645	0.9902	0.9912	0.9568	0.9922	1.0052	0.9654	0.9988	1.0102	0.9868	1.0193	1.0255	0.9860	1.0084	1.0160	0.9822	1.0148	1.0250	0.9843	1.0033	1.0184	0.9797	1.0148	1.0210	0.9955	1.0247	1.0312	0.9924	1.0324	1.0360	0.9964	1.0302	1.0389	1.0010	1.0263	1.0342	1.0013	1.0327	1.0367	0.9921	1.0172	1.0256	0.9916	1.0107	1.0190	0.9881	1.0091	1.0095	0.9687	0.9975	0.9983	0.9576	1.0000	1.0145	0.9819	1.0185	1.0324	1.0068	1.0431	1.0659	1.0389	1.1028	1.1273	1.1219	1.1872	1.2099	1.1987	1.2295	1.2245	1.1407	1.0689	1.0187	0.7294	0.8928	1.0138	0.9397	1.0318	1.0499	1.0278	1.0763	1.0679	0.9928	0.9375	0.8652	0.7775	0.7563	0.7540	0.7395	0.7943	0.8194	0.8115	0.8608	0.8650	0.8506	0.9324	0.9176	1.2699	1.4208	1.3574	1.3532	1.3625	1.3325	1.2352	1.2183	1.1931	1.1021	1.1006	1.0888	1.0345	1.0573	1.0590	1.0177	1.0447	1.0438	0.9995	1.0257	1.0224	0.9927	1.0218	1.0268	0.9907	1.0239	1.0336	1.0021	1.0392	1.0433	1.0150	1.0446	1.0414	1.0130	1.0528	1.0648	1.0329	1.0512	1.0568	1.0107	1.0379	1.0404	1.0038	1.0377	1.0444	1.0103	1.0423	1.0432	1.0039	1.0414	1.0460	0.9999	1.0326	1.0453	1.0057	1.0376	1.0433	1.0096	1.0429	1.0437	1.0106	1.0420	1.0483	1.0065	1.0311	1.0409	1.0100	1.0525	1.0628	1.0227	1.0419	1.0484	1.0164	1.0421	1.0430	1.0042	1.0302	1.0436	1.0055	1.0253	1.0273	0.9892	1.0225	1.0281	0.9987	1.0306	1.0387	1.0110
ATA	1.0092	1.0313	1.0033	1.0107	1.0233	1.0137	1.0157	1.0166	1.0061	1.0249	1.0299	1.0011	1.0060	1.0213	0.9964	1.0090	1.0323	1.0061	1.0040	1.0153	0.9974	1.0062	1.0128	0.9938	1.0140	1.0246	1.0096	1.0137	1.0233	1.0017	1.0030	1.0134	0.9896	1.0161	1.0142	0.9929	1.0193	1.0451	1.0210	1.0295	1.0561	1.0363	1.0466	1.0619	1.0300	1.0302	1.0329	1.0078	1.0111	1.0172	1.0050	1.0079	1.0210	1.0009	1.0087	1.0337	1.0170	1.0238	1.0389	1.0088	1.0175	1.0405	1.0194	1.0282	1.0342	1.0217	1.0314	1.0554	1.0298	1.0275	1.0486	1.0178	1.0094	1.0431	1.0233	1.0750	1.1224	1.1650	1.2286	1.3065	1.3294	1.3572	1.3725	1.2648	1.1007	0.9262	0.5268	0.6520	0.6070	0.7599	0.8883	0.9593	0.9832	1.0602	1.1177	1.1077	1.0389	0.9737	0.9244	0.8977	0.9082	0.8871	0.9147	0.9565	0.9392	0.9210	0.9012	0.8653	0.8601	0.8537	1.1399	1.1452	1.3736	1.2983	1.2190	1.2052	1.1374	1.1229	1.1031	1.0604	1.0315	1.0426	1.0286	1.0241	1.0297	0.9935	0.9997	1.0340	1.0150	1.0315	1.0332	1.0040	1.0183	1.0258	1.0073	1.0182	1.0514	1.0298	1.0214	1.0417	1.0111	1.0123	1.0252	0.9939	1.0073	1.0199	0.9887	1.0046	1.0241	0.9978	1.0102	1.0129	0.9843	0.9973	1.0127	0.9908	0.9992	1.0089	0.9961	1.0050	1.0199	0.9947	1.0354	1.0592	1.0208	1.0252	1.0462	1.0131	1.0257	1.0526	1.0412	1.0544	1.0576	1.0324	1.0257	1.0407	1.0128	1.0312	1.0463	1.0263	1.0437	1.0502	1.0313	1.0241	1.0369	1.0156	1.0272	1.0416	1.0269	1.0366	1.0438	1.0189	1.0456	1.0546	1.0156	1.0274	1.0505	1.0146
ATG	1.0108	1.0126	0.9900	1.0094	1.0209	0.9897	1.0062	1.0266	1.0020	1.0184	1.0251	0.9984	1.0213	1.0284	0.9982	1.0167	1.0327	1.0063	1.0218	1.0282	0.9981	1.0112	1.0271	1.0028	1.0179	1.0276	0.9953	1.0072	1.0145	0.9841	0.9944	1.0064	0.9786	1.0038	1.0156	0.9953	1.0147	1.0341	1.0128	1.0361	1.0346	0.9989	1.0104	1.0214	0.9965	1.0118	1.0278	1.0016	1.0205	1.0289	1.0034	1.0172	1.0211	0.9968	1.0109	1.0274	1.0013	1.0261	1.0348	1.0106	1.0330	1.0453	1.0091	1.0250	1.0258	1.0031	1.0226	1.0294	1.0156	1.0276	1.0350	1.0075	1.0181	1.0412	1.0352	1.0724	1.1049	1.1060	1.1650	1.1985	1.1927	1.2125	1.2079	1.1271	1.0453	0.9779	0.7283	0.8936	0.9897	0.9370	0.9881	1.0213	0.9712	0.9373	0.8990	0.8272	0.7937	0.7773	0.7726	0.8223	0.8497	0.8454	0.8740	0.8984	0.8800	0.9031	0.8835	0.8702	0.8823	0.8697	1.3962	1.2806	1.1597	1.1190	1.0951	1.0937	1.0334	1.0210	1.0182	0.9831	0.9945	1.0082	0.9760	0.9966	1.0113	0.9836	0.9947	1.0124	0.9794	1.0064	1.0209	0.9957	1.0228	1.0343	1.0051	1.0226	1.0313	0.9994	1.0167	1.0318	0.9984	1.0201	1.0270	1.0017	1.0190	1.0351	1.0166	1.0330	1.0472	1.0215	1.0331	1.0427	1.0203	1.0347	1.0478	1.0206	1.0328	1.0432	1.0073	1.0202	1.0376	0.9997	1.0214	1.0354	1.0107	1.0351	1.0444	1.0170	1.0392	1.0449	1.0121	1.0234	1.0262	0.9881	1.0031	1.0143	0.9806	1.0082	1.0195	0.9960	1.0072	1.0228	1.0019	1.0239	1.0297	0.9975	1.0036	1.0111	0.9841	1.0070	1.0154	0.9868	1.0039	1.0238	0.9930	1.0080	1.0236	1.0010
ACT	1.0130	1.0220	1.0053	1.0208	1.0351	1.0078	1.0156	1.0293	1.0055	1.0104	1.0176	0.9880	0.9990	1.0125	0.9825	0.9978	1.0114	0.9882	1.0048	1.0132	0.9965	1.0076	1.0168	0.9900	1.0001	1.0100	0.9810	0.9993	1.0126	0.9900	1.0081	1.0149	0.9879	1.0050	1.0107	0.9907	0.9975	1.0097	0.9804	0.9781	0.9954	0.9736	0.9904	0.9971	0.9828	0.9955	1.0084	0.9894	1.0046	1.0160	0.9950	1.0117	1.0133	0.9912	1.0036	1.0109	1.0000	1.0180	1.0260	0.9944	1.0081	1.0171	0.9844	0.9978	1.0078	0.9802	0.9825	0.9946	0.9679	0.9870	1.0003	0.9880	1.0163	1.0212	0.9990	1.0234	1.0367	1.0077	1.0299	1.0394	1.0152	1.0164	1.0103	0.9722	0.9630	0.9474	0.8901	1.0928	1.1012	1.1221	1.0984	1.1168	1.1072	1.1489	1.1467	1.1210	1.0745	1.0316	0.9810	1.0111	1.0379	1.0111	1.0127	1.0249	0.9825	1.0074	0.9954	1.0573	0.9279	0.9213	1.2931	1.1218	1.1027	1.0389	1.0445	1.0341	1.0010	0.9944	0.9935	0.9688	0.9720	0.9891	0.9706	0.9816	0.9986	0.9750	0.9894	1.0080	0.9886	1.0067	1.0175	0.9924	1.0113	1.0304	1.0076	1.0186	1.0188	0.9953	1.0197	1.0408	1.0065	1.0193	1.0301	1.0051	1.0128	1.0277	0.9985	1.0053	1.0183	0.9925	1.0024	1.0134	0.9932	1.0015	1.0031	0.9844	0.9934	0.9934	0.9841	1.0098	1.0259	1.0134	1.0106	1.0314	1.0014	1.0291	1.0462	1.0118	1.0186	1.0413	1.0181	1.0075	1.0291	0.9945	1.0059	1.0193	1.0064	1.0157	1.0317	1.0037	1.0165	1.0171	1.0009	1.0079	1.0179	0.9983	1.0191	1.0234	0.9981	1.0112	1.0205	0.9961	1.0154	1.0238	1.0000	1.0115	1.0338	1.0018
ACC	0.9756	0.9818	0.9569	0.9870	0.9891	0.9629	0.9893	0.9940	0.9655	0.9881	0.9981	0.9545	1.0016	1.0049	0.9704	0.9935	1.0034	0.9683	0.9856	1.0037	0.9727	0.9982	1.0055	0.9626	0.9811	0.9951	0.9780	0.9995	1.0124	0.9796	1.0079	1.0128	0.9792	0.9950	1.0034	0.9709	0.9963	1.0000	0.9642	0.9887	0.9978	0.9735	0.9992	1.0042	0.9773	1.0074	1.0065	0.9832	1.0097	1.0191	0.9929	1.0167	1.0236	1.0002	1.0275	1.0338	0.9929	1.0296	1.0431	0.9905	0.9994	1.0003	0.9728	0.9920	0.9884	0.9642	0.9937	0.9988	0.9629	1.0017	1.0167	0.9790	1.0092	1.0154	0.9815	0.9970	0.9985	0.9634	0.9694	0.9437	0.8929	0.8942	0.8799	0.8382	0.8625	0.9006	0.9399	1.1658	1.2484	1.0560	1.0887	1.0873	1.0724	1.1442	1.1444	1.1001	1.0623	1.0044	0.9294	0.9237	0.9224	0.8914	0.9020	0.9224	0.8860	0.9230	0.9092	0.9557	0.9390	0.8955	1.2881	1.1266	1.0494	1.0347	1.0479	1.0318	0.9769	0.9832	0.9755	0.9443	0.9673	0.9761	0.9485	0.9765	0.9747	0.9631	0.9880	0.9935	0.9597	0.9842	0.9984	0.9643	0.9930	1.0062	0.9832	1.0031	1.0067	0.9909	1.0187	1.0376	0.9989	1.0163	1.0226	1.0066	1.0290	1.0387	1.0045	1.0318	1.0381	1.0036	1.0353	1.0409	1.0071	1.0397	1.0466	1.0096	1.0357	1.0398	1.0063	1.0197	1.0231	0.9864	1.0022	1.0106	0.9782	1.0118	1.0246	0.9966	1.0162	1.0308	1.0061	1.0299	1.0316	0.9936	1.0094	1.0180	0.9870	1.0077	1.0187	0.9803	1.0124	1.0158	0.9950	1.0225	1.0247	0.9894	1.0174	1.0314	1.0019	1.0258	1.0329	1.0016	1.0293	1.0416	1.0090	1.0313	1.0376	1.0119
ACA	0.9963	1.0028	0.9824	0.9875	0.9954	0.9705	0.9740	0.9903	0.9752	0.9968	1.0003	0.9754	0.9899	1.0025	0.9950	1.0105	1.0095	0.9838	0.9893	1.0032	0.9824	0.9963	1.0047	0.9818	0.9962	1.0119	0.9984	1.0146	1.0349	1.0124	1.0289	1.0352	1.0057	1.0136	1.0134	0.9878	1.0036	1.0134	0.9978	1.0120	1.0211	0.9936	0.9944	0.9930	0.9718	0.9753	0.9987	0.9822	1.0000	1.0188	0.9927	1.0125	1.0247	1.0062	1.0215	1.0357	1.0153	1.0270	1.0466	1.0150	1.0193	1.0176	1.0026	1.0106	1.0227	0.9918	0.9912	1.0103	0.9967	1.0002	1.0108	0.9920	1.0130	1.0288	1.0069	1.0348	1.0645	1.0495	1.0791	1.0881	1.0690	1.0920	1.0947	1.0489	1.0373	1.0148	0.9252	1.1321	0.8183	0.9477	1.0146	1.0420	1.0923	1.2182	1.2675	1.2670	1.1777	1.1159	1.0509	1.0352	1.0512	1.0171	1.0213	1.0204	0.9785	0.9774	0.9141	0.9121	0.8081	0.7871	1.1353	1.0369	1.1888	1.1262	1.0724	1.0859	1.0326	1.0170	1.0263	0.9888	0.9977	1.0015	0.9878	0.9972	1.0117	0.9888	1.0048	1.0120	0.9923	1.0122	1.0254	0.9996	1.0183	1.0323	1.0078	1.0109	1.0282	1.0045	1.0119	1.0357	1.0054	1.0180	1.0321	0.9965	1.0149	1.0228	0.9928	1.0116	1.0279	1.0124	1.0226	1.0359	1.0066	1.0228	1.0360	1.0065	1.0226	1.0369	1.0124	1.0275	1.0377	1.0151	1.0291	1.0318	0.9986	1.0120	1.0258	1.0002	1.0234	1.0295	1.0138	1.0298	1.0323	1.0077	1.0058	1.0142	0.9851	1.0009	1.0030	0.9877	1.0054	1.0287	1.0077	1.0209	1.0389	1.0075	1.0163	1.0208	0.9983	1.0142	1.0304	1.0052	1.0128	1.0274	1.0009	1.0139	1.0225	1.0007
ACG	1.0216	1.0257	0.9996	1.0323	1.0103	0.9918	1.0090	1.0044	0.9619	0.9901	0.9739	0.9406	0.9741	0.9969	0.9662	1.0084	0.9960	0.9553	0.9742	0.9908	0.9705	0.9908	0.9889	0.9553	0.9640	0.9567	0.9225	0.9393	0.9505	0.9237	0.9626	0.9666	0.9536	0.9753	0.9727	0.9269	0.9484	0.9705	0.9422	0.9647	0.9694	0.9491	0.9882	0.9949	0.9649	0.9761	0.9891	0.9461	0.9686	0.9697	0.9512	0.9865	1.0013	0.9567	0.9849	1.0038	0.9686	1.0014	1.0097	0.9792	1.0108	1.0306	0.9845	1.0052	1.0121	0.9848	1.0214	1.0129	0.9704	0.9904	0.9927	0.9413	0.9575	0.9765	0.9292	0.9680	0.9738	0.9454	0.9700	0.9816	0.9275	0.9702	0.9577	0.9177	0.9436	0.9720	0.9751	1.2121	1.2384	1.1350	1.1560	1.1618	1.1646	1.3023	1.3134	1.2911	1.2312	1.1752	1.0900	1.0872	1.0660	1.0051	1.0065	1.0334	0.9821	1.0051	0.9726	1.0341	0.9378	0.9088	1.4859	1.2881	1.1814	1.0970	1.0504	1.0538	0.9987	0.9924	0.9802	0.9287	0.9668	0.9536	0.9273	0.9419	0.9552	0.9345	0.9571	0.9768	0.9644	0.9948	1.0022	0.9625	0.9926	1.0025	0.9620	1.0063	1.0262	0.9854	1.0220	1.0098	0.9743	0.9923	1.0025	0.9799	1.0252	1.0379	0.9939	1.0339	1.0409	1.0068	1.0253	1.0292	0.9969	1.0302	1.0221	0.9716	0.9783	0.9799	0.9640	0.9999	1.0103	0.9935	1.0287	1.0365	1.0262	1.0494	1.0542	1.0234	1.0555	1.0712	1.0385	1.0560	1.0643	1.0408	1.0838	1.0841	1.0298	1.0510	1.0484	1.0044	1.0232	1.0261	0.9946	1.0260	1.0443	1.0093	1.0189	1.0271	0.9852	1.0109	1.0190	0.9885	1.0046	1.0195	1.0019	1.0461	1.0514	1.0360
AAT	1.0357	1.0542	1.0197	1.0195	1.0322	1.0097	1.0117	1.0346	1.0097	1.0070	1.0220	0.9923	0.9891	1.0112	0.9871	0.9993	1.0169	1.0065	1.0213	1.0294	0.9992	1.0027	1.0118	0.9877	1.0018	1.0119	0.9975	1.0128	1.0268	1.0005	1.0199	1.0241	1.0079	1.0200	1.0380	1.0156	1.0279	1.0490	1.0208	1.0329	1.0474	1.0117	1.0226	1.0336	1.0048	1.0047	1.0220	0.9992	1.0137	1.0295	1.0087	1.0119	1.0235	1.0118	1.0120	1.0246	1.0005	1.0121	1.0331	1.0038	1.0207	1.0389	1.0172	1.0271	1.0453	1.0223	1.0368	1.0609	1.0213	1.0416	1.0394	0.9980	1.0121	1.0318	1.0196	1.0505	1.1013	1.1039	1.1710	1.2305	1.2618	1.3231	1.3450	1.2695	1.1255	0.9117	0.4604	0.5539	0.6900	0.7743	0.8387	0.9138	0.9272	0.9722	0.9954	0.9847	1.0833	1.1330	1.1309	1.1418	1.1046	1.0407	1.0145	1.0097	0.9550	0.9328	0.9231	0.8853	0.8554	0.9023	0.8669	1.1642	1.1486	1.0900	1.1004	1.0956	1.0618	1.0683	1.0661	1.0300	1.0258	1.0400	1.0104	1.0156	1.0369	1.0157	1.0291	1.0429	1.0175	1.0253	1.0274	1.0046	1.0135	1.0255	0.9938	1.0043	1.0239	1.0060	1.0080	1.0187	1.0004	1.0059	1.0376	1.0148	1.0158	1.0252	1.0068	1.0182	1.0334	1.0055	1.0136	1.0316	1.0044	1.0132	1.0323	1.0048	1.0225	1.0306	1.0165	1.0299	1.0430	1.0185	1.0314	1.0392	1.0098	1.0194	1.0413	1.0134	1.0214	1.0430	1.0073	1.0203	1.0252	0.9932	1.0141	1.0234	1.0031	1.0170	1.0363	0.9980	1.0097	1.0241	0.9941	1.0082	1.0258	1.0034	1.0139	1.0227	0.9857	1.0035	1.0217	0.9912	1.0015	1.0208	0.9947	1.0115	1.0237	0.9948
AAC	1.0125	1.0288	1.0061	1.0114	1.0171	0.9761	1.0049	1.0101	0.9808	1.0038	1.0123	0.9797	0.9931	1.0041	0.9671	0.9896	1.0000	0.9641	0.9951	1.0115	0.9784	1.0060	1.0161	0.9872	1.0056	1.0235	0.9782	1.0001	0.9997	0.9720	1.0045	1.0187	0.9943	1.0219	1.0276	1.0020	1.0257	1.0313	0.9995	1.0240	1.0360	1.0066	1.0215	1.0258	0.9883	1.0082	1.0048	0.9659	0.9968	1.0108	0.9817	1.0186	1.0239	0.9901	1.0127	1.0217	0.9779	1.0030	1.0083	0.9755	0.9959	1.0062	0.9814	1.0055	1.0144	0.9931	1.0266	1.0385	0.9989	1.0296	1.0390	1.0030	1.0360	1.0514	1.0288	1.0777	1.1193	1.1099	1.1781	1.1994	1.1788	1.2143	1.2193	1.1239	1.0465	0.9661	0.6346	0.7770	0.9170	0.8635	0.9465	0.9796	0.9717	1.0114	1.0215	0.9957	1.1023	1.1216	1.0989	1.1121	1.0860	1.0317	1.0332	1.0276	0.9717	0.9457	0.9221	0.8829	0.9117	0.8724	0.9109	1.2253	1.1501	1.1205	1.1531	1.1402	1.0856	1.0853	1.0694	1.0238	1.0366	1.0328	1.0027	1.0229	1.0314	1.0072	1.0329	1.0466	1.0151	1.0343	1.0396	1.0036	1.0235	1.0339	1.0090	1.0241	1.0213	0.9986	1.0273	1.0332	1.0058	1.0301	1.0374	1.0020	1.0221	1.0262	0.9958	1.0269	1.0377	1.0021	1.0320	1.0421	0.9980	1.0288	1.0367	1.0131	1.0363	1.0443	1.0040	1.0266	1.0314	1.0003	1.0277	1.0358	0.9924	1.0089	1.0096	0.9780	1.0035	1.0110	0.9917	1.0220	1.0291	0.9908	1.0217	1.0252	0.9894	1.0087	1.0162	0.9826	1.0094	1.0189	0.9880	1.0202	1.0097	0.9755	1.0063	1.0126	0.9748	1.0030	1.0133	0.9888	1.0142	1.0242	0.9992	1.0207	1.0239	0.9838
AAA	0.9991	1.0207	1.0039	1.0132	1.0240	1.0079	1.0261	1.0459	1.0190	1.0292	1.0411	1.0176	1.0240	1.0317	1.0223	1.0235	1.0345	1.0023	1.0108	1.0311	1.0190	1.0266	1.0420	1.0154	1.0195	1.0331	1.0042	1.0104	1.0295	1.0108	1.0177	1.0451	1.0199	1.0246	1.0409	1.0102	1.0133	1.0265	1.0056	1.0129	1.0260	1.0000	1.0138	1.0267	1.0000	1.0117	1.0328	1.0138	1.0245	1.0515	1.0232	1.0341	1.0510	1.0259	1.0314	1.0413	1.0204	1.0254	1.0397	1.0071	1.0211	1.0382	1.0277	1.0517	1.0763	1.0470	1.0438	1.0673	1.0385	1.0459	1.0638	1.0315	1.0455	1.0741	1.0510	1.0799	1.1348	1.1485	1.2103	1.2837	1.3103	1.3898	1.4504	1.4035	1.3148	1.1027	0.3804	0.4263	0.5395	0.6770	0.7656	0.8193	0.8190	0.8287	0.8136	0.7630	0.7418	0.7457	0.7479	0.8401	0.9600	0.9547	0.9665	0.9975	0.9780	0.9805	0.9749	0.9526	0.9672	1.0249	0.9649	0.9419	1.0521	0.9982	1.0085	1.0576	1.0531	1.0714	1.0980	1.0665	1.0782	1.0933	1.0599	1.0662	1.0881	1.0555	1.0561	1.0702	1.0390	1.0471	1.0601	1.0296	1.0373	1.0511	1.0238	1.0354	1.0526	1.0292	1.0446	1.0632	1.0357	1.0408	1.0526	1.0240	1.0332	1.0483	1.0177	1.0250	1.0436	1.0116	1.0194	1.0303	1.0050	1.0080	1.0314	1.0067	1.0230	1.0447	1.0136	1.0206	1.0436	1.0151	1.0177	1.0395	1.0125	1.0218	1.0389	1.0116	1.0255	1.0474	1.0186	1.0202	1.0427	1.0142	1.0148	1.0343	0.9999	1.0053	1.0270	1.0034	1.0129	1.0250	0.9941	1.0056	1.0333	1.0068	1.0112	1.0348	1.0147	1.0083	1.0311	1.0062	1.0245	1.0485	1.0220	1.0283	1.0467	1.0136
AAG	1.0157	1.0226	0.9893	1.0047	1.0212	0.9929	1.0153	1.0278	1.0055	1.0293	1.0410	1.0046	1.0210	1.0310	0.9975	1.0220	1.0340	0.9921	1.0198	1.0265	0.9931	1.0118	1.0252	0.9948	1.0113	1.0246	0.9939	1.0072	1.0210	0.9886	0.9971	1.0110	0.9776	1.0009	1.0162	0.9805	1.0086	1.0215	0.9950	1.0097	1.0227	0.9921	1.0059	1.0197	0.9844	0.9985	1.0140	0.9834	1.0045	1.0208	0.9915	1.0223	1.0380	1.0028	1.0251	1.0408	1.0089	1.0330	1.0444	1.0070	1.0277	1.0425	1.0017	1.0272	1.0457	1.0079	1.0273	1.0421	1.0109	1.0379	1.0570	1.0266	1.0570	1.0755	1.0559	1.1007	1.1328	1.1270	1.1798	1.2238	1.2160	1.2863	1.3125	1.2318	1.1570	1.0403	0.6091	0.7433	0.8864	0.8891	0.9336	0.9821	0.9718	1.0293	1.0366	0.9990	1.0289	1.0330	1.0246	1.0868	1.0735	1.0142	0.9800	0.9791	0.9291	0.8936	0.8624	0.8488	0.8575	0.8489	0.9707	0.9201	0.8414	0.8424	0.8915	0.9419	0.9489	0.9940	1.0250	1.0071	1.0423	1.0627	1.0314	1.0540	1.0704	1.0347	1.0527	1.0679	1.0308	1.0459	1.0540	1.0155	1.0355	1.0525	1.0112	1.0329	1.0416	1.0083	1.0310	1.0350	1.0032	1.0268	1.0412	1.0083	1.0299	1.0397	1.0008	1.0226	1.0369	0.9998	1.0237	1.0330	1.0003	1.0251	1.0396	0.9968	1.0207	1.0323	0.9927	1.0183	1.0361	1.0101	1.0309	1.0418	1.0083	1.0265	1.0428	1.0087	1.0294	1.0360	0.9979	1.0184	1.0267	0.9858	1.0133	1.0212	0.9876	1.0099	1.0202	0.9895	1.0066	1.0216	0.9904	1.0119	1.0280	0.9954	1.0143	1.0322	1.0028	1.0276	1.0329	1.0018	1.0298	1.0414	1.0140	1.0394	1.0515	1.0124
AGT	0.9995	1.0209	1.0101	1.0218	1.0311	1.0154	1.0270	1.0298	0.9924	0.9982	1.0229	1.0054	1.0199	1.0255	0.9951	1.0072	1.0323	1.0070	1.0036	1.0121	0.9970	1.0142	1.0340	1.0044	1.0031	1.0170	0.9920	1.0069	1.0151	0.9988	1.0018	1.0076	0.9863	0.9974	1.0044	0.9884	1.0077	1.0247	1.0071	1.0225	1.0321	1.0138	1.0288	1.0352	1.0082	1.0153	1.0271	0.9997	1.0202	1.0334	1.0198	1.0119	1.0178	0.9967	1.0045	1.0274	1.0074	1.0318	1.0440	1.0179	1.0279	1.0385	1.0122	1.0241	1.0474	1.0188	1.0102	1.0266	0.9933	1.0011	1.0198	0.9928	1.0134	1.0252	1.0007	1.0206	1.0370	1.0177	1.0244	1.0444	1.0287	1.0484	1.0686	1.0289	1.0134	0.9980	0.8381	1.0280	1.0200	1.0127	1.0127	1.0169	0.9681	0.9343	0.8785	0.8388	0.8404	0.8375	0.8240	0.8137	0.8284	0.8108	0.8281	0.8571	0.8046	0.8157	0.8421	0.8646	0.7885	0.8445	0.8181	0.7500	0.8571	0.8448	0.8978	0.9258	0.9205	0.9604	0.9874	0.9707	0.9778	1.0016	0.9835	0.9968	1.0322	1.0081	1.0083	1.0269	0.9939	1.0090	1.0279	1.0044	1.0164	1.0250	1.0073	1.0039	1.0131	0.9876	0.9849	1.0122	0.9863	0.9999	1.0145	0.9842	0.9924	1.0209	1.0014	1.0132	1.0192	0.9945	1.0032	1.0171	1.0048	1.0202	1.0333	1.0014	1.0011	1.0168	0.9959	1.0178	1.0323	1.0033	1.0169	1.0343	1.0120	1.0266	1.0335	1.0071	1.0049	1.0178	0.9966	1.0122	1.0431	1.0116	1.0267	1.0388	1.0074	1.0198	1.0417	1.0165	1.0278	1.0464	1.0145	1.0206	1.0400	1.0108	1.0306	1.0368	1.0038	1.0105	1.0165	0.9935	1.0029	1.0099	0.9898	1.0083	1.0214	0.9906
AGC	0.9725	0.9872	0.9610	0.9879	1.0058	0.9735	0.9987	1.0020	0.9622	0.9824	0.9931	0.9762	0.9870	0.9946	0.9483	0.9622	0.9715	0.9500	0.9691	0.9693	0.9479	0.9717	0.9883	0.9561	0.9769	0.9930	0.9642	0.9908	0.9973	0.9740	0.9943	1.0024	0.9706	0.9951	1.0130	0.9745	0.9816	0.9984	0.9586	0.9906	1.0046	0.9686	0.9858	1.0050	0.9716	0.9959	0.9984	0.9678	0.9807	0.9905	0.9593	0.9746	0.9835	0.9521	0.9845	1.0007	0.9740	0.9810	0.9904	0.9612	0.9876	0.9921	0.9635	0.9842	0.9971	0.9584	0.9862	0.9979	0.9726	0.9910	1.0002	0.9739	0.9960	1.0001	0.9653	0.9797	0.9897	0.9462	0.9527	0.9481	0.9035	0.9146	0.9131	0.8762	0.8996	0.9289	0.9135	1.1305	1.2477	1.0089	1.0217	1.0222	0.9776	0.9669	0.9208	0.8651	0.8507	0.8212	0.7871	0.7862	0.7937	0.7770	0.8067	0.8382	0.8082	0.8299	0.8477	0.8174	0.8398	0.8768	0.8755	0.7455	0.7062	0.7280	0.7983	0.8179	0.8180	0.8663	0.8945	0.8961	0.9367	0.9576	0.9385	0.9737	0.9799	0.9677	0.9990	0.9943	0.9710	0.9966	1.0202	0.9941	1.0137	1.0233	0.9962	1.0151	1.0254	0.9923	1.0062	1.0143	0.9718	0.9943	1.0046	0.9741	1.0099	1.0098	0.9825	1.0060	1.0224	1.0045	1.0291	1.0412	1.0115	1.0304	1.0357	0.9967	1.0123	1.0172	0.9823	1.0044	1.0243	0.9967	1.0034	1.0105	0.9808	1.0046	1.0100	0.9975	1.0195	1.0287	1.0008	1.0222	1.0271	0.9792	0.9981	1.0059	0.9763	0.9985	1.0131	0.9851	1.0010	1.0084	0.9795	0.9981	1.0067	0.9770	1.0117	1.0189	0.9892	1.0103	1.0211	0.9999	1.0181	1.0298	1.0030	1.0255	1.0327	0.9974
AGA	1.0340	1.0503	1.0229	1.0309	1.0402	1.0168	1.0217	1.0356	1.0160	1.0074	1.0235	1.0119	1.0220	1.0320	1.0025	0.9913	1.0127	0.9956	0.9987	1.0142	0.9925	0.9876	1.0141	1.0047	1.0172	1.0227	1.0022	1.0023	1.0214	0.9914	1.0038	1.0195	0.9992	1.0166	1.0382	1.0179	1.0282	1.0460	1.0244	1.0226	1.0342	1.0113	1.0190	1.0352	1.0148	1.0164	1.0395	1.0106	1.0255	1.0394	1.0084	1.0102	1.0411	1.0192	1.0225	1.0390	1.0036	1.0122	1.0406	1.0230	1.0242	1.0475	1.0229	1.0139	1.0247	1.0011	1.0108	1.0347	1.0130	1.0167	1.0382	1.0155	1.0199	1.0527	1.0386	1.0449	1.0847	1.0940	1.1055	1.1454	1.1367	1.1536	1.1807	1.1553	1.1336	1.0838	0.8223	0.9953	0.8068	0.9309	0.9950	1.0065	0.9967	1.0192	1.0168	0.9993	0.9904	0.9988	0.9944	0.9569	0.9703	0.9290	0.9265	0.9599	0.9090	0.9111	0.9143	0.9148	0.8597	0.9406	0.9394	0.8342	1.0097	0.9617	0.9833	1.0534	1.0407	1.0438	1.0651	1.0275	1.0523	1.0683	1.0438	1.0489	1.0705	1.0463	1.0528	1.0666	1.0499	1.0529	1.0814	1.0505	1.0542	1.0636	1.0403	1.0477	1.0699	1.0337	1.0430	1.0589	1.0326	1.0272	1.0547	1.0362	1.0479	1.0737	1.0565	1.0590	1.0901	1.0530	1.0540	1.0751	1.0292	1.0347	1.0502	1.0191	1.0297	1.0619	1.0396	1.0560	1.0790	1.0434	1.0420	1.0617	1.0349	1.0364	1.0532	1.0297	1.0257	1.0435	1.0124	1.0207	1.0456	1.0196	1.0184	1.0269	1.0103	1.0147	1.0354	1.0026	1.0152	1.0389	1.0141	1.0235	1.0417	1.0071	1.0152	1.0344	1.0112	1.0125	1.0266	0.9961	0.9976	1.0160	0.9718	0.9863	1.0076	0.9970
AGG	1.0077	1.0134	0.9885	1.0090	1.0192	0.9804	0.9863	0.9935	0.9658	0.9994	1.0025	0.9733	0.9937	1.0152	0.9883	0.9990	1.0102	0.9805	0.9870	0.9990	0.9823	0.9997	1.0130	0.9868	0.9863	1.0008	0.9725	0.9928	0.9931	0.9681	0.9818	1.0031	0.9716	1.0017	1.0006	0.9714	0.9934	1.0138	0.9858	0.9989	1.0169	0.9972	1.0010	1.0129	0.9868	0.9988	1.0224	0.9909	1.0145	1.0299	0.9970	1.0111	1.0282	1.0086	1.0196	1.0448	1.0231	1.0293	1.0356	1.0081	1.0223	1.0412	1.0114	1.0096	1.0155	0.9807	0.9890	1.0148	0.9896	1.0099	1.0400	1.0186	1.0352	1.0487	1.0124	1.0237	1.0356	1.0029	0.9855	0.9876	0.9502	0.9482	0.9410	0.8746	0.8769	0.8939	0.8670	1.0930	1.1901	1.0244	1.0215	1.0413	1.0469	1.1345	1.1524	1.1680	1.2653	1.3347	1.3818	1.3687	1.3281	1.2386	1.1770	1.1385	1.0347	0.9583	0.9104	0.8852	0.8246	0.8768	0.9039	0.7278	0.6721	0.7153	0.7334	0.7934	0.8122	0.8683	0.9182	0.9249	0.9669	1.0031	0.9953	1.0182	1.0480	1.0253	1.0388	1.0538	1.0367	1.0374	1.0605	1.0289	1.0409	1.0705	1.0458	1.0560	1.0846	1.0446	1.0503	1.0643	1.0338	1.0542	1.0716	1.0431	1.0570	1.0772	1.0364	1.0530	1.0747	1.0376	1.0649	1.0700	1.0393	1.0654	1.0829	1.0512	1.0585	1.0835	1.0545	1.0587	1.0666	1.0280	1.0420	1.0695	1.0472	1.0637	1.0630	1.0248	1.0312	1.0426	1.0169	1.0401	1.0422	1.0227	1.0290	1.0518	1.0223	1.0280	1.0405	1.0288	1.0360	1.0477	1.0159	1.0348	1.0389	0.9973	1.0046	1.0235	0.9882	1.0063	1.0311	1.0040	1.0358	1.0525	1.0191	1.0368	1.0415	1.0172
GTT	1.0127	1.0247	1.0106	1.0142	1.0200	0.9972	0.9947	1.0121	0.9857	0.9924	1.0079	0.9937	1.0008	1.0065	0.9785	0.9924	1.0080	0.9871	0.9987	1.0018	0.9885	1.0009	1.0205	0.9976	1.0095	1.0199	1.0007	1.0031	1.0131	0.9886	0.9996	1.0252	1.0105	1.0264	1.0452	1.0297	1.0423	1.0515	1.0171	1.0221	1.0293	1.0077	1.0148	1.0255	1.0085	1.0250	1.0330	1.0098	1.0202	1.0280	1.0008	1.0246	1.0385	1.0129	1.0295	1.0454	1.0210	1.0237	1.0327	0.9991	0.9932	1.0194	0.9965	1.0112	1.0244	1.0013	1.0186	1.0382	1.0207	1.0281	1.0358	1.0188	1.0279	1.0340	1.0119	1.0221	1.0421	1.0389	1.0574	1.0746	1.0573	1.0861	1.1072	1.0828	1.1095	1.1247	1.1542	0.9358	1.0010	1.0853	1.0936	1.0846	1.0322	0.9715	0.9511	0.9125	0.9082	0.9009	0.8347	0.8171	0.8242	0.8181	0.8639	0.8693	0.8867	0.9441	1.0324	0.9709	1.0514	1.0031	0.9343	1.1215	1.1247	1.1133	1.1234	1.1475	1.1115	1.0984	1.1061	1.0595	1.0584	1.0527	1.0232	1.0284	1.0391	1.0009	1.0141	1.0243	0.9932	1.0040	1.0223	0.9995	1.0063	1.0146	0.9954	1.0012	1.0110	0.9768	1.0005	1.0216	0.9952	1.0124	1.0172	0.9926	1.0037	1.0163	0.9940	0.9932	1.0039	0.9886	0.9994	1.0145	0.9903	1.0015	1.0210	1.0063	1.0013	1.0154	0.9899	0.9957	1.0071	0.9888	0.9938	1.0084	0.9878	1.0096	1.0335	1.0119	1.0213	1.0294	1.0074	1.0153	1.0317	1.0001	1.0133	1.0264	0.9955	1.0162	1.0387	1.0161	1.0254	1.0397	1.0118	1.0247	1.0315	1.0006	1.0208	1.0234	1.0004	1.0128	1.0185	0.9965	0.9988	1.0122	0.9963	1.0039	1.0181	0.9946
GTC	0.9796	0.9917	0.9645	0.9978	1.0039	0.9702	0.9866	0.9949	0.9636	0.9839	0.9895	0.9628	0.9945	1.0010	0.9796	1.0083	1.0169	0.9780	0.9944	1.0008	0.9733	1.0034	1.0083	0.9799	1.0027	1.0140	0.9813	1.0021	1.0043	0.9628	0.9845	0.9899	0.9696	0.9981	0.9959	0.9713	0.9978	1.0047	0.9794	1.0126	1.0234	0.9809	1.0036	1.0165	0.9844	1.0115	1.0072	0.9715	0.9956	1.0029	0.9772	1.0030	1.0063	0.9731	1.0042	1.0116	0.9748	1.0107	1.0177	0.9797	1.0095	1.0162	0.9692	0.9958	1.0018	0.9714	0.9959	0.9944	0.9563	0.9784	0.9846	0.9497	0.9786	0.9851	0.9467	0.9735	0.9797	0.9532	0.9842	0.9852	0.9499	0.9675	0.9736	0.9559	1.0094	1.0521	1.1333	1.0870	1.1952	0.9998	1.0513	1.0387	0.9927	0.9651	0.9571	0.9070	0.9150	0.9038	0.8260	0.8150	0.8028	0.7862	0.8252	0.8303	0.8165	0.8710	0.9240	0.8722	1.0236	0.9449	0.8329	1.0794	1.0362	1.1179	1.1578	1.1543	1.1117	1.1177	1.1001	1.0474	1.0501	1.0256	0.9780	1.0051	1.0049	0.9663	0.9953	1.0130	0.9965	1.0268	1.0213	0.9983	1.0187	1.0248	0.9978	1.0295	1.0354	1.0040	1.0312	1.0353	1.0002	1.0332	1.0297	1.0000	1.0324	1.0408	1.0134	1.0395	1.0507	1.0116	1.0395	1.0451	1.0057	1.0270	1.0276	1.0033	1.0296	1.0395	1.0209	1.0480	1.0501	1.0089	1.0313	1.0399	1.0124	1.0451	1.0576	1.0331	1.0598	1.0560	1.0129	1.0367	1.0464	1.0147	1.0448	1.0526	1.0188	1.0360	1.0404	0.9946	1.0142	1.0296	0.9984	1.0151	1.0158	0.9819	1.0124	1.0146	0.9890	1.0200	1.0248	0.9977	1.0281	1.0422	1.0161	1.0469	1.0577	1.0262
GTA	1.0031	1.0360	1.0121	1.0111	1.0212	0.9982	1.0079	1.0258	1.0180	1.0350	1.0384	1.0201	1.0189	1.0432	1.0053	1.0183	1.0297	1.0109	1.0202	1.0205	0.9948	1.0028	1.0257	1.0100	1.0219	1.0205	0.9996	1.0226	1.0369	1.0141	1.0162	1.0363	1.0147	1.0231	1.0471	1.0221	1.0113	1.0252	0.9955	1.0089	1.0143	1.0001	1.0062	1.0220	1.0145	1.0182	1.0466	1.0159	1.0223	1.0386	1.0131	1.0101	1.0290	0.9986	1.0031	1.0237	1.0005	1.0091	1.0123	0.9888	0.9880	1.0029	0.9889	1.0003	1.0228	1.0081	1.0183	1.0394	1.0194	1.0349	1.0398	1.0245	1.0269	1.0195	1.0041	1.0192	1.0455	1.0481	1.0930	1.1245	1.1167	1.1310	1.1580	1.1487	1.1823	1.1880	1.2250	0.9483	0.7471	0.8871	0.9329	0.9561	0.9257	0.8777	0.8790	0.8389	0.7789	0.7531	0.7172	0.7255	0.7501	0.7617	0.8036	0.8274	0.8475	0.8929	0.9407	0.8762	0.9435	0.8930	0.7671	0.8394	1.1503	1.1036	1.0950	1.1119	1.0829	1.0760	1.0857	1.0475	1.0264	1.0409	1.0064	1.0107	1.0324	1.0145	1.0225	1.0323	1.0083	1.0052	1.0231	0.9936	1.0166	1.0307	1.0140	1.0308	1.0597	1.0440	1.0573	1.0885	1.0453	1.0432	1.0461	1.0171	1.0264	1.0398	1.0141	1.0243	1.0438	1.0161	1.0242	1.0326	1.0158	1.0124	1.0127	0.9837	0.9853	1.0039	0.9897	0.9944	1.0228	1.0081	1.0188	1.0200	0.9891	1.0103	1.0310	1.0237	1.0174	1.0328	1.0028	1.0195	1.0365	1.0134	1.0358	1.0394	1.0123	1.0107	1.0223	1.0001	0.9980	1.0198	0.9937	1.0114	1.0312	1.0167	1.0253	1.0383	1.0144	1.0119	1.0266	1.0023	1.0106	1.0315	1.0045	0.9998	1.0063	0.9844
GTG	1.0067	1.0155	0.9872	1.0106	1.0143	0.9832	1.0134	1.0190	0.9823	1.0040	1.0147	0.9770	0.9898	0.9985	0.9676	0.9910	0.9925	0.9651	0.9963	1.0082	0.9802	1.0094	1.0172	0.9936	1.0247	1.0338	1.0053	1.0332	1.0369	1.0088	1.0305	1.0340	0.9980	1.0227	1.0250	0.9917	1.0101	1.0236	0.9870	1.0113	1.0147	0.9862	1.0104	1.0229	0.9912	1.0221	1.0182	0.9845	1.0128	1.0162	0.9863	1.0031	1.0126	0.9724	1.0006	1.0116	0.9858	1.0134	1.0199	0.9881	1.0101	1.0245	0.9926	1.0180	1.0208	0.9833	1.0089	1.0108	0.9756	0.9992	1.0086	0.9750	0.9965	1.0051	0.9670	0.9877	0.9909	0.9494	0.9621	0.9626	0.9201	0.9376	0.9428	0.9181	0.9761	1.0380	1.1413	1.1715	1.2081	1.0775	1.0627	1.0596	0.9838	0.9441	0.9287	0.8505	0.8276	0.8246	0.7869	0.8255	0.8365	0.8293	0.8691	0.8629	0.8622	0.9062	0.9497	0.8984	1.0082	0.9537	0.8958	0.9145	0.8460	0.8527	0.8893	0.9187	0.9160	0.9625	0.9780	0.9547	0.9971	1.0099	0.9779	0.9985	1.0052	0.9653	0.9888	0.9955	0.9565	0.9871	0.9902	0.9622	0.9936	1.0062	0.9718	1.0042	1.0108	0.9843	1.0111	1.0248	0.9971	1.0176	1.0255	0.9901	1.0115	1.0124	0.9761	1.0049	1.0096	0.9821	1.0156	1.0238	0.9863	1.0218	1.0309	0.9913	1.0203	1.0244	0.9898	1.0147	1.0151	0.9875	1.0163	1.0198	1.0031	1.0325	1.0331	0.9968	1.0121	1.0171	0.9846	1.0178	1.0295	1.0037	1.0321	1.0393	1.0008	1.0293	1.0384	1.0010	1.0357	1.0388	1.0067	1.0296	1.0400	1.0007	1.0258	1.0396	1.0013	1.0231	1.0250	0.9948	1.0279	1.0310	0.9920	1.0176	1.0353	1.0107
GCT	0.9942	1.0042	0.9782	0.9967	1.0120	0.9912	1.0121	1.0243	0.9963	1.0045	1.0241	1.0033	1.0218	1.0239	0.9861	0.9940	1.0089	0.9838	0.9951	1.0059	0.9848	1.0016	1.0211	1.0022	1.0176	1.0200	0.9958	1.0105	1.0247	1.0000	1.0165	1.0176	0.9857	0.9951	0.9995	0.9729	0.9837	0.9958	0.9608	0.9747	0.9897	0.9734	0.9988	1.0131	0.9956	1.0090	1.0139	0.9902	0.9956	1.0064	0.9834	0.9960	1.0052	0.9867	0.9927	1.0008	0.9753	0.9812	0.9919	0.9669	0.9878	1.0017	0.9699	0.9865	0.9928	0.9797	0.9886	1.0012	0.9820	0.9862	1.0002	0.9694	0.9814	0.9870	0.9642	0.9607	0.9555	0.9065	0.8744	0.8550	0.8133	0.8116	0.8122	0.8070	0.8778	0.9819	1.1383	1.3056	1.1972	1.1621	1.0665	1.0354	0.9769	0.9382	0.9440	0.9550	1.0024	1.0370	1.0058	1.0023	0.9949	0.9380	0.9384	0.9290	0.8970	0.9273	0.9468	1.0105	0.9714	0.9502	0.7876	0.7013	0.7645	0.7754	0.8399	0.8601	0.8519	0.8961	0.9248	0.9282	0.9632	0.9728	0.9500	0.9627	0.9695	0.9524	0.9660	0.9759	0.9616	0.9697	0.9759	0.9525	0.9651	0.9906	0.9745	0.9886	1.0036	0.9832	1.0063	1.0157	0.9893	0.9956	1.0143	0.9956	1.0026	1.0112	0.9847	0.9888	1.0036	0.9796	0.9976	1.0070	0.9895	1.0029	1.0098	0.9882	0.9959	1.0093	0.9871	1.0065	1.0070	0.9792	0.9865	1.0008	0.9829	0.9973	1.0114	0.9783	0.9829	0.9925	0.9717	0.9911	1.0015	0.9887	1.0057	1.0130	0.9908	1.0054	1.0225	0.9929	1.0104	1.0113	0.9840	0.9951	1.0040	0.9751	0.9913	1.0012	0.9835	1.0092	1.0134	0.9976	1.0042	1.0079	0.9875	1.0010	1.0061	0.9821
GCC	0.9737	0.9745	0.9386	0.9655	0.9738	0.9597	0.9821	0.9880	0.9641	0.9866	0.9976	0.9682	0.9939	1.0012	0.9735	0.9890	0.9916	0.9633	0.9855	0.9868	0.9603	0.9813	0.9902	0.9588	0.9888	0.9958	0.9721	1.0049	1.0103	0.9816	1.0055	1.0068	0.9781	1.0058	1.0053	0.9696	0.9860	0.9907	0.9643	0.9812	0.9897	0.9666	0.9872	0.9898	0.9662	0.9899	0.9988	0.9663	0.9962	1.0056	0.9736	1.0012	1.0050	0.9769	0.9979	1.0045	0.9677	0.9917	0.9950	0.9631	0.9899	0.9982	0.9666	0.9921	0.9906	0.9554	0.9811	0.9803	0.9426	0.9739	0.9799	0.9459	0.9627	0.9587	0.9143	0.9076	0.8878	0.8159	0.7945	0.7613	0.6975	0.6920	0.6963	0.6791	0.7538	0.8403	1.0067	1.2163	1.2683	1.0308	1.0170	0.9801	0.9287	0.9092	0.9140	0.9014	0.9529	0.9662	0.9198	0.9262	0.9216	0.8959	0.9174	0.9142	0.8848	0.9169	0.9296	0.9750	1.0924	1.0105	0.8480	0.7171	0.6764	0.7290	0.7653	0.7786	0.7689	0.8195	0.8410	0.8381	0.8909	0.9132	0.8967	0.9405	0.9535	0.9383	0.9613	0.9639	0.9392	0.9702	0.9802	0.9518	0.9862	0.9883	0.9601	0.9873	0.9967	0.9659	0.9864	0.9929	0.9630	0.9946	1.0033	0.9705	1.0008	1.0069	0.9697	0.9983	1.0006	0.9644	0.9941	1.0007	0.9684	0.9987	1.0056	0.9663	0.9909	0.9950	0.9716	1.0013	1.0047	0.9775	1.0027	1.0136	0.9925	1.0146	1.0228	0.9925	1.0308	1.0367	1.0057	1.0324	1.0358	0.9968	1.0228	1.0312	0.9976	1.0295	1.0340	0.9862	1.0100	1.0143	0.9732	0.9880	0.9960	0.9646	0.9996	1.0043	0.9739	1.0034	1.0149	0.9778	0.9976	1.0018	0.9672	0.9941	1.0035	0.9744
GCA	1.0084	1.0251	1.0028	1.0090	1.0161	0.9851	0.9975	0.9995	0.9828	0.9937	1.0040	0.9834	0.9906	1.0017	0.9772	0.9861	0.9986	0.9815	0.9960	1.0119	0.9919	0.9957	1.0050	0.9766	0.9935	1.0080	0.9872	0.9999	1.0154	0.9975	1.0019	1.0116	0.9877	1.0169	1.0252	1.0012	1.0086	1.0129	0.9927	1.0006	1.0157	0.9925	1.0070	1.0160	0.9809	0.9917	1.0078	0.9915	1.0115	1.0205	0.9972	1.0149	1.0251	1.0023	1.0190	1.0235	1.0082	1.0258	1.0276	1.0020	1.0066	1.0186	0.9957	1.0036	1.0088	0.9929	1.0027	1.0118	0.9935	0.9890	1.0042	0.9820	0.9847	0.9881	0.9579	0.9621	0.9517	0.9189	0.9152	0.9140	0.8780	0.8838	0.9167	0.9311	1.0281	1.1547	1.3234	1.4686	0.8731	0.9512	0.9643	0.9360	0.9247	0.9316	0.9601	0.9995	1.0228	1.0849	1.0684	1.0513	1.0424	0.9987	0.9851	0.9550	0.9199	0.9213	0.9016	0.8795	0.8602	0.8042	0.6583	0.6216	0.8367	0.8400	0.8488	0.8885	0.8868	0.9040	0.9360	0.9309	0.9482	0.9644	0.9516	0.9629	0.9881	0.9695	0.9838	1.0027	0.9799	0.9894	0.9898	0.9687	0.9821	0.9962	0.9737	0.9789	0.9913	0.9651	0.9774	0.9896	0.9628	0.9831	1.0010	0.9797	0.9930	1.0013	0.9780	0.9906	1.0040	0.9830	0.9912	1.0141	0.9936	1.0113	1.0357	1.0056	1.0180	1.0287	1.0004	1.0081	1.0022	0.9834	1.0031	1.0190	0.9959	0.9989	1.0091	0.9728	0.9884	1.0155	0.9934	1.0045	1.0135	0.9819	0.9876	0.9987	0.9743	0.9868	0.9906	0.9654	0.9858	1.0069	0.9838	0.9974	1.0245	1.0058	1.0070	1.0140	0.9930	0.9970	1.0081	0.9882	1.0082	1.0212	0.9981	1.0018	1.0071	0.9799
GCG	0.8880	0.8947	0.8938	0.9246	0.9301	0.9019	0.9382	0.9433	0.9067	0.9329	0.9330	0.9067	0.9171	0.9258	0.8954	0.9099	0.9284	0.8861	0.9106	0.9000	0.8718	0.8928	0.8858	0.8654	0.8877	0.9014	0.8808	0.9204	0.9121	0.8908	0.9152	0.9343	0.9165	0.9157	0.9302	0.9076	0.9150	0.9102	0.8900	0.9483	0.9547	0.9311	1.0054	1.0064	0.9747	0.9932	0.9908	0.9364	0.9344	0.9380	0.9143	0.9359	0.9312	0.9060	0.9641	0.9586	0.9210	0.9394	0.9533	0.9298	0.9301	0.9308	0.9034	0.9084	0.9252	0.9049	0.9303	0.9392	0.9130	0.9250	0.9143	0.8848	0.9055	0.9096	0.8604	0.8474	0.8246	0.7464	0.7256	0.6918	0.6393	0.6428	0.6410	0.6356	0.7227	0.8059	0.9652	1.1772	1.1460	1.0264	1.0036	1.0085	0.9624	0.9426	0.9559	0.9742	1.0316	1.0550	1.0393	1.0392	1.0304	0.9944	1.0186	0.9901	0.9612	0.9770	0.9397	1.0217	1.0433	1.0034	0.8553	0.7015	0.6482	0.6259	0.6319	0.6430	0.6470	0.6951	0.7214	0.7410	0.8100	0.8328	0.8337	0.8755	0.8968	0.8892	0.9176	0.9281	0.9161	0.9378	0.9403	0.9255	0.9551	0.9657	0.9257	0.9653	0.9670	0.9277	0.9536	0.9694	0.9499	0.9949	0.9990	0.9841	1.0143	1.0277	1.0066	1.0188	1.0199	0.9794	0.9916	0.9941	0.9510	0.9700	0.9713	0.9499	0.9858	1.0072	0.9832	1.0239	1.0161	1.0004	1.0371	1.0509	1.0253	1.0437	1.0436	0.9942	1.0138	1.0215	0.9951	1.0281	1.0242	0.9945	1.0260	1.0145	0.9801	0.9981	1.0026	0.9808	1.0058	1.0126	0.9781	1.0171	1.0160	0.9767	0.9944	0.9869	0.9521	0.9925	0.9994	0.9648	1.0017	1.0008	0.9679	0.9972	1.0050	0.9903
GAT	1.0094	1.0200	0.9942	1.0132	1.0339	1.0037	1.0205	1.0368	1.0051	1.0185	1.0299	1.0023	1.0078	1.0258	0.9972	1.0127	1.0304	1.0129	1.0225	1.0362	1.0039	1.0253	1.0332	0.9987	1.0121	1.0261	1.0017	1.0126	1.0300	1.0056	1.0158	1.0232	0.9958	1.0058	1.0260	1.0047	1.0234	1.0336	1.0047	1.0286	1.0416	1.0179	1.0198	1.0326	1.0026	1.0195	1.0390	1.0135	1.0243	1.0369	1.0094	1.0279	1.0497	1.0310	1.0363	1.0435	1.0204	1.0382	1.0570	1.0311	1.0376	1.0577	1.0389	1.0504	1.0747	1.0446	1.0630	1.0835	1.0508	1.0707	1.0842	1.0590	1.0727	1.0932	1.0597	1.0707	1.0979	1.0693	1.1057	1.1389	1.1250	1.1653	1.1990	1.1773	1.2124	1.2130	1.2181	0.8266	0.9606	1.0073	0.9862	1.0215	1.0224	1.0902	1.1562	1.1676	1.2812	1.3728	1.3451	1.3384	1.3197	1.2634	1.2549	1.2363	1.1784	1.1925	1.2274	1.1363	1.1699	1.1110	0.9529	1.3628	1.3220	1.2434	1.2778	1.2698	1.2287	1.2331	1.2232	1.1691	1.1510	1.1445	1.0834	1.0792	1.0737	1.0446	1.0386	1.0411	1.0087	1.0100	1.0151	0.9789	0.9827	0.9875	0.9528	0.9743	0.9849	0.9569	0.9756	0.9868	0.9548	0.9739	0.9809	0.9476	0.9573	0.9705	0.9431	0.9540	0.9755	0.9468	0.9577	0.9689	0.9482	0.9585	0.9702	0.9444	0.9540	0.9757	0.9498	0.9624	0.9817	0.9564	0.9666	0.9813	0.9504	0.9607	0.9804	0.9581	0.9694	0.9821	0.9565	0.9708	0.9884	0.9593	0.9722	0.9922	0.9632	0.9797	0.9943	0.9677	0.9715	0.9895	0.9623	0.9842	1.0031	0.9719	0.9941	1.0101	0.9755	0.9842	0.9960	0.9709	0.9828	1.0003	0.9720	0.9798	0.9892	0.9644
GAC	0.9868	0.9920	0.9647	0.9912	1.0038	0.9634	0.9873	0.9953	0.9671	0.9862	0.9978	0.9698	1.0005	1.0057	0.9772	1.0023	1.0107	0.9775	1.0021	1.0089	0.9739	1.0026	1.0145	0.9851	1.0109	1.0201	0.9884	1.0168	1.0239	0.9857	1.0095	1.0221	0.9929	1.0196	1.0348	0.9955	1.0246	1.0314	1.0003	1.0165	1.0291	0.9959	1.0203	1.0331	1.0020	1.0299	1.0393	1.0025	1.0285	1.0287	0.9934	1.0167	1.0246	0.9878	1.0078	1.0136	0.9789	1.0029	1.0156	0.9951	1.0277	1.0354	0.9993	1.0219	1.0286	0.9963	1.0182	1.0352	0.9997	1.0254	1.0442	1.0146	1.0332	1.0436	1.0140	1.0460	1.0610	1.0214	1.0522	1.0663	1.0204	1.0410	1.0464	1.0219	1.0743	1.1160	1.1768	1.0584	1.2027	1.0378	1.0633	1.0652	1.0521	1.1575	1.2265	1.2268	1.3143	1.3653	1.2920	1.2885	1.2834	1.2323	1.2587	1.2415	1.1717	1.1896	1.2148	1.1176	1.2842	1.1694	0.9889	1.4031	1.3150	1.2780	1.3001	1.2879	1.2216	1.2171	1.1951	1.1279	1.1320	1.1136	1.0576	1.0693	1.0640	1.0179	1.0356	1.0354	0.9935	1.0143	1.0173	0.9700	0.9906	1.0000	0.9639	0.9878	0.9954	0.9544	0.9851	0.9851	0.9498	0.9784	0.9866	0.9560	0.9696	0.9795	0.9421	0.9662	0.9816	0.9493	0.9733	0.9784	0.9416	0.9648	0.9704	0.9477	0.9806	0.9889	0.9545	0.9775	0.9883	0.9543	0.9828	0.9939	0.9645	0.9874	0.9935	0.9659	0.9899	0.9917	0.9637	0.9890	0.9992	0.9638	0.9861	0.9957	0.9569	0.9852	0.9896	0.9619	0.9918	1.0003	0.9669	0.9940	1.0067	0.9730	0.9992	0.9968	0.9697	0.9866	0.9889	0.9614	0.9914	0.9908	0.9579	0.9884	0.9944	0.9616
GAA	1.0234	1.0362	1.0140	1.0162	1.0327	1.0105	1.0074	1.0254	0.9950	1.0018	1.0227	1.0005	1.0073	1.0245	0.9942	0.9989	1.0209	0.9934	0.9993	1.0184	0.9930	0.9946	1.0064	0.9817	0.9935	1.0162	0.9965	1.0079	1.0287	1.0091	1.0226	1.0390	1.0115	1.0122	1.0345	1.0114	1.0157	1.0399	1.0093	1.0211	1.0349	1.0112	1.0177	1.0345	1.0127	1.0145	1.0345	1.0136	1.0296	1.0479	1.0149	1.0152	1.0373	1.0077	1.0138	1.0343	1.0157	1.0266	1.0492	1.0237	1.0340	1.0555	1.0309	1.0259	1.0547	1.0347	1.0285	1.0441	1.0215	1.0211	1.0388	1.0189	1.0279	1.0581	1.0389	1.0393	1.0669	1.0579	1.0897	1.1358	1.1469	1.1848	1.2449	1.2606	1.2906	1.2779	1.2544	0.5987	0.6885	0.8255	0.8740	0.9113	0.9360	1.0000	1.0738	1.0652	1.0697	1.1159	1.0617	1.0659	1.1078	1.0869	1.1083	1.1155	1.0752	1.1042	1.1208	1.0703	1.1171	1.0822	0.9200	0.9068	1.0246	0.9772	0.9985	1.0459	1.0318	1.0571	1.0865	1.0466	1.0446	1.0618	1.0217	1.0201	1.0311	0.9953	0.9970	1.0115	0.9821	0.9832	1.0071	0.9733	0.9762	0.9911	0.9671	0.9696	0.9958	0.9755	0.9781	0.9966	0.9748	0.9784	1.0033	0.9786	0.9783	0.9902	0.9657	0.9697	0.9833	0.9670	0.9740	0.9957	0.9715	0.9746	0.9973	0.9861	0.9868	1.0050	0.9755	0.9811	1.0016	0.9805	0.9828	0.9963	0.9704	0.9696	0.9892	0.9648	0.9730	0.9975	0.9681	0.9740	0.9995	0.9756	0.9855	1.0019	0.9802	0.9833	0.9994	0.9755	0.9852	1.0056	0.9733	0.9794	0.9964	0.9635	0.9744	0.9914	0.9644	0.9726	0.9851	0.9560	0.9619	0.9756	0.9535	0.9624	0.9762	0.9559
GAG	0.9970	1.0123	0.9782	0.9990	1.0122	0.9848	1.0070	1.0132	0.9860	1.0021	1.0147	0.9860	1.0040	1.0228	0.9891	1.0113	1.0240	0.9884	1.0123	1.0268	0.9849	1.0096	1.0195	0.9866	0.9961	1.0128	0.9785	0.9915	1.0102	0.9736	0.9947	1.0104	0.9745	0.9944	1.0116	0.9739	0.9952	1.0093	0.9742	0.9968	1.0081	0.9705	0.9968	1.0135	0.9812	1.0093	1.0310	1.0015	1.0220	1.0389	1.0080	1.0263	1.0365	1.0045	1.0227	1.0354	1.0057	1.0180	1.0290	0.9910	1.0156	1.0337	1.0037	1.0203	1.0351	1.0036	1.0081	1.0217	0.9841	1.0046	1.0219	0.9885	1.0125	1.0239	0.9962	1.0147	1.0307	0.9923	1.0038	1.0167	0.9914	1.0119	1.0262	1.0077	1.0568	1.0797	1.1282	0.9310	1.0622	1.0258	1.0022	1.0161	0.9965	1.0417	1.0860	1.0330	1.0547	1.0774	1.0093	1.0268	1.0212	0.9694	0.9642	0.9655	0.9251	0.9457	0.9568	0.9381	1.0343	0.9860	0.8858	0.8781	0.8065	0.7985	0.8541	0.8939	0.9051	0.9583	0.9919	0.9755	1.0036	1.0279	0.9877	1.0029	1.0114	0.9732	0.9840	0.9940	0.9579	0.9733	0.9848	0.9524	0.9694	0.9827	0.9540	0.9765	0.9938	0.9740	0.9942	1.0045	0.9726	0.9929	0.9995	0.9598	0.9776	0.9891	0.9558	0.9799	0.9858	0.9624	0.9862	0.9983	0.9638	0.9881	1.0013	0.9626	0.9875	0.9981	0.9643	0.9921	1.0057	0.9716	0.9952	1.0094	0.9743	0.9927	1.0041	0.9721	0.9903	0.9996	0.9654	0.9799	0.9941	0.9667	0.9829	0.9914	0.9585	0.9834	0.9961	0.9595	0.9793	0.9937	0.9630	0.9814	0.9890	0.9613	0.9826	0.9947	0.9584	0.9811	0.9950	0.9646	0.9849	0.9968	0.9616	0.9827	1.0003	0.9631
GGT	1.0240	1.0219	0.9949	1.0040	1.0188	1.0021	1.0105	1.0274	1.0061	1.0167	1.0310	0.9996	1.0101	1.0275	1.0089	1.0121	1.0169	0.9910	0.9891	0.9944	0.9774	1.0018	1.0085	0.9877	0.9986	1.0193	0.9896	1.0108	1.0130	0.9950	1.0161	1.0239	1.0048	1.0263	1.0388	1.0093	1.0195	1.0338	1.0021	1.0159	1.0272	1.0078	1.0255	1.0341	1.0073	1.0124	1.0263	1.0003	1.0176	1.0099	0.9992	1.0154	1.0262	1.0069	1.0314	1.0388	1.0001	1.0099	1.0184	0.9885	1.0218	1.0281	1.0017	1.0366	1.0503	1.0279	1.0440	1.0527	1.0324	1.0418	1.0579	1.0351	1.0485	1.0486	1.0192	1.0096	0.9837	0.9210	0.8963	0.8612	0.8117	0.8078	0.8027	0.7939	0.8537	0.9446	1.0898	1.2140	1.0522	1.0538	1.0091	0.9810	0.9289	0.9103	0.8832	0.9470	1.1563	1.3175	1.3686	1.3476	1.3207	1.2578	1.2525	1.2269	1.1226	1.1077	1.1215	1.1171	1.0484	1.0049	0.8050	0.7441	0.9012	0.8649	0.9322	0.9423	0.9424	0.9809	0.9900	0.9690	0.9962	1.0125	0.9935	1.0148	1.0177	0.9965	1.0174	1.0270	0.9911	1.0135	1.0203	0.9935	1.0139	1.0297	0.9843	1.0002	1.0175	0.9754	0.9811	0.9863	0.9617	0.9769	1.0004	0.9777	0.9947	1.0138	0.9811	0.9877	0.9993	0.9583	0.9701	0.9829	0.9683	0.9861	1.0051	0.9699	0.9876	0.9987	0.9782	0.9987	1.0094	0.9851	1.0054	1.0147	0.9805	1.0034	1.0011	0.9761	0.9872	0.9967	0.9733	0.9915	1.0018	0.9746	0.9999	1.0155	0.9850	1.0099	1.0236	0.9847	1.0037	1.0179	0.9889	1.0002	1.0056	0.9847	0.9973	1.0015	0.9836	1.0127	1.0234	0.9845	1.0182	1.0391	0.9998	1.0285	1.0378	1.0033
GGC	0.9813	0.9893	0.9641	0.9853	0.9904	0.9647	0.9916	0.9993	0.9707	0.9900	0.9961	0.9719	1.0025	1.0071	0.9733	1.0071	1.0104	0.9812	1.0124	1.0186	0.9872	1.0119	1.0149	0.9804	1.0046	1.0108	0.9714	0.9981	0.9992	0.9632	0.9775	0.9851	0.9584	0.9820	0.9983	0.9644	0.9879	0.9911	0.9593	0.9782	0.9844	0.9557	0.9813	0.9881	0.9544	0.9850	0.9945	0.9695	0.9955	1.0016	0.9674	0.9951	1.0019	0.9689	1.0022	1.0060	0.9765	1.0074	1.0183	0.9902	1.0218	1.0268	0.9983	1.0214	1.0165	0.9767	1.0032	1.0024	0.9637	0.9841	0.9956	0.9589	0.9831	0.9733	0.9247	0.9257	0.9052	0.8346	0.8175	0.7795	0.7110	0.7004	0.6859	0.6675	0.7300	0.8015	0.9627	1.1732	1.2390	0.9875	0.9819	0.9653	0.9182	0.9203	0.9039	0.9314	1.1002	1.1639	1.1763	1.1882	1.1711	1.1325	1.1611	1.1378	1.0555	1.0731	1.0984	1.0385	1.1647	1.0870	0.8899	0.7276	0.6725	0.6927	0.7500	0.7579	0.7550	0.8089	0.8251	0.8317	0.8777	0.8838	0.8831	0.9257	0.9383	0.9119	0.9569	0.9664	0.9444	0.9780	0.9944	0.9652	0.9960	1.0112	0.9780	1.0097	1.0071	0.9770	0.9979	1.0010	0.9625	0.9940	1.0004	0.9687	0.9887	0.9923	0.9559	0.9914	0.9899	0.9641	0.9885	0.9915	0.9539	0.9840	0.9895	0.9613	0.9957	0.9950	0.9631	0.9975	0.9992	0.9763	1.0090	1.0153	0.9850	1.0187	1.0221	0.9946	1.0232	1.0282	0.9936	1.0065	1.0165	0.9784	1.0087	1.0124	0.9641	0.9943	0.9944	0.9639	0.9903	1.0033	0.9663	0.9999	1.0007	0.9722	0.9999	1.0097	0.9724	1.0000	1.0069	0.9710	0.9870	0.9947	0.9689	0.9925	0.9927	0.9598
GGA	1.0350	1.0480	1.0236	1.0433	1.0468	1.0228	1.0312	1.0372	1.0080	1.0145	1.0248	0.9970	1.0143	1.0235	0.9970	1.0127	1.0202	0.9938	1.0057	1.0143	0.9984	1.0145	1.0273	1.0005	1.0101	1.0263	1.0017	1.0091	1.0205	0.9894	1.0094	1.0140	0.9917	1.0183	1.0281	0.9978	1.0021	1.0110	0.9812	0.9950	1.0009	0.9738	0.9889	1.0038	0.9938	1.0179	1.0273	1.0073	1.0206	1.0263	0.9986	1.0059	1.0240	0.9998	1.0094	1.0262	1.0026	1.0198	1.0296	1.0089	1.0205	1.0313	0.9975	1.0005	1.0266	0.9969	1.0262	1.0330	1.0101	1.0247	1.0405	1.0107	1.0119	1.0182	0.9823	0.9827	0.9770	0.9422	0.9529	0.9544	0.9250	0.9331	0.9453	0.9578	1.0451	1.1496	1.2971	1.3355	0.8018	0.9387	0.9561	0.9472	0.9274	0.9780	1.0150	1.0641	1.1918	1.3149	1.3528	1.3247	1.2822	1.2192	1.2060	1.1644	1.0637	1.0141	1.0089	0.9587	0.9396	0.9018	0.7192	0.6470	0.8399	0.7954	0.8492	0.9079	0.9197	0.9678	1.0017	0.9831	1.0046	1.0235	1.0013	1.0181	1.0293	1.0053	1.0146	1.0239	0.9988	1.0062	1.0145	0.9937	1.0058	1.0158	0.9915	1.0156	1.0243	1.0024	1.0081	1.0196	0.9985	1.0174	1.0302	1.0014	1.0106	1.0163	0.9849	0.9966	1.0049	0.9761	0.9963	1.0129	0.9899	1.0036	1.0145	0.9999	1.0073	1.0223	0.9946	1.0051	1.0216	0.9980	1.0105	1.0138	0.9893	0.9934	1.0118	0.9977	1.0111	1.0283	1.0065	1.0258	1.0460	1.0153	1.0305	1.0399	1.0114	1.0210	1.0242	0.9932	1.0083	1.0216	0.9905	1.0059	1.0071	0.9893	1.0105	1.0125	0.9920	1.0119	1.0201	1.0006	1.0174	1.0305	1.0074	1.0192	1.0311	0.9985
GGG	1.0055	1.0065	0.9828	1.0033	1.0167	0.9910	1.0194	1.0310	0.9937	1.0168	1.0261	0.9832	0.9957	1.0098	0.9762	0.9913	0.9943	0.9785	1.0034	1.0086	0.9782	1.0030	1.0081	0.9956	1.0157	1.0193	0.9833	1.0086	1.0135	0.9694	0.9889	1.0023	0.9725	0.9909	0.9968	0.9702	0.9957	0.9994	0.9679	1.0027	1.0057	0.9790	1.0078	1.0013	0.9730	0.9857	0.9959	0.9620	0.9873	0.9993	0.9786	1.0064	1.0080	0.9804	1.0064	1.0161	0.9811	1.0039	1.0119	0.9914	1.0129	1.0228	0.9845	1.0208	1.0283	0.9916	1.0306	1.0356	0.9995	1.0145	1.0231	0.9844	0.9992	1.0015	0.9398	0.9315	0.9093	0.8406	0.8088	0.7730	0.6996	0.6735	0.6502	0.6134	0.6634	0.7422	0.9027	1.0927	1.2387	1.0580	1.0002	0.9744	0.9379	0.9644	0.9760	0.9870	1.1389	1.2459	1.2735	1.3180	1.2988	1.2310	1.2210	1.1891	1.0916	1.0476	1.0246	1.0306	1.1661	1.1368	0.9266	0.7316	0.6455	0.6293	0.6400	0.6535	0.6616	0.7269	0.7631	0.7863	0.8369	0.8752	0.8828	0.9285	0.9430	0.9270	0.9644	0.9804	0.9622	0.9999	1.0067	0.9766	0.9950	0.9945	0.9587	0.9879	1.0006	0.9688	0.9948	1.0054	0.9850	0.9994	1.0036	0.9761	1.0007	1.0088	0.9693	0.9853	0.9893	0.9697	0.9991	1.0166	0.9785	0.9949	1.0006	0.9766	1.0038	1.0134	0.9817	0.9934	0.9943	0.9624	0.9952	0.9942	0.9680	0.9868	0.9937	0.9676	1.0020	1.0148	0.9829	1.0117	1.0229	0.9985	1.0331	1.0329	0.9994	1.0248	1.0445	1.0134	1.0338	1.0382	1.0137	1.0288	1.0329	0.9886	1.0151	1.0178	0.9881	1.0181	1.0260	0.9882	1.0127	1.0204	0.9862	1.0100	1.0130	0.9815
