Gradient Profiler Text Data File: 293t_hrgfp_leu.csv,,,
Version: 1.88,,,
Date: 2017-02-21,,,
Time: 19:11:05,,,
,,,
User: Alicia,,,
Experiment name: 20170221_RPb_polysome_1through6,,,
UV Unit: EM-1,,,
Rotor Manufacturer: Beckman,,,
Rotor Model: SW41Ti,,,
Speed: 35000 rpm,,,
Gradient: sucrose 10.0% to 50.0% w/v,,,
Time: 180,,,
w2t:  x 10^0,,,
Sample Volume: 0.25 ml,,,
Number of Tubes: 8,,,
Volume per mm: 0.143 ml/mm,,,
Temperature: 4.0 deg C,,,
,,,
Absorbance Units Full Scale (AUFS): 2.00,,,
Manual-triggered gradient; (with distance; but no event marks),,,
Delay: No Delay,,,
UV Wavelength: 254 nm,,,
Samples / sec: 6 Hz,,,
EM1 Speed: 0.22 mm/sec,,,
Distance: 2.02 mm,,,
Number: 52,,,
Dead Volume: 0.000000 ml; Distance due to Dead Volume: 0.00 mm,,,
Length of Tubing: 0 mm,,,
Total Distance: 105.04 mm,,,
,,,
Data Columns:,,,
Distance, Absorbance, Fraction Number, Fraction Volume(ml)
0.04,0.047034, , 
0.07,0.047024, , 
0.11,0.046962, , 
0.15,0.047034, , 
0.19,0.046988, , 
0.22,0.047036, , 
0.26,0.046992, , 
0.3,0.046964, , 
0.33,0.046871, , 
0.37,0.046643, , 
0.4,0.046582, , 
0.44,0.046453, , 
0.48,0.046493, , 
0.51,0.046493, , 
0.55,0.046489, , 
0.59,0.046443, , 
0.63,0.046437, , 
0.66,0.046715, , 
0.7,0.046832, , 
0.74,0.046947, , 
0.77,0.046955, , 
0.81,0.046925, , 
0.85,0.046935, , 
0.88,0.046877, , 
0.92,0.046947, , 
0.96,0.046849, , 
0.99,0.046701, , 
1.03,0.046532, , 
1.06,0.046493, , 
1.1,0.046499, , 
1.14,0.046453, , 
1.18,0.046497, , 
1.21,0.046429, , 
1.25,0.046477, , 
1.29,0.046495, , 
1.32,0.046441, , 
1.36,0.046493, , 
1.39,0.046429, , 
1.43,0.04652, , 
1.47,0.046507, , 
1.5,0.046481, , 
1.54,0.046485, , 
1.58,0.046409, , 
1.62,0.046465, , 
1.65,0.046459, , 
1.69,0.046473, , 
1.73,0.046473, , 
1.76,0.046457, , 
1.8,0.046497, , 
1.83,0.046479, , 
1.87,0.046514, , 
1.91,0.046453, , 
1.94,0.046455, , 
1.98,0.046503, , 
2.02,0.046485, , 
2.06,0.046552, , 
2.09,0.046445, , 
2.13,0.046499, , 
2.17,0.046467, , 
2.2,0.046495, , 
2.24,0.046544, , 
2.27,0.046629, , 
2.31,0.046925, , 
2.35,0.046957, , 
2.38,0.047117, , 
2.42,0.047321, , 
2.46,0.047448, , 
2.5,0.047692, , 
2.53,0.047855, , 
2.57,0.048041, , 
2.61,0.048237, , 
2.64,0.048467, , 
2.68,0.048523, , 
2.71,0.048495, , 
2.75,0.048566, , 
2.79,0.048509, , 
2.82,0.048552, , 
2.86,0.048539, , 
2.9,0.048519, , 
2.94,0.048515, , 
2.97,0.048493, , 
3.01,0.048537, , 
3.05,0.048477, , 
3.08,0.048483, , 
3.12,0.048499, , 
3.15,0.048455, , 
3.19,0.048507, , 
3.23,0.048443, , 
3.26,0.048519, , 
3.3,0.048479, , 
3.34,0.048499, , 
3.38,0.048501, , 
3.41,0.048725, , 
3.45,0.051056, , 
3.49,0.062287, , 
3.52,0.100653, , 
3.56,0.182886, , 
3.59,0.281162, , 
3.63,0.395675, , 
3.67,0.510949, , 
3.71,0.634587, , 
3.74,0.742072, , 
3.78,0.859791, , 
3.82,0.9828, , 
3.85,1.09091, , 
3.89,1.189031, , 
3.93,1.252254, , 
3.96,1.280635, , 
4,1.292161, , 
4.03,1.29541, , 
4.07,1.296758, , 
4.11,1.297298, , 
4.15,1.297979, , 
4.18,1.298574, , 
4.22,1.29949, , 
4.26,1.300824, , 
4.29,1.302285, , 
4.33,1.304097, , 
4.37,1.305763, , 
4.4,1.30762, , 
4.44,1.309795, , 
4.47,1.311906, , 
4.51,1.31469, , 
4.55,1.317259, , 
4.59,1.320363, , 
4.62,1.322968, , 
4.66,1.325756, , 
4.7,1.328503, , 
4.73,1.331025, , 
4.77,1.333729, , 
4.8,1.336291, , 
4.84,1.338949, , 
4.88,1.341098, , 
4.91,1.343447, , 
4.95,1.345913, , 
4.99,1.348017, , 
5.03,1.350285, , 
5.06,1.352214, , 
5.1,1.354186, , 
5.14,1.356272, , 
5.17,1.357973, , 
5.21,1.36003, , 
5.24,1.361694, , 
5.28,1.363605, , 
5.32,1.364959, , 
5.35,1.366388, , 
5.39,1.367895, , 
5.43,1.369285, , 
5.47,1.370631, , 
5.5,1.371671, , 
5.54,1.372663, , 
5.58,1.373579, , 
5.61,1.374239, , 
5.65,1.37475, , 
5.69,1.37501, , 
5.72,1.375081, , 
5.76,1.374768, , 
5.79,1.37431, , 
5.83,1.373438, , 
5.87,1.372292, , 
5.9,1.370803, , 
5.94,1.368741, , 
5.98,1.366517, , 
6.02,1.363561, , 
6.05,1.360714, , 
6.09,1.357451, , 
6.13,1.353332, , 
6.16,1.349182, , 
6.2,1.344121, , 
6.23,1.339274, , 
6.27,1.333406, , 
6.31,1.32775, , 
6.34,1.321759, , 
6.38,1.314646, , 
6.42,1.307951, , 
6.46,1.299893, , 
6.49,1.292189, , 
6.53,1.283242, , 
6.57,1.274699, , 
6.6,1.26581, , 
6.64,1.255337, , 
6.67,1.245379, , 
6.71,1.23377, , 
6.75,1.222999, , 
6.78,1.211859, , 
6.82,1.199209, , 
6.86,1.187305, , 
6.9,1.17361, , 
6.93,1.160803, , 
6.97,1.146355, , 
7,1.133489, , 
7.04,1.117845, , 
7.08,1.10394, , 
7.12,1.088436, , 
7.15,1.074023, , 
7.19,1.058177, , 
7.23,1.043418, , 
7.26,1.028609, , 
7.3,1.011439, , 
7.33,0.99618, , 
7.37,0.980453, , 
7.41,0.96492, , 
7.44,0.950312, , 
7.48,0.934422, , 
7.52,0.91933, , 
7.56,0.902015, , 
7.59,0.888225, , 
7.63,0.873537, , 
7.67,0.857045, , 
7.7,0.842779, , 
7.74,0.828273, , 
7.78,0.812531, , 
7.81,0.797757, , 
7.85,0.782144, , 
7.88,0.768818, , 
7.92,0.753031, , 
7.96,0.739406, , 
8,0.724765, , 
8.03,0.711423, , 
8.07,0.698278, , 
8.11,0.683752, , 
8.14,0.670854, , 
8.18,0.656935, , 
8.22,0.64442, , 
8.25,0.631919, , 
8.29,0.618174, , 
8.32,0.60604, , 
8.36,0.592684, , 
8.4,0.580777, , 
8.44,0.568068, , 
8.47,0.556863, , 
8.51,0.546037, , 
8.55,0.534039, , 
8.58,0.523385, , 
8.62,0.51201, , 
8.66,0.502119, , 
8.69,0.492508, , 
8.73,0.48215, , 
8.76,0.473534, , 
8.8,0.463275, , 
8.84,0.454439, , 
8.88,0.444852, , 
8.91,0.436335, , 
8.95,0.42817, , 
8.99,0.419187, , 
9.02,0.411289, , 
9.06,0.402931, , 
9.09,0.395507, , 
9.13,0.387466, , 
9.17,0.380224, , 
9.2,0.373347, , 
9.24,0.365865, , 
9.28,0.359255, , 
9.32,0.352101, , 
9.35,0.345901, , 
9.39,0.340041, , 
9.43,0.33368, , 
9.46,0.328047, , 
9.5,0.322031, , 
9.53,0.316751, , 
9.57,0.31107, , 
9.61,0.305961, , 
9.64,0.301092, , 
9.68,0.295892, , 
9.72,0.291414, , 
9.76,0.288295, , 
9.79,0.282056, , 
9.83,0.277061, , 
9.87,0.272816, , 
9.9,0.268835, , 
9.94,0.264472, , 
9.97,0.260563, , 
10.01,0.25885, , 
10.05,0.252807, , 
10.08,0.249011, , 
10.12,0.245082, , 
10.16,0.241549, , 
10.2,0.237602, , 
10.23,0.234168, , 
10.27,0.232665, , 
10.31,0.227656, , 
10.34,0.223964, , 
10.38,0.220483, , 
10.41,0.217313, , 
10.45,0.214197, , 
10.49,0.210878, , 
10.52,0.209484, , 
10.56,0.204411, , 
10.6,0.201321, , 
10.64,0.198317, , 
10.67,0.195694, , 
10.71,0.192905, , 
10.75,0.189908, , 
10.78,0.189117, , 
10.82,0.184902, , 
10.85,0.182021, , 
10.89,0.179444, , 
10.93,0.176994, , 
10.96,0.174813, , 
11,0.172113, , 
11.04,0.169942, , 
11.07,0.167629, , 
11.11,0.165474, , 
11.15,0.163305, , 
11.19,0.161065, , 
11.22,0.159146, , 
11.26,0.157173, , 
11.3,0.155397, , 
11.33,0.153567, , 
11.37,0.151696, , 
11.4,0.149975, , 
11.44,0.148326, , 
11.48,0.146754, , 
11.51,0.145271, , 
11.55,0.143863, , 
11.59,0.142586, , 
11.63,0.141028, , 
11.66,0.139585, , 
11.7,0.138152, , 
11.74,0.137018, , 
11.77,0.135715, , 
11.81,0.134518, , 
11.84,0.133376, , 
11.88,0.132155, , 
11.92,0.131041, , 
11.96,0.129913, , 
11.99,0.128961, , 
12.03,0.127888, , 
12.07,0.126862, , 
12.1,0.125837, , 
12.14,0.124796, , 
12.18,0.123809, , 
12.21,0.122924, , 
12.25,0.122118, , 
12.28,0.121346, , 
12.32,0.120585, , 
12.36,0.11981, , 
12.4,0.118981, , 
12.43,0.118311, , 
12.47,0.117522, , 
12.51,0.116822, , 
12.54,0.116004, , 
12.58,0.115223, , 
12.61,0.114501, , 
12.65,0.113724, , 
12.69,0.112917, , 
12.72,0.112199, , 
12.76,0.111396, , 
12.8,0.110609, , 
12.84,0.10981, , 
12.87,0.109126, , 
12.91,0.108278, , 
12.95,0.107576, , 
12.98,0.106813, , 
13.02,0.106028, , 
13.05,0.10509, , 
13.09,0.104135, , 
13.13,0.103274, , 
13.16,0.102426, , 
13.2,0.101655, , 
13.24,0.100919, , 
13.28,0.100055, , 
13.31,0.099377, , 
13.35,0.098631, , 
13.39,0.097886, , 
13.42,0.097186, , 
13.46,0.096665, , 
13.49,0.09601, , 
13.53,0.095344, , 
13.57,0.094506, , 
13.6,0.093743, , 
13.64,0.093146, , 
13.68,0.092541, , 
13.72,0.091899, , 
13.75,0.09129, , 
13.79,0.090723, , 
13.83,0.09015, , 
13.86,0.089429, , 
13.9,0.088824, , 
13.93,0.088245, , 
13.97,0.087819, , 
14.01,0.087296, , 
14.04,0.0868, , 
14.08,0.086296, , 
14.12,0.085779, , 
14.16,0.085392, , 
14.19,0.085004, , 
14.23,0.08455, , 
14.27,0.083989, , 
14.3,0.083555, , 
14.34,0.083273, , 
14.37,0.082968, , 
14.41,0.082682, , 
14.45,0.08231, , 
14.48,0.081935, , 
14.52,0.081691, , 
14.56,0.081297, , 
14.6,0.081007, , 
14.63,0.080714, , 
14.67,0.080468, , 
14.71,0.080204, , 
14.74,0.079962, , 
14.78,0.079719, , 
14.81,0.079386, , 
14.85,0.079158, , 
14.89,0.078884, , 
14.92,0.078652, , 
14.96,0.078462, , 
15,0.07821, , 
15.04,0.078043, , 
15.07,0.077748, , 
15.11,0.07751, , 
15.15,0.077288, , 
15.18,0.077147, , 
15.22,0.076939, , 
15.25,0.076711, , 
15.29,0.076598, , 
15.33,0.076329, , 
15.36,0.076172, , 
15.4,0.076009, , 
15.44,0.075734, , 
15.48,0.075613, , 
15.51,0.075464, , 
15.55,0.075284, , 
15.59,0.075109, , 
15.62,0.074889, , 
15.66,0.074731, , 
15.69,0.074632, , 
15.73,0.074521, , 
15.77,0.074233, , 
15.8,0.074142, , 
15.84,0.074011, , 
15.88,0.073821, , 
15.92,0.073686, , 
15.95,0.073541, , 
15.99,0.07342, , 
16.03,0.073173, , 
16.06,0.073127, , 
16.1,0.073159, , 
16.13,0.073014, , 
16.17,0.072849, , 
16.21,0.072653, , 
16.25,0.072665, , 
16.28,0.072649, , 
16.32,0.072594, , 
16.36,0.072623, , 
16.39,0.072602, , 
16.43,0.072627, , 
16.47,0.07256, , 
16.5,0.072544, , 
16.54,0.072606, , 
16.57,0.072536, , 
16.61,0.072572, , 
16.65,0.072536, , 
16.69,0.072608, , 
16.72,0.072564, , 
16.76,0.07255, , 
16.8,0.072651, , 
16.83,0.072744, , 
16.87,0.072992, , 
16.9,0.073014, , 
16.94,0.073097, , 
16.98,0.07327, , 
17.01,0.073403, , 
17.05,0.073648, , 
17.09,0.073791, , 
17.13,0.074126, , 
17.16,0.074364, , 
17.2,0.074683, , 
17.24,0.0751, , 
17.27,0.075444, , 
17.31,0.076087, , 
17.34,0.0766, , 
17.38,0.077155, , 
17.42,0.077796, , 
17.45,0.078543, , 
17.49,0.079606, , 
17.53,0.080424, , 
17.57,0.081481, , 
17.6,0.082452, , 
17.64,0.083745, , 
17.68,0.085277, , 
17.71,0.086501, , 
17.75,0.087982, , 
17.78,0.08952, , 
17.82,0.09136, , 
17.86,0.092884, , 
17.89,0.094712, , 
17.93,0.096887, , 
17.97,0.098713, , 
18.01,0.10085, , 
18.04,0.102836, , 
18.08,0.104846, , 
18.12,0.107156, , 
18.15,0.109009, , 
18.19,0.111442, , 
18.22,0.113494, , 
18.26,0.115811, , 
18.3,0.117643, , 
18.33,0.119695, , 
18.37,0.121866, , 
18.41,0.123779, , 
18.45,0.125805, , 
18.48,0.127589, , 
18.52,0.129373, , 
18.56,0.131163, , 
18.59,0.132595, , 
18.63,0.134193, , 
18.66,0.135368, , 
18.7,0.136768, , 
18.74,0.137771, , 
18.77,0.138875, , 
18.81,0.139993, , 
18.85,0.140753, , 
18.89,0.141452, , 
18.92,0.141982, , 
18.96,0.142497, , 
19,0.142781, , 
19.03,0.14291, , 
19.07,0.143036, , 
19.1,0.142955, , 
19.14,0.14288, , 
19.18,0.142616, , 
19.21,0.142432, , 
19.25,0.142079, , 
19.29,0.141629, , 
19.33,0.141078, , 
19.36,0.140576, , 
19.4,0.139991, , 
19.44,0.139288, , 
19.47,0.138584, , 
19.51,0.137767, , 
19.54,0.137059, , 
19.58,0.136108, , 
19.62,0.135144, , 
19.66,0.134211, , 
19.69,0.133281, , 
19.73,0.132297, , 
19.77,0.131167, , 
19.8,0.130095, , 
19.84,0.12904, , 
19.88,0.127825, , 
19.91,0.126778, , 
19.95,0.125559, , 
19.98,0.124504, , 
20.02,0.123303, , 
20.06,0.122161, , 
20.1,0.121025, , 
20.13,0.119861, , 
20.17,0.118593, , 
20.21,0.11737, , 
20.24,0.116236, , 
20.28,0.115086, , 
20.31,0.113924, , 
20.35,0.112857, , 
20.39,0.11165, , 
20.42,0.110453, , 
20.46,0.109134, , 
20.5,0.107931, , 
20.54,0.106813, , 
20.57,0.105808, , 
20.61,0.104777, , 
20.65,0.103639, , 
20.68,0.102537, , 
20.72,0.101458, , 
20.75,0.100346, , 
20.79,0.099432, , 
20.83,0.098447, , 
20.86,0.097513, , 
20.9,0.096484, , 
20.94,0.095509, , 
20.98,0.094526, , 
21.01,0.093649, , 
21.05,0.092862, , 
21.09,0.092054, , 
21.12,0.091257, , 
21.16,0.090551, , 
21.19,0.089754, , 
21.23,0.088989, , 
21.27,0.088251, , 
21.3,0.087551, , 
21.34,0.086984, , 
21.38,0.086362, , 
21.42,0.085761, , 
21.45,0.085135, , 
21.49,0.084588, , 
21.53,0.084034, , 
21.56,0.083485, , 
21.6,0.082966, , 
21.63,0.082397, , 
21.67,0.081921, , 
21.71,0.081428, , 
21.74,0.080882, , 
21.78,0.080448, , 
21.82,0.08001, , 
21.86,0.079622, , 
21.89,0.079173, , 
21.93,0.078811, , 
21.97,0.078448, , 
22,0.077942, , 
22.04,0.077619, , 
22.07,0.07726, , 
22.11,0.076991, , 
22.15,0.076578, , 
22.18,0.076293, , 
22.22,0.076021, , 
22.26,0.075706, , 
22.3,0.075381, , 
22.33,0.075098, , 
22.37,0.074836, , 
22.41,0.074608, , 
22.44,0.074299, , 
22.48,0.074126, , 
22.51,0.073795, , 
22.55,0.073553, , 
22.59,0.073282, , 
22.62,0.07306, , 
22.66,0.07282, , 
22.7,0.072528, , 
22.74,0.072312, , 
22.77,0.072094, , 
22.81,0.07193, , 
22.85,0.071694, , 
22.88,0.0714, , 
22.92,0.071234, , 
22.95,0.071075, , 
22.99,0.070869, , 
23.03,0.070637, , 
23.07,0.070494, , 
23.1,0.070278, , 
23.14,0.070114, , 
23.18,0.069905, , 
23.21,0.069689, , 
23.25,0.069531, , 
23.29,0.069317, , 
23.32,0.06913, , 
23.36,0.068946, , 
23.39,0.068706, , 
23.43,0.068639, , 
23.47,0.068462, , 
23.51,0.068232, , 
23.54,0.068109, , 
23.58,0.067895, , 
23.62,0.067735, , 
23.65,0.067606, , 
23.69,0.067576, , 
23.73,0.067372, , 
23.76,0.067193, , 
23.8,0.067114, , 
23.83,0.067031, , 
23.87,0.067021, , 
23.91,0.066755, , 
23.95,0.066634, , 
23.98,0.066591, , 
24.02,0.066547, , 
24.06,0.066623, , 
24.09,0.066537, , 
24.13,0.066583, , 
24.17,0.066567, , 
24.2,0.066708, , 
24.24,0.066892, , 
24.27,0.066989, , 
24.31,0.067106, , 
24.35,0.067195, , 
24.38,0.067453, , 
24.42,0.067743, , 
24.46,0.068082, , 
24.5,0.068476, , 
24.53,0.068809, , 
24.57,0.069204, , 
24.61,0.069489, , 
24.64,0.070239, , 
24.68,0.070932, , 
24.72,0.071717, , 
24.75,0.072491, , 
24.79,0.073218, , 
24.82,0.074003, , 
24.86,0.075189, , 
24.9,0.076257, , 
24.93,0.077399, , 
24.97,0.078793, , 
25.01,0.080119, , 
25.05,0.081769, , 
25.08,0.083279, , 
25.12,0.084276, , 
25.16,0.087127, , 
25.19,0.089117, , 
25.23,0.091159, , 
25.26,0.093408, , 
25.3,0.09566, , 
25.34,0.09831, , 
25.37,0.099406, , 
25.41,0.10353, , 
25.45,0.106373, , 
25.49,0.109235, , 
25.52,0.111922, , 
25.56,0.114608, , 
25.6,0.117756, , 
25.63,0.120472, , 
25.67,0.123384, , 
25.7,0.12636, , 
25.74,0.129153, , 
25.78,0.132264, , 
25.81,0.134762, , 
25.85,0.137793, , 
25.89,0.140453, , 
25.93,0.143159, , 
25.96,0.145588, , 
26,0.148002, , 
26.04,0.150538, , 
26.07,0.152687, , 
26.11,0.154806, , 
26.14,0.15683, , 
26.18,0.158484, , 
26.22,0.160244, , 
26.25,0.161664, , 
26.29,0.163256, , 
26.33,0.164524, , 
26.37,0.165638, , 
26.4,0.166677, , 
26.44,0.167593, , 
26.48,0.16841, , 
26.51,0.168898, , 
26.55,0.169439, , 
26.58,0.169871, , 
26.62,0.170137, , 
26.66,0.170404, , 
26.69,0.170432, , 
26.73,0.170311, , 
26.77,0.170141, , 
26.81,0.169835, , 
26.84,0.169566, , 
26.88,0.169171, , 
26.92,0.168806, , 
26.95,0.168434, , 
26.99,0.167894, , 
27.02,0.167446, , 
27.06,0.166737, , 
27.1,0.166273, , 
27.13,0.16573, , 
27.17,0.16502, , 
27.21,0.164326, , 
27.25,0.163525, , 
27.28,0.162809, , 
27.32,0.161993, , 
27.36,0.161323, , 
27.39,0.160555, , 
27.43,0.159721, , 
27.46,0.158993, , 
27.5,0.158143, , 
27.54,0.157443, , 
27.57,0.156676, , 
27.61,0.155901, , 
27.65,0.155242, , 
27.69,0.154323, , 
27.72,0.153629, , 
27.76,0.15278, , 
27.8,0.152134, , 
27.83,0.151367, , 
27.87,0.150524, , 
27.9,0.14985, , 
27.94,0.148988, , 
27.98,0.148256, , 
28.01,0.147511, , 
28.05,0.146734, , 
28.09,0.146081, , 
28.13,0.145219, , 
28.16,0.144523, , 
28.2,0.143792, , 
28.24,0.143322, , 
28.27,0.142588, , 
28.31,0.141948, , 
28.34,0.141476, , 
28.38,0.14081, , 
28.42,0.140295, , 
28.46,0.139706, , 
28.49,0.13927, , 
28.53,0.138766, , 
28.57,0.138211, , 
28.6,0.137838, , 
28.64,0.137301, , 
28.68,0.136891, , 
28.71,0.136439, , 
28.75,0.135981, , 
28.78,0.135731, , 
28.82,0.13538, , 
28.86,0.13518, , 
28.9,0.134849, , 
28.93,0.13467, , 
28.97,0.134591, , 
29.01,0.134427, , 
29.04,0.134234, , 
29.08,0.134107, , 
29.11,0.134096, , 
29.15,0.133996, , 
29.19,0.134052, , 
29.22,0.13408, , 
29.26,0.134246, , 
29.3,0.134486, , 
29.34,0.134601, , 
29.37,0.134843, , 
29.41,0.135103, , 
29.45,0.135366, , 
29.48,0.135751, , 
29.52,0.136062, , 
29.55,0.136522, , 
29.59,0.137016, , 
29.63,0.137616, , 
29.66,0.138066, , 
29.7,0.138711, , 
29.74,0.139474, , 
29.78,0.140231, , 
29.81,0.141104, , 
29.85,0.142051, , 
29.89,0.143019, , 
29.92,0.143998, , 
29.96,0.145156, , 
29.99,0.146456, , 
30.03,0.147733, , 
30.07,0.149059, , 
30.1,0.150546, , 
30.14,0.152136, , 
30.18,0.153799, , 
30.22,0.155724, , 
30.25,0.157855, , 
30.29,0.160014, , 
30.33,0.162724, , 
30.36,0.165329, , 
30.4,0.168685, , 
30.43,0.172133, , 
30.47,0.176328, , 
30.51,0.180398, , 
30.54,0.185289, , 
30.58,0.191278, , 
30.62,0.197574, , 
30.66,0.205091, , 
30.69,0.213346, , 
30.73,0.223173, , 
30.77,0.232073, , 
30.8,0.2441, , 
30.84,0.257377, , 
30.88,0.267793, , 
30.91,0.28616, , 
30.95,0.301423, , 
30.99,0.319033, , 
31.02,0.335694, , 
31.06,0.354725, , 
31.09,0.37248, , 
31.13,0.392456, , 
31.17,0.409862, , 
31.2,0.428715, , 
31.24,0.448482, , 
31.28,0.462413, , 
31.32,0.48485, , 
31.35,0.502155, , 
31.39,0.518492, , 
31.43,0.534404, , 
31.46,0.55107, , 
31.5,0.567069, , 
31.53,0.580355, , 
31.57,0.595463, , 
31.61,0.607761, , 
31.64,0.619542, , 
31.68,0.631177, , 
31.72,0.64178, , 
31.76,0.652429, , 
31.79,0.660902, , 
31.83,0.670224, , 
31.87,0.677672, , 
31.9,0.68441, , 
31.94,0.690758, , 
31.97,0.696259, , 
32.01,0.701584, , 
32.05,0.70549, , 
32.08,0.709058, , 
32.12,0.712089, , 
32.16,0.714411, , 
32.2,0.716415, , 
32.23,0.717732, , 
32.27,0.718604, , 
32.31,0.718842, , 
32.34,0.718739, , 
32.38,0.718116, , 
32.41,0.717127, , 
32.45,0.715705, , 
32.49,0.713884, , 
32.53,0.711711, , 
32.56,0.709528, , 
32.6,0.706834, , 
32.64,0.703579, , 
32.67,0.700288, , 
32.71,0.696781, , 
32.75,0.693143, , 
32.78,0.689416, , 
32.82,0.68508, , 
32.85,0.680969, , 
32.89,0.675844, , 
32.93,0.67113, , 
32.97,0.665781, , 
33,0.66095, , 
33.04,0.655579, , 
33.08,0.64986, , 
33.11,0.645334, , 
33.15,0.63829, , 
33.19,0.632488, , 
33.22,0.626624, , 
33.26,0.6202, , 
33.29,0.613924, , 
33.33,0.607215, , 
33.37,0.601268, , 
33.41,0.594224, , 
33.44,0.588027, , 
33.48,0.581654, , 
33.52,0.574834, , 
33.55,0.568244, , 
33.59,0.561446, , 
33.63,0.555489, , 
33.66,0.54905, , 
33.7,0.542347, , 
33.73,0.536331, , 
33.77,0.53012, , 
33.81,0.523986, , 
33.85,0.517537, , 
33.88,0.511921, , 
33.92,0.505995, , 
33.96,0.500117, , 
33.99,0.494687, , 
34.03,0.489029, , 
34.07,0.483682, , 
34.1,0.47872, , 
34.14,0.473417, , 
34.17,0.468846, , 
34.21,0.463654, , 
34.25,0.459142, , 
34.29,0.454417, , 
34.32,0.450351, , 
34.36,0.445974, , 
34.4,0.4415, , 
34.43,0.437477, , 
34.47,0.43332, , 
34.5,0.429193, , 
34.54,0.425075, , 
34.58,0.421542, , 
34.62,0.417347, , 
34.65,0.413955, , 
34.69,0.410369, , 
34.73,0.406707, , 
34.76,0.402856, , 
34.8,0.399148, , 
34.84,0.396226, , 
34.87,0.392785, , 
34.91,0.389412, , 
34.94,0.386225, , 
34.98,0.383015, , 
35.02,0.379986, , 
35.06,0.376749, , 
35.09,0.374104, , 
35.13,0.371227, , 
35.17,0.368381, , 
35.2,0.365498, , 
35.24,0.362631, , 
35.27,0.359927, , 
35.31,0.357247, , 
35.35,0.354444, , 
35.38,0.352105, , 
35.42,0.349141, , 
35.46,0.346663, , 
35.5,0.343844, , 
35.53,0.341691, , 
35.57,0.339058, , 
35.61,0.336382, , 
35.64,0.334009, , 
35.68,0.33161, , 
35.71,0.329346, , 
35.75,0.326961, , 
35.79,0.324376, , 
35.82,0.322138, , 
35.86,0.319545, , 
35.9,0.317304, , 
35.94,0.314912, , 
35.97,0.312826, , 
36.01,0.310495, , 
36.05,0.308261, , 
36.08,0.306199, , 
36.12,0.304006, , 
36.15,0.301869, , 
36.19,0.299629, , 
36.23,0.297823, , 
36.26,0.295535, , 
36.3,0.29341, , 
36.34,0.291449, , 
36.38,0.289433, , 
36.41,0.28726, , 
36.45,0.28523, , 
36.49,0.283085, , 
36.52,0.281299, , 
36.56,0.278976, , 
36.59,0.277063, , 
36.63,0.274876, , 
36.67,0.273137, , 
36.7,0.27102, , 
36.74,0.269042, , 
36.78,0.267245, , 
36.82,0.26536, , 
36.85,0.26339, , 
36.89,0.261536, , 
36.93,0.25969, , 
36.96,0.258081, , 
37,0.255951, , 
37.03,0.254116, , 
37.07,0.252135, , 
37.11,0.250632, , 
37.14,0.248636, , 
37.18,0.2466, , 
37.22,0.244768, , 
37.26,0.242948, , 
37.29,0.241222, , 
37.33,0.239447, , 
37.37,0.237649, , 
37.4,0.236077, , 
37.44,0.23416, , 
37.47,0.232632, , 
37.51,0.230834, , 
37.55,0.229388, , 
37.58,0.227628, , 
37.62,0.226054, , 
37.66,0.224533, , 
37.7,0.222932, , 
37.73,0.221171, , 
37.77,0.219524, , 
37.81,0.2179, , 
37.84,0.216568, , 
37.88,0.214835, , 
37.91,0.213319, , 
37.95,0.211711, , 
37.99,0.210466, , 
38.02,0.208971, , 
38.06,0.207619, , 
38.1,0.206174, , 
38.14,0.204772, , 
38.17,0.203363, , 
38.21,0.202007, , 
38.25,0.200829, , 
38.28,0.199376, , 
38.32,0.198066, , 
38.35,0.196939, , 
38.39,0.195324, , 
38.43,0.194085, , 
38.46,0.192786, , 
38.5,0.191519, , 
38.54,0.190211, , 
38.58,0.188851, , 
38.61,0.187864, , 
38.65,0.186522, , 
38.69,0.185421, , 
38.72,0.184281, , 
38.76,0.183243, , 
38.79,0.182045, , 
38.83,0.180929, , 
38.87,0.180011, , 
38.91,0.178681, , 
38.94,0.178128, , 
38.98,0.176613, , 
39.02,0.175668, , 
39.05,0.174641, , 
39.09,0.173566, , 
39.12,0.172585, , 
39.16,0.171681, , 
39.2,0.171074, , 
39.23,0.169665, , 
39.27,0.168582, , 
39.31,0.167649, , 
39.35,0.166493, , 
39.38,0.165593, , 
39.42,0.164629, , 
39.46,0.163985, , 
39.49,0.16273, , 
39.53,0.161735, , 
39.56,0.160948, , 
39.6,0.159996, , 
39.64,0.159011, , 
39.67,0.158063, , 
39.71,0.157617, , 
39.75,0.15645, , 
39.79,0.155417, , 
39.82,0.15459, , 
39.86,0.153833, , 
39.9,0.153018, , 
39.93,0.152166, , 
39.97,0.152031, , 
40.01,0.150526, , 
40.04,0.149452, , 
40.08,0.148619, , 
40.11,0.147862, , 
40.15,0.147051, , 
40.19,0.146274, , 
40.22,0.145532, , 
40.26,0.144773, , 
40.3,0.143932, , 
40.34,0.143249, , 
40.37,0.142713, , 
40.41,0.142065, , 
40.45,0.141308, , 
40.48,0.140616, , 
40.52,0.139902, , 
40.55,0.139188, , 
40.59,0.138645, , 
40.63,0.138039, , 
40.66,0.137329, , 
40.7,0.136625, , 
40.74,0.136072, , 
40.78,0.135483, , 
40.81,0.134774, , 
40.85,0.134274, , 
40.89,0.13361, , 
40.92,0.133027, , 
40.96,0.132486, , 
41,0.131915, , 
41.03,0.131495, , 
41.07,0.130815, , 
41.11,0.130301, , 
41.14,0.129748, , 
41.18,0.129169, , 
41.21,0.12859, , 
41.25,0.127912, , 
41.29,0.12748, , 
41.33,0.126842, , 
41.36,0.126372, , 
41.4,0.12595, , 
41.44,0.125484, , 
41.47,0.125018, , 
41.51,0.124494, , 
41.54,0.124148, , 
41.58,0.123713, , 
41.62,0.123232, , 
41.65,0.122813, , 
41.69,0.122391, , 
41.73,0.122006, , 
41.77,0.121535, , 
41.8,0.121148, , 
41.84,0.120742, , 
41.88,0.120399, , 
41.91,0.12006, , 
41.95,0.119602, , 
41.99,0.119225, , 
42.02,0.118811, , 
42.06,0.118398, , 
42.1,0.117885, , 
42.13,0.117479, , 
42.17,0.117187, , 
42.2,0.116914, , 
42.24,0.116519, , 
42.28,0.116119, , 
42.32,0.115827, , 
42.35,0.115585, , 
42.39,0.115286, , 
42.43,0.115078, , 
42.46,0.11478, , 
42.5,0.114654, , 
42.54,0.114437, , 
42.57,0.114263, , 
42.61,0.114063, , 
42.64,0.113861, , 
42.68,0.113698, , 
42.72,0.1135, , 
42.76,0.113343, , 
42.79,0.113179, , 
42.83,0.113111, , 
42.87,0.113089, , 
42.9,0.112836, , 
42.94,0.112715, , 
42.98,0.112568, , 
43.01,0.1126, , 
43.05,0.112582, , 
43.08,0.11258, , 
43.12,0.112588, , 
43.16,0.112495, , 
43.2,0.11257, , 
43.23,0.112534, , 
43.27,0.112576, , 
43.31,0.112538, , 
43.34,0.112616, , 
43.38,0.112869, , 
43.41,0.112968, , 
43.45,0.113083, , 
43.49,0.113062, , 
43.52,0.113054, , 
43.56,0.113054, , 
43.6,0.113, , 
43.64,0.113068, , 
43.67,0.112964, , 
43.71,0.112832, , 
43.75,0.112637, , 
43.78,0.112479, , 
43.82,0.112453, , 
43.85,0.112259, , 
43.89,0.112132, , 
43.93,0.111973, , 
43.96,0.111829, , 
44,0.111567, , 
44.04,0.111266, , 
44.08,0.111095, , 
44.11,0.110786, , 
44.15,0.110484, , 
44.19,0.110126, , 
44.22,0.109826, , 
44.26,0.109507, , 
44.29,0.109105, , 
44.33,0.108764, , 
44.37,0.108407, , 
44.4,0.108026, , 
44.44,0.107675, , 
44.48,0.107235, , 
44.52,0.106934, , 
44.55,0.10643, , 
44.59,0.106038, , 
44.63,0.105435, , 
44.66,0.104999, , 
44.7,0.104448, , 
44.73,0.103909, , 
44.77,0.103512, , 
44.81,0.103074, , 
44.84,0.102523, , 
44.88,0.101928, , 
44.92,0.10144, , 
44.96,0.100979, , 
44.99,0.100402, , 
45.03,0.099977, , 
45.07,0.099539, , 
45.1,0.099046, , 
45.14,0.098536, , 
45.17,0.098062, , 
45.21,0.09761, , 
45.25,0.097063, , 
45.28,0.096712, , 
45.32,0.096157, , 
45.36,0.095733, , 
45.4,0.095265, , 
45.43,0.09474, , 
45.47,0.094319, , 
45.51,0.093923, , 
45.54,0.093457, , 
45.58,0.0929, , 
45.61,0.092464, , 
45.65,0.092125, , 
45.69,0.091558, , 
45.73,0.09111, , 
45.76,0.090682, , 
45.8,0.090196, , 
45.84,0.089702, , 
45.87,0.0893, , 
45.91,0.088995, , 
45.95,0.088521, , 
45.98,0.088223, , 
46.02,0.087789, , 
46.05,0.087419, , 
46.09,0.08698, , 
46.13,0.086612, , 
46.17,0.08631, , 
46.2,0.086009, , 
46.24,0.085771, , 
46.28,0.085503, , 
46.31,0.085151, , 
46.35,0.084859, , 
46.39,0.084562, , 
46.42,0.08436, , 
46.46,0.084025, , 
46.49,0.083769, , 
46.53,0.083408, , 
46.57,0.083089, , 
46.61,0.082869, , 
46.64,0.082609, , 
46.68,0.082355, , 
46.72,0.082, , 
46.75,0.081705, , 
46.79,0.081469, , 
46.83,0.081164, , 
46.86,0.080966, , 
46.9,0.080639, , 
46.94,0.080442, , 
46.97,0.080143, , 
47.01,0.079873, , 
47.04,0.079707, , 
47.08,0.079461, , 
47.12,0.079245, , 
47.16,0.078894, , 
47.19,0.078678, , 
47.23,0.078414, , 
47.27,0.078123, , 
47.3,0.077883, , 
47.34,0.077492, , 
47.38,0.07725, , 
47.41,0.076977, , 
47.45,0.076701, , 
47.48,0.076519, , 
47.52,0.076091, , 
47.56,0.075871, , 
47.6,0.07555, , 
47.63,0.075337, , 
47.67,0.075024, , 
47.71,0.074723, , 
47.74,0.074533, , 
47.78,0.074243, , 
47.81,0.074019, , 
47.85,0.073722, , 
47.89,0.073488, , 
47.92,0.073303, , 
47.96,0.072899, , 
48,0.072639, , 
48.04,0.072294, , 
48.07,0.072092, , 
48.11,0.071817, , 
48.15,0.071501, , 
48.18,0.071248, , 
48.22,0.070885, , 
48.25,0.070667, , 
48.29,0.070359, , 
48.33,0.070072, , 
48.36,0.069838, , 
48.4,0.069457, , 
48.44,0.06922, , 
48.48,0.068849, , 
48.51,0.068659, , 
48.55,0.068371, , 
48.59,0.068121, , 
48.62,0.067854, , 
48.66,0.067645, , 
48.69,0.067475, , 
48.73,0.067209, , 
48.77,0.067011, , 
48.81,0.066773, , 
48.84,0.066623, , 
48.88,0.066426, , 
48.92,0.066208, , 
48.95,0.066058, , 
48.99,0.065762, , 
49.03,0.065685, , 
49.06,0.06556, , 
49.1,0.065324, , 
49.13,0.065201, , 
49.17,0.064989, , 
49.21,0.064739, , 
49.25,0.064539, , 
49.28,0.064571, , 
49.32,0.064448, , 
49.36,0.064248, , 
49.39,0.064117, , 
49.43,0.064033, , 
49.46,0.063952, , 
49.5,0.063718, , 
49.54,0.063609, , 
49.57,0.063572, , 
49.61,0.063546, , 
49.65,0.063581, , 
49.69,0.06354, , 
49.72,0.063572, , 
49.76,0.063522, , 
49.8,0.063488, , 
49.83,0.063575, , 
49.87,0.063577, , 
49.9,0.063552, , 
49.94,0.063546, , 
49.98,0.063611, , 
50.01,0.063764, , 
50.05,0.063998, , 
50.09,0.064309, , 
50.13,0.064535, , 
50.16,0.064826, , 
50.2,0.06515, , 
50.24,0.065526, , 
50.27,0.065921, , 
50.31,0.066377, , 
50.34,0.067069, , 
50.38,0.067594, , 
50.42,0.068141, , 
50.45,0.068865, , 
50.49,0.069614, , 
50.53,0.070256, , 
50.57,0.070738, , 
50.6,0.071466, , 
50.64,0.072148, , 
50.68,0.072937, , 
50.71,0.073581, , 
50.75,0.074445, , 
50.78,0.075199, , 
50.82,0.075996, , 
50.86,0.07668, , 
50.89,0.077461, , 
50.93,0.078206, , 
50.97,0.078817, , 
51.01,0.079354, , 
51.04,0.080062, , 
51.08,0.080557, , 
51.12,0.081041, , 
51.15,0.081533, , 
51.19,0.081943, , 
51.22,0.082264, , 
51.26,0.082472, , 
51.3,0.082835, , 
51.33,0.082956, , 
51.37,0.083089, , 
51.41,0.083257, , 
51.45,0.083442, , 
51.48,0.083422, , 
51.52,0.0832, , 
51.56,0.083113, , 
51.59,0.082992, , 
51.63,0.082823, , 
51.66,0.082647, , 
51.7,0.082482, , 
51.74,0.0823, , 
51.78,0.08202, , 
51.81,0.081856, , 
51.85,0.081521, , 
51.89,0.081162, , 
51.92,0.080952, , 
51.96,0.080563, , 
52,0.08022, , 
52.03,0.079826, , 
52.07,0.079461, , 
52.1,0.079181, , 
52.14,0.078692, , 
52.18,0.07838, , 
52.22,0.077903, , 
52.25,0.077589, , 
52.29,0.077169, , 
52.33,0.076836, , 
52.36,0.076576, , 
52.4,0.076226, , 
52.44,0.075912, , 
52.47,0.075528, , 
52.51,0.075222, , 
52.54,0.075026, , 
52.58,0.074594, , 
52.62,0.074348, , 
52.66,0.073999, , 
52.69,0.073809, , 
52.73,0.073535, , 
52.77,0.073208, , 
52.8,0.072881, , 
52.84,0.072608, , 
52.87,0.072376, , 
52.91,0.072064, , 
52.95,0.071815, , 
52.98,0.071432, , 
53.02,0.071129, , 
53.06,0.070855, , 
53.1,0.070609, , 
53.13,0.070403, , 
53.17,0.07006, , 
53.21,0.069826, , 
53.24,0.069527, , 
53.28,0.069176, , 
53.31,0.068956, , 
53.35,0.06869, , 
53.39,0.068551, , 
53.42,0.068264, , 
53.46,0.068054, , 
53.5,0.06784, , 
53.53,0.067729, , 
53.57,0.067368, , 
53.61,0.067045, , 
53.65,0.066787, , 
53.68,0.066512, , 
53.72,0.066258, , 
53.76,0.066012, , 
53.79,0.065919, , 
53.83,0.065528, , 
53.86,0.065118, , 
53.9,0.064882, , 
53.94,0.064602, , 
53.97,0.064361, , 
54.01,0.064119, , 
54.05,0.064047, , 
54.09,0.063659, , 
54.12,0.063413, , 
54.16,0.063262, , 
54.2,0.063064, , 
54.23,0.062846, , 
54.27,0.06262, , 
54.31,0.062588, , 
54.34,0.062285, , 
54.38,0.062039, , 
54.41,0.06193, , 
54.45,0.061662, , 
54.49,0.061589, , 
54.52,0.06145, , 
54.56,0.061242, , 
54.6,0.061137, , 
54.64,0.060963, , 
54.67,0.060858, , 
54.71,0.060612, , 
54.75,0.06053, , 
54.78,0.060376, , 
54.82,0.060154, , 
54.85,0.060116, , 
54.89,0.060045, , 
54.93,0.059985, , 
54.96,0.059785, , 
55,0.059615, , 
55.04,0.059567, , 
55.08,0.059504, , 
55.11,0.059525, , 
55.15,0.059295, , 
55.19,0.059115, , 
55.22,0.059085, , 
55.26,0.059036, , 
55.29,0.059115, , 
55.33,0.059268, , 
55.37,0.059446, , 
55.4,0.059482, , 
55.44,0.059617, , 
55.48,0.059787, , 
55.52,0.059975, , 
55.55,0.060182, , 
55.59,0.060477, , 
55.63,0.060903, , 
55.66,0.061131, , 
55.7,0.06144, , 
55.73,0.061823, , 
55.77,0.062319, , 
55.81,0.06279, , 
55.84,0.06325, , 
55.88,0.063914, , 
55.92,0.064458, , 
55.96,0.064971, , 
55.99,0.065669, , 
56.03,0.066395, , 
56.07,0.067003, , 
56.1,0.067802, , 
56.14,0.068407, , 
56.18,0.06899, , 
56.21,0.069656, , 
56.25,0.070397, , 
56.29,0.071028, , 
56.32,0.071598, , 
56.36,0.072181, , 
56.39,0.072792, , 
56.43,0.07329, , 
56.47,0.073775, , 
56.5,0.074231, , 
56.54,0.074632, , 
56.58,0.075056, , 
56.62,0.075359, , 
56.65,0.075591, , 
56.69,0.075849, , 
56.73,0.076029, , 
56.76,0.076281, , 
56.8,0.076408, , 
56.83,0.076511, , 
56.87,0.076537, , 
56.91,0.076487, , 
56.94,0.076511, , 
56.98,0.076438, , 
57.02,0.076479, , 
57.06,0.076473, , 
57.09,0.076501, , 
57.13,0.07641, , 
57.17,0.076184, , 
57.2,0.076091, , 
57.24,0.075849, , 
57.27,0.075676, , 
57.31,0.07548, , 
57.35,0.07527, , 
57.38,0.075139, , 
57.42,0.074937, , 
57.46,0.074741, , 
57.5,0.074414, , 
57.53,0.074184, , 
57.57,0.073958, , 
57.61,0.073656, , 
57.64,0.073444, , 
57.68,0.073131, , 
57.71,0.072911, , 
57.75,0.072663, , 
57.79,0.072451, , 
57.82,0.072092, , 
57.86,0.071765, , 
57.9,0.071531, , 
57.94,0.071212, , 
57.97,0.07097, , 
58.01,0.070675, , 
58.05,0.070468, , 
58.08,0.070242, , 
58.12,0.069943, , 
58.15,0.069741, , 
58.19,0.069467, , 
58.23,0.069283, , 
58.26,0.069003, , 
58.3,0.06874, , 
58.34,0.06851, , 
58.38,0.068195, , 
58.41,0.068149, , 
58.45,0.067836, , 
58.49,0.067636, , 
58.52,0.067388, , 
58.56,0.06711, , 
58.59,0.066884, , 
58.63,0.06667, , 
58.67,0.066545, , 
58.71,0.066254, , 
58.74,0.066026, , 
58.78,0.065762, , 
58.82,0.065459, , 
58.85,0.065276, , 
58.89,0.065066, , 
58.93,0.06488, , 
58.96,0.064662, , 
59,0.064355, , 
59.03,0.064176, , 
59.07,0.063899, , 
59.11,0.063752, , 
59.15,0.063443, , 
59.18,0.063258, , 
59.22,0.063104, , 
59.26,0.06279, , 
59.29,0.06265, , 
59.33,0.06244, , 
59.37,0.062263, , 
59.4,0.062095, , 
59.44,0.061938, , 
59.47,0.061829, , 
59.51,0.061585, , 
59.55,0.061518, , 
59.59,0.061228, , 
59.62,0.061141, , 
59.66,0.061062, , 
59.7,0.060917, , 
59.73,0.060832, , 
59.77,0.060632, , 
59.8,0.060542, , 
59.84,0.060511, , 
59.88,0.060519, , 
59.91,0.060503, , 
59.95,0.060521, , 
59.99,0.060687, , 
60.03,0.060814, , 
60.06,0.060901, , 
60.1,0.060957, , 
60.14,0.061111, , 
60.17,0.061373, , 
60.21,0.061551, , 
60.24,0.061821, , 
60.28,0.062043, , 
60.32,0.062273, , 
60.35,0.062634, , 
60.39,0.062971, , 
60.43,0.06349, , 
60.47,0.063905, , 
60.5,0.064361, , 
60.54,0.064828, , 
60.58,0.065298, , 
60.61,0.065891, , 
60.65,0.066311, , 
60.68,0.066892, , 
60.72,0.067336, , 
60.76,0.067937, , 
60.8,0.068436, , 
60.83,0.068847, , 
60.87,0.069424, , 
60.91,0.06988, , 
60.94,0.070371, , 
60.98,0.07078, , 
61.02,0.071178, , 
61.05,0.07162, , 
61.09,0.071926, , 
61.12,0.072213, , 
61.16,0.072526, , 
61.2,0.072806, , 
61.24,0.072945, , 
61.27,0.073073, , 
61.31,0.073293, , 
61.35,0.073399, , 
61.38,0.073547, , 
61.42,0.073545, , 
61.45,0.073527, , 
61.49,0.073577, , 
61.53,0.073512, , 
61.56,0.07348, , 
61.6,0.07323, , 
61.64,0.073075, , 
61.68,0.07303, , 
61.71,0.072909, , 
61.75,0.072772, , 
61.79,0.072574, , 
61.82,0.072508, , 
61.86,0.072284, , 
61.89,0.07209, , 
61.93,0.071866, , 
61.97,0.071567, , 
62,0.071485, , 
62.04,0.071216, , 
62.08,0.070954, , 
62.12,0.07073, , 
62.15,0.070574, , 
62.19,0.070409, , 
62.23,0.070112, , 
62.26,0.069913, , 
62.3,0.069632, , 
62.33,0.069386, , 
62.37,0.069174, , 
62.41,0.069061, , 
62.44,0.068797, , 
62.48,0.068466, , 
62.52,0.068288, , 
62.56,0.068032, , 
62.59,0.067711, , 
62.63,0.067529, , 
62.67,0.067237, , 
62.7,0.06716, , 
62.74,0.066916, , 
62.77,0.066738, , 
62.81,0.066597, , 
62.85,0.066391, , 
62.88,0.066186, , 
62.92,0.065986, , 
62.96,0.06581, , 
63,0.065608, , 
63.03,0.065385, , 
63.07,0.065223, , 
63.11,0.065084, , 
63.14,0.065037, , 
63.18,0.064844, , 
63.21,0.064644, , 
63.25,0.064581, , 
63.29,0.064505, , 
63.32,0.064591, , 
63.36,0.064549, , 
63.4,0.064678, , 
63.44,0.064912, , 
63.47,0.065017, , 
63.51,0.065132, , 
63.54,0.065286, , 
63.58,0.065629, , 
63.62,0.065782, , 
63.65,0.066024, , 
63.69,0.066375, , 
63.73,0.066666, , 
63.77,0.067142, , 
63.8,0.067447, , 
63.84,0.067875, , 
63.88,0.06821, , 
63.91,0.068676, , 
63.95,0.069097, , 
63.98,0.069561, , 
64.02,0.070048, , 
64.06,0.070304, , 
64.1,0.070752, , 
64.13,0.071143, , 
64.17,0.071523, , 
64.21,0.071864, , 
64.24,0.072215, , 
64.28,0.072602, , 
64.32,0.07276, , 
64.35,0.072947, , 
64.39,0.073062, , 
64.42,0.073216, , 
64.46,0.073438, , 
64.5,0.073484, , 
64.54,0.073518, , 
64.57,0.073466, , 
64.61,0.073248, , 
64.65,0.073137, , 
64.68,0.072978, , 
64.72,0.07282, , 
64.76,0.072604, , 
64.79,0.072376, , 
64.83,0.072142, , 
64.86,0.071894, , 
64.9,0.071636, , 
64.94,0.071351, , 
64.98,0.071083, , 
65.01,0.07078, , 
65.05,0.070413, , 
65.09,0.070143, , 
65.12,0.06986, , 
65.16,0.069618, , 
65.2,0.069323, , 
65.23,0.069132, , 
65.27,0.068861, , 
65.3,0.068579, , 
65.34,0.068337, , 
65.38,0.068145, , 
65.42,0.068088, , 
65.45,0.067903, , 
65.49,0.067679, , 
65.53,0.067663, , 
65.56,0.067582, , 
65.6,0.067592, , 
65.63,0.067538, , 
65.67,0.067582, , 
65.71,0.067556, , 
65.74,0.067525, , 
65.78,0.067669, , 
65.82,0.067782, , 
65.86,0.067959, , 
65.89,0.068107, , 
65.93,0.068325, , 
65.97,0.068522, , 
66,0.068657, , 
66.04,0.068944, , 
66.07,0.069122, , 
66.11,0.069539, , 
66.15,0.069804, , 
66.18,0.070052, , 
66.22,0.070403, , 
66.26,0.070585, , 
66.3,0.070815, , 
66.33,0.070934, , 
66.37,0.071129, , 
66.41,0.071353, , 
66.44,0.071398, , 
66.48,0.071519, , 
66.51,0.071497, , 
66.55,0.071589, , 
66.59,0.071551, , 
66.62,0.071493, , 
66.66,0.071476, , 
66.7,0.07123, , 
66.74,0.07118, , 
66.77,0.07101, , 
66.81,0.070774, , 
66.84,0.070665, , 
66.88,0.070389, , 
66.92,0.070239, , 
66.96,0.069991, , 
66.99,0.069878, , 
67.03,0.069753, , 
67.07,0.069545, , 
67.1,0.06934, , 
67.14,0.069168, , 
67.17,0.06896, , 
67.21,0.068704, , 
67.25,0.068633, , 
67.28,0.068571, , 
67.32,0.068389, , 
67.36,0.068246, , 
67.4,0.068111, , 
67.43,0.068092, , 
67.47,0.068012, , 
67.51,0.068064, , 
67.54,0.068123, , 
67.58,0.068203, , 
67.61,0.068419, , 
67.65,0.068504, , 
67.69,0.068553, , 
67.72,0.068502, , 
67.76,0.068528, , 
67.8,0.068599, , 
67.84,0.068752, , 
67.87,0.068986, , 
67.91,0.069023, , 
67.95,0.069047, , 
67.98,0.069081, , 
68.02,0.069061, , 
68.05,0.069087, , 
68.09,0.06896, , 
68.13,0.068762, , 
68.17,0.068555, , 
68.2,0.06852, , 
68.24,0.068567, , 
68.27,0.068341, , 
68.31,0.068193, , 
68.35,0.068078, , 
68.38,0.067929, , 
68.42,0.067669, , 
68.46,0.067596, , 
68.5,0.067497, , 
68.53,0.067249, , 
68.57,0.06715, , 
68.61,0.067007, , 
68.64,0.066868, , 
68.68,0.066628, , 
68.72,0.066557, , 
68.75,0.066573, , 
68.79,0.0664, , 
68.82,0.066248, , 
68.86,0.066085, , 
68.9,0.066073, , 
68.93,0.066075, , 
68.97,0.065988, , 
69.01,0.0658, , 
69.05,0.065609, , 
69.08,0.065631, , 
69.12,0.065481, , 
69.16,0.065205, , 
69.19,0.065108, , 
69.23,0.065054, , 
69.26,0.065017, , 
69.3,0.064713, , 
69.34,0.064531, , 
69.37,0.06422, , 
69.41,0.063996, , 
69.45,0.063819, , 
69.49,0.063532, , 
69.52,0.063145, , 
69.56,0.062614, , 
69.6,0.062154, , 
69.63,0.061793, , 
69.67,0.061206, , 
69.7,0.060691, , 
69.74,0.060106, , 
69.78,0.059617, , 
69.81,0.058889, , 
69.85,0.058278, , 
69.89,0.057826, , 
69.93,0.057198, , 
69.96,0.05678, , 
70,0.05624, , 
70.04,0.055711, , 
70.07,0.055168, , 
70.11,0.054742, , 
70.14,0.054466, , 
70.18,0.053982, , 
70.22,0.053705, , 
70.25,0.053269, , 
70.29,0.052896, , 
70.33,0.052505, , 
70.37,0.052091, , 
70.4,0.051871, , 
70.44,0.051486, , 
70.48,0.051183, , 
70.51,0.050808, , 
70.55,0.050563, , 
70.58,0.050277, , 
70.62,0.050002, , 
70.66,0.049861, , 
70.69,0.049559, , 
70.73,0.049405, , 
70.77,0.04922, , 
70.81,0.048996, , 
70.84,0.04885, , 
70.88,0.04862, , 
70.92,0.048505, , 
70.95,0.048215, , 
70.99,0.048134, , 
71.02,0.047993, , 
71.06,0.047781, , 
71.1,0.047605, , 
71.13,0.047518, , 
71.17,0.047543, , 
71.21,0.047296, , 
71.25,0.047056, , 
71.28,0.047111, , 
71.32,0.046953, , 
71.36,0.046923, , 
71.39,0.046653, , 
71.43,0.046544, , 
71.46,0.046512, , 
71.5,0.046512, , 
71.54,0.0466, , 
71.57,0.046534, , 
71.61,0.04654, , 
71.65,0.046411, , 
71.69,0.046195, , 
71.72,0.046106, , 
71.76,0.046029, , 
71.8,0.046033, , 
71.83,0.045969, , 
71.87,0.046104, , 
71.9,0.045997, , 
71.94,0.045842, , 
71.98,0.045668, , 
72.01,0.045533, , 
72.05,0.045527, , 
72.09,0.045446, , 
72.13,0.045464, , 
72.16,0.045499, , 
72.2,0.045547, , 
72.24,0.045497, , 
72.27,0.04542, , 
72.31,0.045497, , 
72.35,0.045472, , 
72.38,0.045517, , 
72.42,0.045478, , 
72.45,0.045442, , 
72.49,0.045519, , 
72.53,0.045377, , 
72.56,0.045256, , 
72.6,0.045032, , 
72.64,0.044972, , 
72.68,0.045008, , 
72.71,0.044998, , 
72.75,0.04497, , 
72.79,0.044899, , 
72.82,0.044994, , 
72.86,0.044919, , 
72.89,0.044938, , 
72.93,0.044883, , 
72.97,0.044772, , 
73,0.044623, , 
73.04,0.044439, , 
73.08,0.044451, , 
73.12,0.044407, , 
73.15,0.044463, , 
73.19,0.044496, , 
73.23,0.044439, , 
73.26,0.044445, , 
73.3,0.044348, , 
73.33,0.044437, , 
73.37,0.044447, , 
73.41,0.044447, , 
73.44,0.044478, , 
73.48,0.044455, , 
73.52,0.044457, , 
73.56,0.044411, , 
73.59,0.044465, , 
73.63,0.044465, , 
73.67,0.044469, , 
73.7,0.044474, , 
73.74,0.044439, , 
73.77,0.044399, , 
73.81,0.044237, , 
73.85,0.044044, , 
73.88,0.043985, , 
73.92,0.043953, , 
73.96,0.043969, , 
74,0.043931, , 
74.03,0.043985, , 
74.07,0.043971, , 
74.11,0.043993, , 
74.14,0.044066, , 
74.18,0.043951, , 
74.21,0.044017, , 
74.25,0.044003, , 
74.29,0.043951, , 
74.32,0.043969, , 
74.36,0.043927, , 
74.4,0.043965, , 
74.44,0.043953, , 
74.47,0.043975, , 
74.51,0.043931, , 
74.55,0.043919, , 
74.58,0.043949, , 
74.62,0.043923, , 
74.65,0.044009, , 
74.69,0.043921, , 
74.73,0.043971, , 
74.77,0.043977, , 
74.8,0.043951, , 
74.84,0.044021, , 
74.88,0.043943, , 
74.91,0.043947, , 
74.95,0.043943, , 
74.99,0.043941, , 
75.02,0.043975, , 
75.06,0.043941, , 
75.09,0.043991, , 
75.13,0.043951, , 
75.17,0.043953, , 
75.21,0.043987, , 
75.24,0.043965, , 
75.28,0.043971, , 
75.32,0.04385, , 
75.35,0.043908, , 
75.39,0.043884, , 
75.43,0.043919, , 
75.46,0.043927, , 
75.5,0.0439, , 
75.53,0.043981, , 
75.57,0.043921, , 
75.61,0.043937, , 
75.64,0.043927, , 
75.68,0.043919, , 
75.72,0.043963, , 
75.76,0.043953, , 
75.79,0.043955, , 
75.83,0.043908, , 
75.87,0.043969, , 
75.9,0.043989, , 
75.9,0.043989, , 
76.04,0.044072, , 