Gradient Profiler Text Data File: 293t_flag_ragbq99l_arg.csv,,,
Version: 1.88,,,
Date: 2017-02-21,,,
Time: 19:44:49,,,
,,,
User: Alicia,,,
Experiment name: 20170221_RPb_polysome_1through6,,,
UV Unit: EM-1,,,
Rotor Manufacturer: Beckman,,,
Rotor Model: SW41Ti,,,
Speed: 35000 rpm,,,
Gradient: sucrose 10.0% to 50.0% w/v,,,
Time: 180,,,
w2t:  x 10^0,,,
Sample Volume: 0.25 ml,,,
Number of Tubes: 8,,,
Volume per mm: 0.143 ml/mm,,,
Temperature: 4.0 deg C,,,
,,,
Absorbance Units Full Scale (AUFS): 2.00,,,
Manual-triggered gradient; (with distance; but no event marks),,,
Delay: No Delay,,,
UV Wavelength: 254 nm,,,
Samples / sec: 6 Hz,,,
EM1 Speed: 0.22 mm/sec,,,
Distance: 2.02 mm,,,
Number: 52,,,
Dead Volume: 0.000000 ml; Distance due to Dead Volume: 0.00 mm,,,
Length of Tubing: 0 mm,,,
Total Distance: 105.04 mm,,,
,,,
Data Columns:,,,
Distance, Absorbance, Fraction Number, Fraction Volume(ml)
0.04,0.045049, , 
0.07,0.045047, , 
0.11,0.045014, , 
0.15,0.044942, , 
0.19,0.045053, , 
0.22,0.045024, , 
0.26,0.045002, , 
0.3,0.044978, , 
0.33,0.044972, , 
0.37,0.044986, , 
0.41,0.044962, , 
0.44,0.045014, , 
0.48,0.045166, , 
0.51,0.045355, , 
0.55,0.04545, , 
0.59,0.04543, , 
0.63,0.045499, , 
0.66,0.045436, , 
0.7,0.045488, , 
0.74,0.045507, , 
0.77,0.045533, , 
0.81,0.045805, , 
0.85,0.045904, , 
0.88,0.045995, , 
0.92,0.045991, , 
0.95,0.045945, , 
0.99,0.046005, , 
1.03,0.045979, , 
1.07,0.046055, , 
1.1,0.045999, , 
1.14,0.045987, , 
1.18,0.045947, , 
1.21,0.045936, , 
1.25,0.045938, , 
1.28,0.045854, , 
1.32,0.045918, , 
1.36,0.045936, , 
1.39,0.045975, , 
1.43,0.046005, , 
1.47,0.045975, , 
1.51,0.046029, , 
1.54,0.045991, , 
1.58,0.045981, , 
1.62,0.045965, , 
1.65,0.045979, , 
1.69,0.046013, , 
1.72,0.045926, , 
1.76,0.045969, , 
1.8,0.045936, , 
1.83,0.045932, , 
1.87,0.046017, , 
1.91,0.045975, , 
1.95,0.046049, , 
1.98,0.045983, , 
2.02,0.045987, , 
2.06,0.046009, , 
2.09,0.045985, , 
2.13,0.046011, , 
2.16,0.045955, , 
2.2,0.046035, , 
2.24,0.045928, , 
2.27,0.045943, , 
2.31,0.045989, , 
2.35,0.045945, , 
2.39,0.046003, , 
2.42,0.045969, , 
2.46,0.046009, , 
2.5,0.046015, , 
2.53,0.045987, , 
2.57,0.046027, , 
2.6,0.045967, , 
2.64,0.045975, , 
2.68,0.045969, , 
2.71,0.04594, , 
2.75,0.045971, , 
2.79,0.045926, , 
2.83,0.045916, , 
2.86,0.045896, , 
2.9,0.045949, , 
2.94,0.04587, , 
2.97,0.045906, , 
3.01,0.045942, , 
3.04,0.045928, , 
3.08,0.045971, , 
3.12,0.045985, , 
3.15,0.045995, , 
3.19,0.045961, , 
3.23,0.045963, , 
3.26,0.045999, , 
3.3,0.045953, , 
3.34,0.045949, , 
3.38,0.045908, , 
3.41,0.045951, , 
3.45,0.045926, , 
3.49,0.045949, , 
3.52,0.045993, , 
3.56,0.045947, , 
3.59,0.045999, , 
3.63,0.045947, , 
3.67,0.045963, , 
3.7,0.046068, , 
3.74,0.046203, , 
3.78,0.046368, , 
3.82,0.046395, , 
3.85,0.046782, , 
3.89,0.050705, , 
3.93,0.068633, , 
3.96,0.120508, , 
4,0.215085, , 
4.03,0.319251, , 
4.07,0.436809, , 
4.11,0.554294, , 
4.14,0.668555, , 
4.18,0.794665, , 
4.22,0.904451, , 
4.26,1.034871, , 
4.29,1.142509, , 
4.33,1.235617, , 
4.37,1.281543, , 
4.4,1.304514, , 
4.44,1.312658, , 
4.47,1.315261, , 
4.51,1.316178, , 
4.55,1.316488, , 
4.59,1.316577, , 
4.62,1.31671, , 
4.66,1.317128, , 
4.7,1.317804, , 
4.73,1.318781, , 
4.77,1.319898, , 
4.81,1.321202, , 
4.84,1.322701, , 
4.88,1.324546, , 
4.91,1.326434, , 
4.95,1.328807, , 
4.99,1.331144, , 
5.03,1.333848, , 
5.06,1.336138, , 
5.1,1.338648, , 
5.14,1.341153, , 
5.17,1.343637, , 
5.21,1.346046, , 
5.25,1.348385, , 
5.28,1.350671, , 
5.32,1.353042, , 
5.35,1.355162, , 
5.39,1.357477, , 
5.43,1.359553, , 
5.47,1.361884, , 
5.5,1.363912, , 
5.54,1.366067, , 
5.58,1.368083, , 
5.61,1.369766, , 
5.65,1.37136, , 
5.68,1.372782, , 
5.72,1.373914, , 
5.76,1.374816, , 
5.79,1.375652, , 
5.83,1.376297, , 
5.87,1.376645, , 
5.91,1.376812, , 
5.94,1.376982, , 
5.98,1.377125, , 
6.02,1.376951, , 
6.05,1.376778, , 
6.09,1.376326, , 
6.12,1.375898, , 
6.16,1.375359, , 
6.2,1.374393, , 
6.23,1.373265, , 
6.27,1.371656, , 
6.31,1.369982, , 
6.35,1.367657, , 
6.38,1.365117, , 
6.42,1.362158, , 
6.46,1.358446, , 
6.49,1.354781, , 
6.53,1.350192, , 
6.56,1.34567, , 
6.6,1.340269, , 
6.64,1.33495, , 
6.67,1.329471, , 
6.71,1.323008, , 
6.75,1.316829, , 
6.79,1.309589, , 
6.82,1.302674, , 
6.86,1.295557, , 
6.9,1.287211, , 
6.93,1.279325, , 
6.97,1.270219, , 
7,1.261595, , 
7.04,1.251614, , 
7.08,1.242199, , 
7.11,1.232594, , 
7.15,1.221597, , 
7.19,1.211427, , 
7.23,1.199876, , 
7.26,1.189071, , 
7.3,1.176923, , 
7.34,1.165395, , 
7.37,1.153738, , 
7.41,1.140453, , 
7.44,1.128196, , 
7.48,1.114291, , 
7.52,1.101322, , 
7.55,1.088287, , 
7.59,1.073615, , 
7.63,1.060007, , 
7.67,1.04477, , 
7.7,1.030589, , 
7.74,1.0149, , 
7.78,1.000579, , 
7.81,0.98639, , 
7.85,0.97038, , 
7.88,0.955837, , 
7.92,0.939735, , 
7.96,0.925079, , 
7.99,0.910553, , 
8.03,0.894597, , 
8.07,0.880178, , 
8.11,0.864217, , 
8.14,0.849736, , 
8.18,0.833878, , 
8.22,0.819388, , 
8.25,0.805063, , 
8.29,0.7893, , 
8.32,0.775243, , 
8.36,0.759994, , 
8.4,0.746277, , 
8.44,0.731367, , 
8.47,0.717799, , 
8.51,0.704657, , 
8.55,0.690368, , 
8.58,0.677462, , 
8.62,0.663271, , 
8.66,0.650548, , 
8.69,0.638007, , 
8.73,0.62434, , 
8.76,0.612304, , 
8.8,0.599462, , 
8.84,0.587797, , 
8.88,0.575282, , 
8.91,0.564031, , 
8.95,0.553154, , 
8.99,0.541346, , 
9.02,0.530916, , 
9.06,0.519583, , 
9.09,0.509478, , 
9.13,0.499621, , 
9.17,0.488859, , 
9.2,0.479301, , 
9.24,0.469159, , 
9.28,0.460085, , 
9.32,0.450389, , 
9.35,0.441541, , 
9.39,0.433021, , 
9.43,0.423743, , 
9.46,0.415512, , 
9.5,0.406688, , 
9.53,0.398906, , 
9.57,0.391462, , 
9.61,0.383267, , 
9.64,0.376047, , 
9.68,0.368254, , 
9.72,0.36141, , 
9.76,0.354269, , 
9.79,0.347939, , 
9.83,0.341818, , 
9.87,0.335095, , 
9.9,0.329263, , 
9.94,0.322974, , 
9.97,0.317285, , 
10.01,0.311278, , 
10.05,0.305844, , 
10.08,0.300642, , 
10.12,0.294903, , 
10.16,0.289534, , 
10.2,0.283741, , 
10.23,0.278682, , 
10.27,0.274031, , 
10.31,0.269045, , 
10.34,0.264631, , 
10.38,0.260003, , 
10.41,0.255991, , 
10.45,0.251887, , 
10.49,0.248131, , 
10.52,0.244745, , 
10.56,0.241471, , 
10.6,0.2387, , 
10.64,0.235671, , 
10.67,0.232648, , 
10.71,0.229345, , 
10.75,0.226264, , 
10.78,0.223205, , 
10.82,0.219756, , 
10.85,0.216687, , 
10.89,0.213382, , 
10.93,0.210194, , 
10.96,0.207145, , 
11,0.203795, , 
11.04,0.200621, , 
11.08,0.197322, , 
11.11,0.194327, , 
11.15,0.191284, , 
11.19,0.188385, , 
11.22,0.185548, , 
11.26,0.1826, , 
11.29,0.179993, , 
11.33,0.177385, , 
11.37,0.174762, , 
11.41,0.172159, , 
11.44,0.169669, , 
11.48,0.167347, , 
11.52,0.164949, , 
11.55,0.162758, , 
11.59,0.160551, , 
11.63,0.158581, , 
11.66,0.156713, , 
11.7,0.154656, , 
11.73,0.152826, , 
11.77,0.150915, , 
11.81,0.149224, , 
11.85,0.147404, , 
11.88,0.145713, , 
11.92,0.144115, , 
11.96,0.142519, , 
11.99,0.140963, , 
12.03,0.139476, , 
12.07,0.138084, , 
12.1,0.136837, , 
12.14,0.135339, , 
12.17,0.133933, , 
12.21,0.132466, , 
12.25,0.131199, , 
12.29,0.129869, , 
12.32,0.128656, , 
12.36,0.127383, , 
12.4,0.126168, , 
12.43,0.125014, , 
12.47,0.123906, , 
12.5,0.122704, , 
12.54,0.121652, , 
12.58,0.120528, , 
12.61,0.119576, , 
12.65,0.118501, , 
12.69,0.117484, , 
12.73,0.116579, , 
12.76,0.11576, , 
12.8,0.114755, , 
12.84,0.113837, , 
12.87,0.11301, , 
12.91,0.112233, , 
12.94,0.111287, , 
12.98,0.110379, , 
13.02,0.109452, , 
13.05,0.108698, , 
13.09,0.107836, , 
13.13,0.107025, , 
13.17,0.106325, , 
13.2,0.105604, , 
13.24,0.104838, , 
13.28,0.103952, , 
13.31,0.102931, , 
13.35,0.102071, , 
13.38,0.101256, , 
13.42,0.100437, , 
13.46,0.099694, , 
13.49,0.098901, , 
13.53,0.098165, , 
13.57,0.09738, , 
13.61,0.096675, , 
13.64,0.095935, , 
13.68,0.09536, , 
13.72,0.094785, , 
13.75,0.094078, , 
13.79,0.093346, , 
13.82,0.092672, , 
13.86,0.092057, , 
13.9,0.091496, , 
13.93,0.090832, , 
13.97,0.090313, , 
14.01,0.089661, , 
14.05,0.089026, , 
14.08,0.08842, , 
14.12,0.08776, , 
14.16,0.087369, , 
14.19,0.086788, , 
14.23,0.086209, , 
14.26,0.085656, , 
14.3,0.085159, , 
14.34,0.084673, , 
14.37,0.084118, , 
14.41,0.083701, , 
14.45,0.083241, , 
14.49,0.08275, , 
14.52,0.082399, , 
14.56,0.082022, , 
14.6,0.081713, , 
14.63,0.081313, , 
14.67,0.080968, , 
14.7,0.080557, , 
14.74,0.080181, , 
14.78,0.079901, , 
14.82,0.079568, , 
14.85,0.079306, , 
14.89,0.078922, , 
14.93,0.078648, , 
14.96,0.078337, , 
15,0.07799, , 
15.04,0.07774, , 
15.07,0.077415, , 
15.11,0.077213, , 
15.14,0.076963, , 
15.19,0.076658, , 
15.22,0.076471, , 
15.26,0.076182, , 
15.29,0.075962, , 
15.33,0.075704, , 
15.37,0.075538, , 
15.4,0.075324, , 
15.44,0.075157, , 
15.48,0.074992, , 
15.51,0.074727, , 
15.55,0.0746, , 
15.58,0.074356, , 
15.62,0.07419, , 
15.66,0.074118, , 
15.7,0.073849, , 
15.73,0.073779, , 
15.77,0.073577, , 
15.81,0.073329, , 
15.84,0.07318, , 
15.88,0.072951, , 
15.91,0.07279, , 
15.95,0.072594, , 
15.99,0.07237, , 
16.02,0.072169, , 
16.06,0.072106, , 
16.1,0.072074, , 
16.14,0.071803, , 
16.17,0.071723, , 
16.21,0.071648, , 
16.25,0.07163, , 
16.28,0.071591, , 
16.32,0.071374, , 
16.35,0.071228, , 
16.39,0.071105, , 
16.43,0.071178, , 
16.46,0.071109, , 
16.5,0.070932, , 
16.54,0.070778, , 
16.58,0.070609, , 
16.61,0.070673, , 
16.65,0.070629, , 
16.69,0.070633, , 
16.72,0.070585, , 
16.76,0.07056, , 
16.79,0.070587, , 
16.83,0.070554, , 
16.87,0.070645, , 
16.91,0.070623, , 
16.94,0.070589, , 
16.98,0.070576, , 
17.01,0.070597, , 
17.05,0.070621, , 
17.09,0.070583, , 
17.13,0.070901, , 
17.16,0.07099, , 
17.2,0.071016, , 
17.24,0.071186, , 
17.27,0.071347, , 
17.31,0.071598, , 
17.35,0.071735, , 
17.38,0.072092, , 
17.42,0.072366, , 
17.45,0.07273, , 
17.49,0.073204, , 
17.53,0.073571, , 
17.56,0.074037, , 
17.6,0.074622, , 
17.64,0.075284, , 
17.68,0.075944, , 
17.71,0.076791, , 
17.75,0.077558, , 
17.79,0.078291, , 
17.82,0.079187, , 
17.86,0.080222, , 
17.89,0.081281, , 
17.93,0.082274, , 
17.97,0.083832, , 
18,0.085109, , 
18.04,0.086513, , 
18.08,0.088033, , 
18.12,0.089746, , 
18.15,0.091383, , 
18.19,0.09309, , 
18.23,0.09488, , 
18.26,0.096766, , 
18.3,0.09883, , 
18.33,0.100693, , 
18.37,0.102963, , 
18.41,0.104999, , 
18.44,0.107199, , 
18.48,0.109456, , 
18.52,0.111775, , 
18.56,0.114142, , 
18.59,0.11624, , 
18.63,0.118571, , 
18.67,0.120789, , 
18.7,0.122851, , 
18.74,0.125061, , 
18.77,0.127236, , 
18.81,0.129401, , 
18.85,0.131154, , 
18.88,0.133128, , 
18.92,0.134863, , 
18.96,0.136429, , 
19,0.138017, , 
19.03,0.139561, , 
19.07,0.140977, , 
19.11,0.142267, , 
19.14,0.143286, , 
19.18,0.144244, , 
19.21,0.145168, , 
19.25,0.145996, , 
19.29,0.146567, , 
19.32,0.1472, , 
19.36,0.147578, , 
19.4,0.147884, , 
19.44,0.148137, , 
19.47,0.148359, , 
19.51,0.148343, , 
19.55,0.148173, , 
19.58,0.147995, , 
19.62,0.147632, , 
19.65,0.147134, , 
19.69,0.146553, , 
19.73,0.145992, , 
19.76,0.145354, , 
19.8,0.144398, , 
19.84,0.14359, , 
19.88,0.142553, , 
19.91,0.141577, , 
19.95,0.140531, , 
19.99,0.139494, , 
20.02,0.138435, , 
20.06,0.137057, , 
20.09,0.135872, , 
20.13,0.134561, , 
20.17,0.13318, , 
20.21,0.131895, , 
20.24,0.1306, , 
20.28,0.129209, , 
20.32,0.127617, , 
20.35,0.126348, , 
20.39,0.124966, , 
20.43,0.123479, , 
20.46,0.122207, , 
20.5,0.120728, , 
20.53,0.119509, , 
20.57,0.117968, , 
20.61,0.116642, , 
20.65,0.115272, , 
20.68,0.113976, , 
20.72,0.112689, , 
20.76,0.111281, , 
20.79,0.110082, , 
20.83,0.108809, , 
20.87,0.107465, , 
20.9,0.106307, , 
20.94,0.104993, , 
20.97,0.103954, , 
21.01,0.102691, , 
21.05,0.101587, , 
21.09,0.100503, , 
21.12,0.099527, , 
21.16,0.098596, , 
21.2,0.09748, , 
21.23,0.096587, , 
21.27,0.0956, , 
21.31,0.094536, , 
21.34,0.09376, , 
21.38,0.09289, , 
21.41,0.092206, , 
21.45,0.091421, , 
21.49,0.090654, , 
21.53,0.089918, , 
21.56,0.089129, , 
21.6,0.088394, , 
21.64,0.087563, , 
21.67,0.087002, , 
21.71,0.086447, , 
21.75,0.085726, , 
21.78,0.085125, , 
21.82,0.084413, , 
21.85,0.083904, , 
21.89,0.083335, , 
21.93,0.082811, , 
21.97,0.082349, , 
22,0.081854, , 
22.04,0.081352, , 
22.08,0.080771, , 
22.11,0.080321, , 
22.15,0.079895, , 
22.18,0.079465, , 
22.22,0.079098, , 
22.26,0.078616, , 
22.29,0.078172, , 
22.33,0.077742, , 
22.37,0.077356, , 
22.41,0.076985, , 
22.44,0.076527, , 
22.48,0.0762, , 
22.52,0.075831, , 
22.55,0.075617, , 
22.59,0.075326, , 
22.62,0.074963, , 
22.66,0.074548, , 
22.7,0.074229, , 
22.73,0.073958, , 
22.77,0.073601, , 
22.81,0.073297, , 
22.85,0.073064, , 
22.88,0.072683, , 
22.92,0.072389, , 
22.96,0.072118, , 
22.99,0.071799, , 
23.03,0.07146, , 
23.06,0.071162, , 
23.1,0.070924, , 
23.14,0.070667, , 
23.17,0.070449, , 
23.21,0.070199, , 
23.25,0.069927, , 
23.29,0.069676, , 
23.32,0.069317, , 
23.36,0.069144, , 
23.4,0.068861, , 
23.43,0.068613, , 
23.47,0.068389, , 
23.5,0.06809, , 
23.54,0.067869, , 
23.58,0.067689, , 
23.61,0.067527, , 
23.65,0.067293, , 
23.69,0.067096, , 
23.73,0.0669, , 
23.76,0.066619, , 
23.8,0.066426, , 
23.84,0.066174, , 
23.87,0.066004, , 
23.91,0.065832, , 
23.94,0.065667, , 
23.98,0.065568, , 
24.02,0.065312, , 
24.06,0.065136, , 
24.09,0.065033, , 
24.13,0.064844, , 
24.17,0.064705, , 
24.2,0.064525, , 
24.24,0.064523, , 
24.28,0.064462, , 
24.31,0.064269, , 
24.35,0.06414, , 
24.38,0.064065, , 
24.42,0.064079, , 
24.46,0.064037, , 
24.5,0.064022, , 
24.53,0.064059, , 
24.57,0.064018, , 
24.61,0.064059, , 
24.64,0.064026, , 
24.68,0.064208, , 
24.72,0.064359, , 
24.75,0.064505, , 
24.79,0.064666, , 
24.82,0.064755, , 
24.86,0.065062, , 
24.9,0.065207, , 
24.94,0.065594, , 
24.97,0.065937, , 
25.01,0.066244, , 
25.05,0.066704, , 
25.08,0.066981, , 
25.12,0.06741, , 
25.16,0.067917, , 
25.19,0.068512, , 
25.23,0.06916, , 
25.26,0.069622, , 
25.3,0.070546, , 
25.34,0.071392, , 
25.38,0.072296, , 
25.41,0.073109, , 
25.45,0.074102, , 
25.49,0.075389, , 
25.52,0.076529, , 
25.56,0.077879, , 
25.59,0.079265, , 
25.63,0.080835, , 
25.67,0.08223, , 
25.7,0.083721, , 
25.74,0.085591, , 
25.78,0.087284, , 
25.82,0.089227, , 
25.85,0.091146, , 
25.89,0.093017, , 
25.93,0.095293, , 
25.96,0.097275, , 
26,0.099785, , 
26.03,0.101956, , 
26.07,0.104392, , 
26.11,0.106518, , 
26.14,0.108754, , 
26.18,0.111228, , 
26.22,0.113177, , 
26.26,0.115807, , 
26.29,0.118004, , 
26.33,0.120401, , 
26.37,0.122571, , 
26.4,0.124758, , 
26.44,0.127062, , 
26.47,0.129046, , 
26.51,0.131118, , 
26.55,0.133035, , 
26.58,0.13472, , 
26.62,0.136712, , 
26.66,0.138215, , 
26.7,0.139972, , 
26.73,0.141266, , 
26.77,0.142483, , 
26.81,0.143605, , 
26.84,0.14461, , 
26.88,0.145566, , 
26.91,0.146315, , 
26.95,0.147033, , 
26.99,0.147701, , 
27.02,0.148082, , 
27.06,0.148554, , 
27.1,0.148811, , 
27.14,0.148954, , 
27.17,0.148982, , 
27.21,0.148934, , 
27.25,0.148859, , 
27.28,0.148613, , 
27.32,0.148409, , 
27.35,0.14811, , 
27.39,0.147717, , 
27.43,0.147317, , 
27.47,0.146765, , 
27.5,0.14642, , 
27.54,0.14598, , 
27.58,0.145378, , 
27.61,0.144803, , 
27.65,0.144176, , 
27.69,0.143635, , 
27.72,0.142943, , 
27.76,0.142212, , 
27.79,0.1417, , 
27.83,0.141006, , 
27.87,0.140384, , 
27.9,0.139623, , 
27.94,0.138913, , 
27.98,0.138102, , 
28.02,0.13744, , 
28.05,0.136944, , 
28.09,0.136173, , 
28.13,0.135557, , 
28.16,0.134869, , 
28.2,0.134286, , 
28.23,0.133657, , 
28.27,0.13291, , 
28.31,0.132438, , 
28.35,0.131748, , 
28.38,0.131207, , 
28.42,0.130604, , 
28.46,0.130004, , 
28.49,0.129498, , 
28.53,0.128892, , 
28.57,0.128469, , 
28.6,0.127922, , 
28.64,0.127341, , 
28.67,0.126937, , 
28.71,0.126526, , 
28.75,0.126184, , 
28.79,0.125708, , 
28.82,0.125444, , 
28.86,0.125079, , 
28.9,0.124683, , 
28.93,0.124455, , 
28.97,0.124092, , 
29,0.123834, , 
29.04,0.123501, , 
29.08,0.1232, , 
29.11,0.123008, , 
29.15,0.122764, , 
29.19,0.122635, , 
29.23,0.12246, , 
29.26,0.122385, , 
29.3,0.122179, , 
29.34,0.122014, , 
29.37,0.122022, , 
29.41,0.121923, , 
29.44,0.121995, , 
29.48,0.121963, , 
29.52,0.121995, , 
29.55,0.122032, , 
29.59,0.122234, , 
29.63,0.122464, , 
29.67,0.122556, , 
29.7,0.122778, , 
29.74,0.123025, , 
29.78,0.123339, , 
29.81,0.123684, , 
29.85,0.124035, , 
29.88,0.12453, , 
29.92,0.124937, , 
29.96,0.125371, , 
29.99,0.125965, , 
30.03,0.126556, , 
30.07,0.127117, , 
30.11,0.12776, , 
30.14,0.128545, , 
30.18,0.129304, , 
30.22,0.130248, , 
30.25,0.131124, , 
30.29,0.132081, , 
30.32,0.133108, , 
30.36,0.134074, , 
30.4,0.135049, , 
30.43,0.136264, , 
30.47,0.137511, , 
30.51,0.138828, , 
30.55,0.140245, , 
30.58,0.141896, , 
30.62,0.143524, , 
30.66,0.145368, , 
30.69,0.147184, , 
30.73,0.149362, , 
30.76,0.151575, , 
30.8,0.15419, , 
30.84,0.156652, , 
30.87,0.159528, , 
30.91,0.162887, , 
30.95,0.166461, , 
30.99,0.170636, , 
31.02,0.175198, , 
31.06,0.180422, , 
31.1,0.18556, , 
31.13,0.191864, , 
31.17,0.19914, , 
31.2,0.206606, , 
31.24,0.215228, , 
31.28,0.224478, , 
31.31,0.234325, , 
31.35,0.24598, , 
31.39,0.256911, , 
31.43,0.270879, , 
31.46,0.284031, , 
31.5,0.294863, , 
31.54,0.314767, , 
31.57,0.329604, , 
31.61,0.344771, , 
31.65,0.361382, , 
31.68,0.377916, , 
31.72,0.395818, , 
31.76,0.408747, , 
31.79,0.43038, , 
31.83,0.448521, , 
31.86,0.464956, , 
31.9,0.48232, , 
31.94,0.498918, , 
31.97,0.514613, , 
32.01,0.527727, , 
32.05,0.549034, , 
32.09,0.564654, , 
32.12,0.578254, , 
32.16,0.590741, , 
32.2,0.604795, , 
32.23,0.616251, , 
32.27,0.624153, , 
32.3,0.63903, , 
32.34,0.648431, , 
32.38,0.657227, , 
32.41,0.664352, , 
32.45,0.672101, , 
32.49,0.678209, , 
32.53,0.682662, , 
32.56,0.689259, , 
32.6,0.693409, , 
32.64,0.697354, , 
32.67,0.70053, , 
32.71,0.703797, , 
32.75,0.706138, , 
32.78,0.707906, , 
32.82,0.709098, , 
32.85,0.709911, , 
32.89,0.71016, , 
32.93,0.709954, , 
32.97,0.709205, , 
33,0.708029, , 
33.04,0.706723, , 
33.08,0.70482, , 
33.11,0.702597, , 
33.15,0.699983, , 
33.19,0.697502, , 
33.22,0.694549, , 
33.26,0.690939, , 
33.29,0.687513, , 
33.33,0.683631, , 
33.37,0.679813, , 
33.41,0.675527, , 
33.44,0.671562, , 
33.48,0.667199, , 
33.52,0.6618, , 
33.55,0.657286, , 
33.59,0.652606, , 
33.63,0.647257, , 
33.66,0.642267, , 
33.7,0.636847, , 
33.74,0.63156, , 
33.77,0.626295, , 
33.81,0.62043, , 
33.84,0.615125, , 
33.88,0.60877, , 
33.92,0.603243, , 
33.96,0.596809, , 
33.99,0.591282, , 
34.03,0.585208, , 
34.07,0.578757, , 
34.1,0.572939, , 
34.14,0.566977, , 
34.17,0.560639, , 
34.21,0.554746, , 
34.25,0.548418, , 
34.28,0.542972, , 
34.32,0.536485, , 
34.36,0.530875, , 
34.4,0.524571, , 
34.43,0.519616, , 
34.47,0.51355, , 
34.51,0.507551, , 
34.54,0.502145, , 
34.58,0.496418, , 
34.61,0.491055, , 
34.65,0.485841, , 
34.69,0.480239, , 
34.72,0.475453, , 
34.76,0.469914, , 
34.8,0.465158, , 
34.84,0.459978, , 
34.87,0.455674, , 
34.91,0.451009, , 
34.95,0.446214, , 
34.98,0.442104, , 
35.02,0.437761, , 
35.05,0.433732, , 
35.09,0.429399, , 
35.13,0.425662, , 
35.16,0.421625, , 
35.2,0.41749, , 
35.24,0.413965, , 
35.28,0.410187, , 
35.31,0.406521, , 
35.35,0.402923, , 
35.39,0.399099, , 
35.42,0.395901, , 
35.46,0.391946, , 
35.49,0.388584, , 
35.53,0.384908, , 
35.57,0.381901, , 
35.6,0.378685, , 
35.64,0.375113, , 
35.68,0.371888, , 
35.72,0.368531, , 
35.75,0.365472, , 
35.79,0.362505, , 
35.83,0.359279, , 
35.86,0.356523, , 
35.9,0.353155, , 
35.93,0.350437, , 
35.97,0.347365, , 
36.01,0.344613, , 
36.04,0.341685, , 
36.08,0.338671, , 
36.12,0.335936, , 
36.16,0.332918, , 
36.19,0.330141, , 
36.23,0.327114, , 
36.27,0.324604, , 
36.3,0.321908, , 
36.34,0.318892, , 
36.37,0.31623, , 
36.41,0.313314, , 
36.45,0.310594, , 
36.48,0.308013, , 
36.52,0.305098, , 
36.56,0.302753, , 
36.6,0.299567, , 
36.63,0.296996, , 
36.67,0.294191, , 
36.71,0.291992, , 
36.74,0.289391, , 
36.78,0.28665, , 
36.81,0.284356, , 
36.85,0.282037, , 
36.89,0.279668, , 
36.93,0.277473, , 
36.96,0.275471, , 
37,0.273292, , 
37.04,0.270921, , 
37.07,0.268946, , 
37.11,0.26669, , 
37.15,0.264474, , 
37.18,0.262422, , 
37.22,0.260156, , 
37.25,0.258217, , 
37.29,0.255765, , 
37.33,0.253681, , 
37.37,0.251477, , 
37.4,0.249582, , 
37.44,0.247657, , 
37.48,0.245555, , 
37.51,0.243733, , 
37.55,0.241765, , 
37.59,0.239856, , 
37.62,0.238171, , 
37.66,0.236299, , 
37.69,0.234846, , 
37.73,0.232862, , 
37.77,0.23123, , 
37.81,0.229412, , 
37.84,0.227743, , 
37.88,0.22602, , 
37.92,0.224109, , 
37.95,0.222396, , 
37.99,0.220555, , 
38.02,0.218727, , 
38.06,0.21703, , 
38.1,0.215073, , 
38.13,0.213574, , 
38.17,0.211562, , 
38.21,0.210095, , 
38.25,0.208366, , 
38.28,0.206874, , 
38.32,0.205456, , 
38.36,0.203831, , 
38.39,0.202393, , 
38.43,0.200889, , 
38.46,0.199324, , 
38.5,0.197921, , 
38.54,0.196248, , 
38.58,0.194947, , 
38.61,0.193468, , 
38.65,0.191975, , 
38.68,0.1906, , 
38.72,0.188903, , 
38.76,0.187438, , 
38.79,0.185852, , 
38.83,0.184371, , 
38.87,0.182789, , 
38.91,0.181207, , 
38.94,0.17995, , 
38.98,0.17837, , 
39.02,0.177014, , 
39.05,0.175632, , 
39.09,0.174399, , 
39.12,0.173239, , 
39.16,0.171806, , 
39.2,0.170575, , 
39.23,0.169336, , 
39.27,0.168097, , 
39.31,0.166951, , 
39.35,0.165769, , 
39.38,0.164493, , 
39.42,0.163218, , 
39.46,0.162237, , 
39.49,0.16098, , 
39.53,0.159786, , 
39.56,0.158716, , 
39.6,0.157576, , 
39.64,0.156525, , 
39.68,0.155316, , 
39.71,0.15434, , 
39.75,0.153315, , 
39.79,0.152172, , 
39.82,0.151244, , 
39.86,0.150203, , 
39.9,0.14922, , 
39.93,0.148236, , 
39.97,0.147156, , 
40,0.146377, , 
40.04,0.145241, , 
40.08,0.144305, , 
40.12,0.143134, , 
40.15,0.142327, , 
40.19,0.141413, , 
40.23,0.140388, , 
40.26,0.139559, , 
40.3,0.138683, , 
40.34,0.137844, , 
40.37,0.136924, , 
40.41,0.135904, , 
40.44,0.135156, , 
40.48,0.134242, , 
40.52,0.13359, , 
40.56,0.132714, , 
40.59,0.13206, , 
40.63,0.131243, , 
40.67,0.130146, , 
40.7,0.129361, , 
40.74,0.128509, , 
40.78,0.127653, , 
40.81,0.126903, , 
40.85,0.126082, , 
40.88,0.125484, , 
40.92,0.124552, , 
40.96,0.123832, , 
41,0.122996, , 
41.03,0.122312, , 
41.07,0.121554, , 
41.11,0.120859, , 
41.14,0.120375, , 
41.18,0.119735, , 
41.21,0.119005, , 
41.25,0.118297, , 
41.29,0.117841, , 
41.32,0.117229, , 
41.36,0.116521, , 
41.4,0.116051, , 
41.44,0.115393, , 
41.47,0.114802, , 
41.51,0.11435, , 
41.55,0.113765, , 
41.58,0.113343, , 
41.62,0.112752, , 
41.65,0.112263, , 
41.69,0.111721, , 
41.73,0.111289, , 
41.76,0.110784, , 
41.8,0.110209, , 
41.84,0.109787, , 
41.88,0.109339, , 
41.91,0.108946, , 
41.95,0.108597, , 
41.99,0.108135, , 
42.02,0.107832, , 
42.06,0.107368, , 
42.09,0.107031, , 
42.13,0.10665, , 
42.17,0.106297, , 
42.2,0.105915, , 
42.24,0.105451, , 
42.28,0.105154, , 
42.32,0.104761, , 
42.35,0.104345, , 
42.39,0.104083, , 
42.42,0.10378, , 
42.46,0.103609, , 
42.5,0.103356, , 
42.53,0.103167, , 
42.57,0.102874, , 
42.61,0.102596, , 
42.65,0.102519, , 
42.68,0.102453, , 
42.72,0.102335, , 
42.76,0.10215, , 
42.79,0.102089, , 
42.83,0.102083, , 
42.86,0.102027, , 
42.9,0.102075, , 
42.94,0.102007, , 
42.98,0.102037, , 
43.01,0.102029, , 
43.05,0.101972, , 
43.09,0.102085, , 
43.12,0.102035, , 
43.16,0.10221, , 
43.2,0.102323, , 
43.23,0.102444, , 
43.27,0.102584, , 
43.3,0.102701, , 
43.34,0.103001, , 
43.38,0.103246, , 
43.42,0.103502, , 
43.45,0.103768, , 
43.49,0.103994, , 
43.53,0.104321, , 
43.56,0.104511, , 
43.6,0.104823, , 
43.64,0.105167, , 
43.67,0.105493, , 
43.71,0.105879, , 
43.74,0.106087, , 
43.78,0.106462, , 
43.82,0.106742, , 
43.86,0.107029, , 
43.89,0.107316, , 
43.93,0.10764, , 
43.97,0.108012, , 
44,0.108209, , 
44.04,0.108468, , 
44.07,0.108764, , 
44.11,0.108893, , 
44.15,0.109134, , 
44.18,0.109281, , 
44.22,0.109452, , 
44.26,0.109477, , 
44.3,0.109527, , 
44.33,0.109691, , 
44.37,0.109834, , 
44.41,0.109987, , 
44.44,0.109927, , 
44.48,0.109759, , 
44.51,0.109674, , 
44.55,0.109543, , 
44.59,0.109511, , 
44.62,0.109329, , 
44.66,0.10915, , 
44.7,0.108936, , 
44.74,0.108659, , 
44.77,0.108496, , 
44.81,0.108113, , 
44.85,0.1078, , 
44.88,0.107459, , 
44.92,0.107031, , 
44.95,0.106567, , 
44.99,0.106038, , 
45.03,0.105701, , 
45.06,0.105189, , 
45.1,0.10468, , 
45.14,0.104194, , 
45.18,0.103687, , 
45.21,0.103215, , 
45.25,0.102689, , 
45.29,0.102116, , 
45.32,0.101587, , 
45.36,0.100951, , 
45.39,0.100425, , 
45.43,0.099775, , 
45.47,0.099305, , 
45.5,0.098641, , 
45.54,0.098039, , 
45.58,0.097481, , 
45.62,0.096837, , 
45.65,0.096199, , 
45.69,0.095531, , 
45.73,0.095045, , 
45.76,0.094472, , 
45.8,0.09385, , 
45.83,0.093415, , 
45.87,0.092882, , 
45.91,0.092373, , 
45.94,0.091859, , 
45.98,0.091306, , 
46.02,0.090925, , 
46.06,0.090337, , 
46.09,0.089938, , 
46.13,0.089338, , 
46.16,0.088897, , 
46.2,0.088453, , 
46.24,0.087993, , 
46.28,0.08752, , 
46.31,0.087068, , 
46.35,0.086729, , 
46.39,0.086092, , 
46.42,0.085666, , 
46.46,0.085222, , 
46.49,0.084821, , 
46.53,0.084469, , 
46.57,0.084003, , 
46.6,0.083773, , 
46.64,0.08321, , 
46.68,0.082922, , 
46.72,0.08254, , 
46.75,0.082092, , 
46.79,0.081806, , 
46.83,0.081402, , 
46.86,0.081108, , 
46.9,0.08064, , 
46.94,0.080309, , 
46.97,0.080064, , 
47.01,0.079663, , 
47.04,0.079334, , 
47.08,0.078898, , 
47.12,0.078642, , 
47.15,0.078208, , 
47.19,0.077863, , 
47.23,0.077635, , 
47.27,0.077171, , 
47.3,0.076836, , 
47.34,0.076551, , 
47.38,0.076303, , 
47.41,0.07596, , 
47.45,0.075611, , 
47.48,0.075371, , 
47.52,0.075036, , 
47.56,0.074759, , 
47.59,0.074513, , 
47.63,0.074063, , 
47.67,0.073833, , 
47.71,0.073428, , 
47.74,0.073196, , 
47.78,0.072873, , 
47.82,0.0726, , 
47.85,0.072324, , 
47.89,0.071943, , 
47.92,0.071727, , 
47.96,0.071446, , 
48,0.071162, , 
48.03,0.070952, , 
48.07,0.070593, , 
48.11,0.070401, , 
48.15,0.070106, , 
48.18,0.069852, , 
48.22,0.069646, , 
48.26,0.069386, , 
48.29,0.069176, , 
48.33,0.068857, , 
48.36,0.06868, , 
48.4,0.068474, , 
48.44,0.06825, , 
48.48,0.068135, , 
48.51,0.067905, , 
48.55,0.067713, , 
48.59,0.067503, , 
48.62,0.067326, , 
48.66,0.06718, , 
48.7,0.066958, , 
48.73,0.066807, , 
48.77,0.066609, , 
48.8,0.066381, , 
48.84,0.066254, , 
48.88,0.06606, , 
48.92,0.065828, , 
48.95,0.065633, , 
48.99,0.065429, , 
49.03,0.065215, , 
49.06,0.065152, , 
49.1,0.064983, , 
49.14,0.064765, , 
49.17,0.064636, , 
49.21,0.064339, , 
49.24,0.064182, , 
49.28,0.064095, , 
49.32,0.063996, , 
49.36,0.063867, , 
49.39,0.063669, , 
49.43,0.063542, , 
49.47,0.06352, , 
49.5,0.063466, , 
49.54,0.063395, , 
49.58,0.063114, , 
49.61,0.063094, , 
49.65,0.063066, , 
49.68,0.063082, , 
49.72,0.063007, , 
49.76,0.062812, , 
49.79,0.062697, , 
49.83,0.062527, , 
49.87,0.062529, , 
49.91,0.062511, , 
49.94,0.062511, , 
49.98,0.062602, , 
50.02,0.062721, , 
50.05,0.062923, , 
50.09,0.062947, , 
50.12,0.063068, , 
50.16,0.063227, , 
50.2,0.063419, , 
50.23,0.063657, , 
50.27,0.06399, , 
50.31,0.0644, , 
50.35,0.064856, , 
50.38,0.065223, , 
50.42,0.065772, , 
50.46,0.066254, , 
50.49,0.066918, , 
50.53,0.067768, , 
50.56,0.068797, , 
50.6,0.069761, , 
50.64,0.070948, , 
50.67,0.072152, , 
50.71,0.073779, , 
50.75,0.075258, , 
50.79,0.076868, , 
50.82,0.078246, , 
50.86,0.080139, , 
50.9,0.081919, , 
50.93,0.083737, , 
50.97,0.085605, , 
51,0.08769, , 
51.04,0.089784, , 
51.08,0.091389, , 
51.11,0.093398, , 
51.15,0.095396, , 
51.19,0.097254, , 
51.23,0.099073, , 
51.26,0.100887, , 
51.3,0.102644, , 
51.34,0.104438, , 
51.37,0.105764, , 
51.41,0.107316, , 
51.44,0.108573, , 
51.48,0.109915, , 
51.52,0.110786, , 
51.55,0.111777, , 
51.59,0.112606, , 
51.63,0.113367, , 
51.67,0.114035, , 
51.7,0.114527, , 
51.74,0.114874, , 
51.78,0.114923, , 
51.81,0.114979, , 
51.85,0.114997, , 
51.88,0.114949, , 
51.92,0.114816, , 
51.96,0.114443, , 
51.99,0.11413, , 
52.03,0.113609, , 
52.07,0.113218, , 
52.11,0.112576, , 
52.14,0.111884, , 
52.18,0.111166, , 
52.22,0.110435, , 
52.25,0.109676, , 
52.29,0.108871, , 
52.32,0.10809, , 
52.36,0.10741, , 
52.4,0.106549, , 
52.43,0.10575, , 
52.47,0.104682, , 
52.51,0.103911, , 
52.55,0.10306, , 
52.58,0.102271, , 
52.62,0.10151, , 
52.66,0.100693, , 
52.69,0.099688, , 
52.73,0.098798, , 
52.76,0.097985, , 
52.8,0.097254, , 
52.84,0.096385, , 
52.88,0.095675, , 
52.91,0.09498, , 
52.95,0.094298, , 
52.99,0.093733, , 
53.02,0.093076, , 
53.06,0.092363, , 
53.1,0.091566, , 
53.13,0.090947, , 
53.17,0.090333, , 
53.2,0.089805, , 
53.24,0.089094, , 
53.28,0.088499, , 
53.32,0.0879, , 
53.35,0.087401, , 
53.39,0.086804, , 
53.43,0.086199, , 
53.46,0.085684, , 
53.5,0.08525, , 
53.53,0.084607, , 
53.57,0.084149, , 
53.61,0.083632, , 
53.64,0.083178, , 
53.68,0.082692, , 
53.72,0.082224, , 
53.76,0.081745, , 
53.79,0.081295, , 
53.83,0.080859, , 
53.87,0.080464, , 
53.9,0.07998, , 
53.94,0.07959, , 
53.97,0.07911, , 
54.01,0.078718, , 
54.05,0.078329, , 
54.08,0.077974, , 
54.12,0.077548, , 
54.16,0.077108, , 
54.2,0.076741, , 
54.23,0.076456, , 
54.27,0.076126, , 
54.31,0.075853, , 
54.34,0.075466, , 
54.38,0.075129, , 
54.41,0.074796, , 
54.45,0.074513, , 
54.49,0.074265, , 
54.52,0.073857, , 
54.56,0.073535, , 
54.6,0.073186, , 
54.63,0.072929, , 
54.67,0.072617, , 
54.71,0.072362, , 
54.75,0.072047, , 
54.78,0.071692, , 
54.82,0.07146, , 
54.86,0.071143, , 
54.89,0.070911, , 
54.93,0.070726, , 
54.97,0.070532, , 
55,0.070381, , 
55.04,0.070118, , 
55.07,0.069848, , 
55.11,0.069652, , 
55.15,0.069451, , 
55.19,0.069237, , 
55.22,0.069063, , 
55.26,0.069079, , 
55.3,0.068922, , 
55.33,0.068708, , 
55.37,0.06866, , 
55.4,0.068549, , 
55.44,0.068573, , 
55.48,0.068484, , 
55.51,0.068534, , 
55.55,0.068565, , 
55.59,0.06874, , 
55.63,0.068948, , 
55.66,0.069067, , 
55.7,0.069321, , 
55.74,0.069606, , 
55.77,0.069999, , 
55.81,0.070566, , 
55.84,0.071099, , 
55.88,0.071769, , 
55.92,0.072435, , 
55.95,0.073389, , 
55.99,0.074356, , 
56.03,0.075286, , 
56.07,0.076402, , 
56.1,0.077492, , 
56.14,0.078737, , 
56.18,0.080218, , 
56.21,0.081493, , 
56.25,0.083301, , 
56.28,0.084754, , 
56.32,0.086376, , 
56.36,0.087631, , 
56.39,0.089377, , 
56.43,0.091203, , 
56.47,0.092747, , 
56.51,0.094302, , 
56.54,0.095892, , 
56.58,0.097521, , 
56.62,0.098641, , 
56.65,0.100077, , 
56.69,0.10148, , 
56.72,0.102557, , 
56.76,0.103649, , 
56.8,0.104706, , 
56.83,0.105647, , 
56.87,0.106559, , 
56.91,0.107162, , 
56.95,0.107844, , 
56.98,0.108341, , 
57.02,0.108819, , 
57.06,0.109095, , 
57.09,0.109305, , 
57.13,0.109432, , 
57.16,0.109446, , 
57.2,0.109458, , 
57.24,0.109299, , 
57.27,0.109079, , 
57.31,0.108663, , 
57.35,0.108347, , 
57.39,0.107913, , 
57.42,0.107473, , 
57.46,0.107021, , 
57.5,0.10641, , 
57.53,0.105871, , 
57.57,0.105233, , 
57.6,0.104654, , 
57.64,0.104035, , 
57.68,0.103389, , 
57.71,0.102739, , 
57.75,0.102005, , 
57.79,0.101193, , 
57.83,0.100408, , 
57.86,0.099809, , 
57.9,0.099278, , 
57.94,0.098679, , 
57.97,0.09806, , 
58.01,0.09718, , 
58.05,0.096367, , 
58.08,0.095713, , 
58.12,0.095057, , 
58.16,0.094466, , 
58.19,0.093786, , 
58.23,0.093231, , 
58.26,0.092716, , 
58.3,0.091992, , 
58.34,0.091542, , 
58.38,0.090791, , 
58.41,0.090382, , 
58.45,0.089829, , 
58.49,0.089252, , 
58.52,0.088786, , 
58.56,0.088275, , 
58.6,0.087803, , 
58.63,0.08726, , 
58.67,0.086826, , 
58.7,0.086443, , 
58.74,0.08584, , 
58.78,0.085416, , 
58.82,0.084818, , 
58.85,0.084465, , 
58.89,0.084058, , 
58.93,0.083654, , 
58.96,0.083273, , 
59,0.082772, , 
59.03,0.082365, , 
59.07,0.081989, , 
59.11,0.081667, , 
59.14,0.08137, , 
59.18,0.080928, , 
59.22,0.080662, , 
59.26,0.080204, , 
59.29,0.079917, , 
59.33,0.079481, , 
59.37,0.079148, , 
59.4,0.078908, , 
59.44,0.078505, , 
59.47,0.078176, , 
59.51,0.077817, , 
59.55,0.077576, , 
59.58,0.07735, , 
59.62,0.077003, , 
59.66,0.076824, , 
59.7,0.076469, , 
59.73,0.076249, , 
59.77,0.076083, , 
59.81,0.075936, , 
59.84,0.075726, , 
59.88,0.075563, , 
59.91,0.075542, , 
59.95,0.075308, , 
59.99,0.075185, , 
60.02,0.075115, , 
60.06,0.075086, , 
60.1,0.075314, , 
60.14,0.075391, , 
60.17,0.075601, , 
60.21,0.075795, , 
60.25,0.076049, , 
60.28,0.076277, , 
60.32,0.076765, , 
60.35,0.077288, , 
60.39,0.077776, , 
60.43,0.078371, , 
60.46,0.07915, , 
60.5,0.079889, , 
60.54,0.080668, , 
60.58,0.081328, , 
60.61,0.082298, , 
60.65,0.083271, , 
60.69,0.083929, , 
60.72,0.08526, , 
60.76,0.086392, , 
60.79,0.087494, , 
60.83,0.088523, , 
60.87,0.089756, , 
60.9,0.090793, , 
60.94,0.091927, , 
60.98,0.093185, , 
61.02,0.09427, , 
61.05,0.095315, , 
61.09,0.096169, , 
61.13,0.097351, , 
61.16,0.098156, , 
61.2,0.098695, , 
61.24,0.099888, , 
61.27,0.100467, , 
61.31,0.10108, , 
61.34,0.101542, , 
61.38,0.102061, , 
61.42,0.102305, , 
61.45,0.102453, , 
61.49,0.102826, , 
61.53,0.102921, , 
61.57,0.103024, , 
61.6,0.103044, , 
61.64,0.103042, , 
61.68,0.10287, , 
61.71,0.102745, , 
61.75,0.102422, , 
61.78,0.102045, , 
61.82,0.101809, , 
61.86,0.101512, , 
61.89,0.101151, , 
61.93,0.100661, , 
61.97,0.10032, , 
62.01,0.099765, , 
62.04,0.09927, , 
62.08,0.098839, , 
62.12,0.098314, , 
62.15,0.097803, , 
62.19,0.097287, , 
62.22,0.096851, , 
62.26,0.096375, , 
62.3,0.095723, , 
62.33,0.095293, , 
62.37,0.094809, , 
62.41,0.094256, , 
62.45,0.093733, , 
62.48,0.093235, , 
62.52,0.092617, , 
62.56,0.092069, , 
62.59,0.091609, , 
62.63,0.091114, , 
62.66,0.09059, , 
62.7,0.090176, , 
62.74,0.089692, , 
62.77,0.089215, , 
62.81,0.088747, , 
62.85,0.088287, , 
62.89,0.087827, , 
62.92,0.087341, , 
62.96,0.087026, , 
63,0.086665, , 
63.03,0.086435, , 
63.07,0.086066, , 
63.1,0.085718, , 
63.14,0.085462, , 
63.18,0.085214, , 
63.21,0.085123, , 
63.25,0.084994, , 
63.29,0.084782, , 
63.33,0.084625, , 
63.36,0.08452, , 
63.4,0.08455, , 
63.44,0.084568, , 
63.47,0.08476, , 
63.51,0.084911, , 
63.54,0.084976, , 
63.58,0.085147, , 
63.62,0.085432, , 
63.65,0.085854, , 
63.69,0.086207, , 
63.73,0.086554, , 
63.77,0.087028, , 
63.8,0.087524, , 
63.84,0.088281, , 
63.88,0.088751, , 
63.91,0.089375, , 
63.95,0.090029, , 
63.98,0.090723, , 
64.02,0.09149, , 
64.06,0.092226, , 
64.1,0.093072, , 
64.13,0.093663, , 
64.17,0.094585, , 
64.21,0.095352, , 
64.24,0.095943, , 
64.28,0.096472, , 
64.32,0.097162, , 
64.35,0.097743, , 
64.39,0.09813, , 
64.42,0.098455, , 
64.46,0.098982, , 
64.5,0.099286, , 
64.54,0.099561, , 
64.57,0.09968, , 
64.61,0.099894, , 
64.65,0.099973, , 
64.68,0.100007, , 
64.72,0.100023, , 
64.76,0.099833, , 
64.79,0.099763, , 
64.83,0.099597, , 
64.86,0.099498, , 
64.9,0.099198, , 
64.94,0.098867, , 
64.98,0.098625, , 
65.01,0.09832, , 
65.05,0.097999, , 
65.09,0.097583, , 
65.12,0.097214, , 
65.16,0.096859, , 
65.19,0.096405, , 
65.23,0.095943, , 
65.27,0.095424, , 
65.3,0.095089, , 
65.34,0.094726, , 
65.38,0.094454, , 
65.42,0.094153, , 
65.45,0.093778, , 
65.49,0.0934, , 
65.53,0.093098, , 
65.56,0.092843, , 
65.6,0.092682, , 
65.63,0.092468, , 
65.67,0.092276, , 
65.71,0.092032, , 
65.74,0.092022, , 
65.78,0.092006, , 
65.82,0.091962, , 
65.86,0.092002, , 
65.89,0.091946, , 
65.93,0.091984, , 
65.97,0.092133, , 
66,0.092379, , 
66.04,0.092573, , 
66.07,0.092791, , 
66.11,0.093185, , 
66.15,0.093509, , 
66.18,0.093925, , 
66.22,0.094294, , 
66.26,0.094637, , 
66.3,0.095031, , 
66.33,0.095432, , 
66.37,0.095848, , 
66.41,0.096155, , 
66.44,0.096423, , 
66.48,0.096752, , 
66.51,0.096948, , 
66.55,0.097321, , 
66.59,0.097422, , 
66.62,0.097509, , 
66.66,0.097696, , 
66.7,0.097844, , 
66.74,0.097777, , 
66.77,0.097648, , 
66.81,0.09764, , 
66.85,0.09748, , 
66.88,0.097222, , 
66.92,0.097045, , 
66.95,0.096821, , 
66.99,0.096579, , 
67.03,0.096242, , 
67.06,0.096048, , 
67.1,0.095628, , 
67.14,0.095334, , 
67.18,0.094997, , 
67.21,0.094684, , 
67.25,0.094464, , 
67.29,0.094256, , 
67.32,0.094089, , 
67.36,0.093856, , 
67.39,0.093634, , 
67.43,0.093574, , 
67.47,0.093497, , 
67.5,0.093576, , 
67.54,0.093532, , 
67.58,0.093526, , 
67.62,0.093544, , 
67.65,0.093473, , 
67.69,0.093509, , 
67.73,0.093479, , 
67.76,0.093536, , 
67.8,0.093628, , 
67.83,0.09382, , 
67.87,0.093939, , 
67.91,0.093982, , 
67.95,0.094091, , 
67.98,0.09402, , 
68.02,0.094004, , 
68.06,0.094008, , 
68.09,0.093943, , 
68.13,0.093943, , 
68.17,0.093903, , 
68.2,0.093975, , 
68.24,0.093937, , 
68.27,0.093798, , 
68.31,0.093649, , 
68.35,0.093473, , 
68.39,0.093396, , 
68.42,0.093219, , 
68.46,0.093025, , 
68.5,0.092763, , 
68.53,0.092599, , 
68.57,0.092452, , 
68.6,0.09224, , 
68.64,0.092117, , 
68.68,0.091804, , 
68.72,0.091607, , 
68.75,0.091487, , 
68.79,0.091237, , 
68.82,0.091108, , 
68.86,0.090941, , 
68.9,0.090791, , 
68.94,0.090585, , 
68.97,0.090485, , 
69.01,0.090436, , 
69.05,0.090281, , 
69.08,0.09015, , 
69.12,0.090041, , 
69.16,0.090004, , 
69.19,0.089819, , 
69.23,0.089617, , 
69.26,0.089617, , 
69.3,0.08954, , 
69.34,0.089494, , 
69.38,0.089286, , 
69.41,0.089127, , 
69.45,0.08887, , 
69.49,0.088562, , 
69.52,0.088362, , 
69.56,0.088009, , 
69.6,0.087654, , 
69.63,0.087258, , 
69.67,0.086856, , 
69.7,0.086507, , 
69.74,0.085914, , 
69.78,0.085476, , 
69.82,0.084917, , 
69.85,0.084502, , 
69.89,0.083888, , 
69.93,0.083285, , 
69.96,0.082817, , 
70,0.082123, , 
70.04,0.081505, , 
70.07,0.080966, , 
70.11,0.08026, , 
70.14,0.079707, , 
70.18,0.079031, , 
70.22,0.078517, , 
70.26,0.077891, , 
70.29,0.077415, , 
70.33,0.076828, , 
70.37,0.076245, , 
70.4,0.075746, , 
70.44,0.075169, , 
70.47,0.074671, , 
70.51,0.074132, , 
70.55,0.073809, , 
70.58,0.073299, , 
70.62,0.072764, , 
70.66,0.07232, , 
70.7,0.071805, , 
70.73,0.071287, , 
70.77,0.070811, , 
70.81,0.070344, , 
70.84,0.070011, , 
70.88,0.069529, , 
70.91,0.069229, , 
70.95,0.068861, , 
70.99,0.068567, , 
71.02,0.068314, , 
71.06,0.068022, , 
71.1,0.067826, , 
71.14,0.067521, , 
71.17,0.067308, , 
71.21,0.067136, , 
71.25,0.066902, , 
71.28,0.066708, , 
71.32,0.06649, , 
71.35,0.066323, , 
71.39,0.066176, , 
71.43,0.066123, , 
71.46,0.065891, , 
71.5,0.065643, , 
71.54,0.06556, , 
71.58,0.065298, , 
71.61,0.065211, , 
71.65,0.064908, , 
71.69,0.064743, , 
71.72,0.064587, , 
71.76,0.064281, , 
71.79,0.064182, , 
71.83,0.06399, , 
71.87,0.063722, , 
71.9,0.06356, , 
71.94,0.063355, , 
71.98,0.063225, , 
72.02,0.063044, , 
72.05,0.062981, , 
72.09,0.062683, , 
72.13,0.062616, , 
72.16,0.062555, , 
72.2,0.062368, , 
72.23,0.06219, , 
72.27,0.062021, , 
72.31,0.062069, , 
72.35,0.061999, , 
72.38,0.061932, , 
72.42,0.06172, , 
72.46,0.061561, , 
72.49,0.061565, , 
72.53,0.061496, , 
72.57,0.061337, , 
72.6,0.061141, , 
72.64,0.061056, , 
72.67,0.061076, , 
72.71,0.060961, , 
72.75,0.060893, , 
72.79,0.060685, , 
72.82,0.060602, , 
72.86,0.060548, , 
72.9,0.060475, , 
72.93,0.060471, , 
72.97,0.060295, , 
73,0.06012, , 
73.04,0.060015, , 
73.08,0.060011, , 
73.11,0.059989, , 
73.15,0.059856, , 
73.19,0.059668, , 
73.23,0.059527, , 
73.26,0.059537, , 
73.3,0.059531, , 
73.34,0.059438, , 
73.37,0.059262, , 
73.41,0.059119, , 
73.44,0.059089, , 
73.48,0.058968, , 
73.52,0.058984, , 
73.55,0.058982, , 
73.59,0.058966, , 
73.63,0.058835, , 
73.67,0.058598, , 
73.7,0.058582, , 
73.74,0.058494, , 
73.78,0.058457, , 
73.81,0.058364, , 
73.85,0.058185, , 
73.88,0.058086, , 
73.92,0.058046, , 
73.96,0.058056, , 
73.99,0.057937, , 
74.03,0.057638, , 
74.07,0.057622, , 
74.11,0.057537, , 
74.14,0.057559, , 
74.18,0.057533, , 
74.22,0.057557, , 
74.25,0.05742, , 
74.29,0.057134, , 
74.32,0.057051, , 
74.36,0.056978, , 
74.4,0.057029, , 
74.43,0.057012, , 
74.47,0.057012, , 
74.51,0.057037, , 
74.55,0.057023, , 
74.58,0.057006, , 
74.62,0.056732, , 
74.66,0.056573, , 
74.69,0.056536, , 
74.73,0.05651, , 
74.76,0.056573, , 
74.8,0.0565, , 
74.84,0.056411, , 
74.87,0.056177, , 
74.91,0.056102, , 
74.95,0.05606, , 
74.99,0.056048, , 
75.02,0.056046, , 
75.06,0.055999, , 
75.1,0.055927, , 
75.13,0.055723, , 
75.17,0.055598, , 
75.2,0.05558, , 
75.24,0.055517, , 
75.28,0.055511, , 
75.31,0.055489, , 
75.35,0.055543, , 
75.39,0.055531, , 
75.43,0.055519, , 
75.46,0.055556, , 
75.5,0.055388, , 
75.54,0.055233, , 
75.57,0.055011, , 
75.61,0.055003, , 
75.65,0.054993, , 
75.68,0.054997, , 
75.72,0.055041, , 
75.75,0.054982, , 
75.79,0.054991, , 
75.83,0.05497, , 
75.86,0.054991, , 
75.9,0.054993, , 
75.94,0.054999, , 
75.98,0.055025, , 
76.01,0.055007, , 
76.05,0.054995, , 
76.09,0.054829, , 
76.12,0.05469, , 
76.16,0.054563, , 
76.19,0.054533, , 
76.23,0.054535, , 
76.27,0.054482, , 
76.3,0.05448, , 
76.34,0.054476, , 
76.38,0.054555, , 
76.42,0.054524, , 
76.45,0.054518, , 
76.49,0.054533, , 
76.53,0.054496, , 
76.56,0.054555, , 
76.6,0.054549, , 
76.64,0.054565, , 
76.67,0.054532, , 
76.71,0.054506, , 
76.74,0.054535, , 
76.78,0.054535, , 
76.82,0.054581, , 
76.85,0.054532, , 
76.89,0.054567, , 
76.93,0.054573, , 
76.97,0.054559, , 
77,0.054482, , 
77.04,0.054187, , 
77.08,0.054117, , 
77.11,0.054038, , 
77.15,0.054038, , 
77.18,0.054056, , 
77.22,0.05401, , 
77.26,0.054046, , 
77.29,0.053998, , 
77.33,0.054028, , 
77.37,0.054062, , 
77.41,0.054018, , 
77.44,0.054042, , 
77.48,0.05403, , 
77.52,0.054042, , 
77.55,0.05401, , 
77.59,0.05408, , 
77.63,0.054064, , 
77.66,0.054076, , 
77.7,0.053957, , 
77.74,0.053741, , 
77.74,0.053741, , 
77.86,0.053689, , 