Gradient Profiler Text Data File: 293t_flag_ragbq99l_rich.csv,,,
Version: 1.88,,,
Date: 2017-02-21,,,
Time: 19:27:34,,,
,,,
User: Alicia,,,
Experiment name: 20170221_RPb_polysome_1through6,,,
UV Unit: EM-1,,,
Rotor Manufacturer: Beckman,,,
Rotor Model: SW41Ti,,,
Speed: 35000 rpm,,,
Gradient: sucrose 10.0% to 50.0% w/v,,,
Time: 180,,,
w2t:  x 10^0,,,
Sample Volume: 0.25 ml,,,
Number of Tubes: 8,,,
Volume per mm: 0.143 ml/mm,,,
Temperature: 4.0 deg C,,,
,,,
Absorbance Units Full Scale (AUFS): 2.00,,,
Manual-triggered gradient; (with distance; but no event marks),,,
Delay: No Delay,,,
UV Wavelength: 254 nm,,,
Samples / sec: 6 Hz,,,
EM1 Speed: 0.22 mm/sec,,,
Distance: 2.02 mm,,,
Number: 52,,,
Dead Volume: 0.000000 ml; Distance due to Dead Volume: 0.00 mm,,,
Length of Tubing: 0 mm,,,
Total Distance: 105.04 mm,,,
,,,
Data Columns:,,,
Distance, Absorbance, Fraction Number, Fraction Volume(ml)
0.04,0.043949, , 
0.07,0.043951, , 
0.11,0.043979, , 
0.15,0.043981, , 
0.18,0.043919, , 
0.22,0.043937, , 
0.26,0.043888, , 
0.3,0.043921, , 
0.33,0.043892, , 
0.37,0.043906, , 
0.41,0.043908, , 
0.44,0.043848, , 
0.48,0.043925, , 
0.51,0.043908, , 
0.55,0.043961, , 
0.59,0.043963, , 
0.62,0.0439, , 
0.66,0.044011, , 
0.7,0.043961, , 
0.74,0.044003, , 
0.77,0.043975, , 
0.81,0.043959, , 
0.85,0.043991, , 
0.88,0.043923, , 
0.92,0.044019, , 
0.95,0.044199, , 
0.99,0.044407, , 
1.03,0.04449, , 
1.06,0.044415, , 
1.1,0.044645, , 
1.14,0.044752, , 
1.18,0.044938, , 
1.21,0.044968, , 
1.25,0.044948, , 
1.29,0.04502, , 
1.32,0.044958, , 
1.36,0.045026, , 
1.39,0.04498, , 
1.43,0.044976, , 
1.47,0.045032, , 
1.51,0.044962, , 
1.54,0.045089, , 
1.58,0.04524, , 
1.62,0.045444, , 
1.65,0.045507, , 
1.69,0.045495, , 
1.73,0.045491, , 
1.76,0.04542, , 
1.8,0.045484, , 
1.83,0.045444, , 
1.87,0.04547, , 
1.91,0.045497, , 
1.95,0.045464, , 
1.98,0.045525, , 
2.02,0.045521, , 
2.06,0.045535, , 
2.09,0.045476, , 
2.13,0.045416, , 
2.16,0.04545, , 
2.2,0.04538, , 
2.24,0.045446, , 
2.27,0.045434, , 
2.31,0.045382, , 
2.35,0.045466, , 
2.39,0.045404, , 
2.42,0.045462, , 
2.46,0.045432, , 
2.5,0.045444, , 
2.53,0.045493, , 
2.57,0.045448, , 
2.6,0.045468, , 
2.64,0.045424, , 
2.68,0.045486, , 
2.71,0.04547, , 
2.75,0.04543, , 
2.79,0.04547, , 
2.83,0.045452, , 
2.86,0.04547, , 
2.9,0.045426, , 
2.94,0.045454, , 
2.97,0.045446, , 
3.01,0.045369, , 
3.04,0.045303, , 
3.08,0.04503, , 
3.12,0.045004, , 
3.15,0.045008, , 
3.19,0.044944, , 
3.23,0.04497, , 
3.27,0.044928, , 
3.3,0.044972, , 
3.34,0.044962, , 
3.38,0.044968, , 
3.41,0.044984, , 
3.45,0.044915, , 
3.48,0.04497, , 
3.52,0.044925, , 
3.56,0.045087, , 
3.59,0.045309, , 
3.63,0.045398, , 
3.67,0.045529, , 
3.71,0.045428, , 
3.74,0.045821, , 
3.78,0.049399, , 
3.82,0.064924, , 
3.85,0.110613, , 
3.89,0.197084, , 
3.92,0.294831, , 
3.96,0.405631, , 
4,0.5165, , 
4.03,0.624005, , 
4.07,0.742796, , 
4.11,0.845995, , 
4.15,0.968762, , 
4.18,1.070724, , 
4.22,1.16118, , 
4.26,1.209778, , 
4.29,1.231073, , 
4.33,1.239459, , 
4.36,1.242286, , 
4.4,1.243747, , 
4.44,1.244875, , 
4.48,1.245886, , 
4.51,1.246769, , 
4.55,1.24795, , 
4.59,1.249211, , 
4.62,1.250513, , 
4.66,1.251897, , 
4.69,1.253527, , 
4.73,1.25523, , 
4.77,1.257161, , 
4.8,1.259137, , 
4.84,1.261536, , 
4.88,1.26384, , 
4.92,1.266548, , 
4.95,1.268992, , 
4.99,1.271813, , 
5.03,1.274692, , 
5.06,1.277471, , 
5.1,1.280488, , 
5.13,1.283621, , 
5.17,1.286765, , 
5.21,1.289972, , 
5.24,1.292934, , 
5.28,1.296477, , 
5.32,1.299746, , 
5.36,1.303001, , 
5.39,1.306163, , 
5.43,1.309607, , 
5.47,1.312959, , 
5.5,1.316188, , 
5.54,1.319654, , 
5.57,1.323054, , 
5.61,1.326553, , 
5.65,1.329245, , 
5.68,1.331993, , 
5.72,1.334703, , 
5.76,1.337327, , 
5.8,1.340136, , 
5.83,1.34289, , 
5.87,1.345636, , 
5.91,1.348296, , 
5.94,1.350576, , 
5.98,1.353469, , 
6.01,1.356208, , 
6.05,1.359077, , 
6.09,1.361353, , 
6.12,1.363767, , 
6.16,1.365893, , 
6.2,1.367528, , 
6.24,1.369078, , 
6.27,1.370074, , 
6.31,1.370579, , 
6.35,1.370726, , 
6.38,1.370748, , 
6.42,1.370325, , 
6.45,1.369677, , 
6.49,1.36871, , 
6.53,1.367508, , 
6.56,1.366236, , 
6.6,1.364422, , 
6.64,1.36257, , 
6.68,1.360114, , 
6.71,1.357556, , 
6.75,1.354466, , 
6.79,1.3513, , 
6.82,1.347908, , 
6.86,1.343691, , 
6.89,1.33949, , 
6.93,1.334522, , 
6.97,1.329629, , 
7,1.324437, , 
7.04,1.318258, , 
7.08,1.312483, , 
7.12,1.305882, , 
7.15,1.299389, , 
7.19,1.291881, , 
7.23,1.284546, , 
7.26,1.276948, , 
7.3,1.267969, , 
7.33,1.259353, , 
7.37,1.249411, , 
7.41,1.24003, , 
7.45,1.229291, , 
7.48,1.219161, , 
7.52,1.209058, , 
7.56,1.197681, , 
7.59,1.186944, , 
7.63,1.174823, , 
7.67,1.163501, , 
7.7,1.152178, , 
7.74,1.139636, , 
7.77,1.128208, , 
7.81,1.115522, , 
7.85,1.103649, , 
7.89,1.090505, , 
7.92,1.078188, , 
7.96,1.065796, , 
8,1.052115, , 
8.03,1.039512, , 
8.07,1.025711, , 
8.1,1.013096, , 
8.14,1.000575, , 
8.18,0.986511, , 
8.21,0.973572, , 
8.25,0.95936, , 
8.29,0.946327, , 
8.33,0.93224, , 
8.36,0.919316, , 
8.4,0.906592, , 
8.44,0.892638, , 
8.47,0.879829, , 
8.51,0.865867, , 
8.54,0.853227, , 
8.58,0.840688, , 
8.62,0.826753, , 
8.65,0.814131, , 
8.69,0.800519, , 
8.73,0.788222, , 
8.77,0.775072, , 
8.8,0.763088, , 
8.84,0.751304, , 
8.88,0.738518, , 
8.91,0.727067, , 
8.95,0.714621, , 
8.98,0.703497, , 
9.02,0.691379, , 
9.06,0.680251, , 
9.09,0.669286, , 
9.13,0.657298, , 
9.17,0.646541, , 
9.21,0.635031, , 
9.24,0.624663, , 
9.28,0.614374, , 
9.32,0.603048, , 
9.35,0.592902, , 
9.39,0.582353, , 
9.42,0.572951, , 
9.46,0.562848, , 
9.5,0.553675, , 
9.53,0.544667, , 
9.57,0.535012, , 
9.61,0.52624, , 
9.65,0.516875, , 
9.68,0.508511, , 
9.72,0.500305, , 
9.76,0.491319, , 
9.79,0.483189, , 
9.83,0.474638, , 
9.86,0.467022, , 
9.9,0.459019, , 
9.94,0.451594, , 
9.97,0.444186, , 
10.01,0.43626, , 
10.05,0.429383, , 
10.09,0.422212, , 
10.12,0.415589, , 
10.16,0.408402, , 
10.2,0.402039, , 
10.23,0.395919, , 
10.27,0.389498, , 
10.3,0.38383, , 
10.34,0.377863, , 
10.38,0.372458, , 
10.41,0.36706, , 
10.45,0.362134, , 
10.49,0.356351, , 
10.53,0.35122, , 
10.56,0.346655, , 
10.6,0.341816, , 
10.64,0.337068, , 
10.67,0.33252, , 
10.71,0.327742, , 
10.74,0.32371, , 
10.78,0.319027, , 
10.82,0.314848, , 
10.86,0.310235, , 
10.89,0.306431, , 
10.93,0.302254, , 
10.97,0.298035, , 
11,0.294256, , 
11.04,0.290381, , 
11.08,0.286729, , 
11.11,0.282481, , 
11.15,0.278472, , 
11.19,0.274864, , 
11.22,0.27142, , 
11.26,0.267232, , 
11.29,0.263885, , 
11.33,0.261268, , 
11.37,0.256853, , 
11.4,0.253636, , 
11.44,0.250153, , 
11.48,0.247159, , 
11.52,0.24365, , 
11.55,0.240665, , 
11.59,0.23874, , 
11.63,0.234469, , 
11.66,0.231706, , 
11.7,0.228724, , 
11.73,0.226141, , 
11.77,0.22332, , 
11.81,0.22041, , 
11.84,0.218511, , 
11.88,0.215047, , 
11.92,0.212613, , 
11.96,0.209944, , 
11.99,0.207518, , 
12.03,0.205151, , 
12.07,0.202348, , 
12.1,0.200758, , 
12.14,0.19735, , 
12.18,0.19527, , 
12.21,0.193173, , 
12.25,0.190722, , 
12.28,0.188641, , 
12.32,0.186066, , 
12.36,0.184278, , 
12.39,0.182285, , 
12.43,0.180134, , 
12.47,0.178289, , 
12.51,0.176241, , 
12.54,0.174405, , 
12.58,0.172541, , 
12.62,0.170997, , 
12.65,0.169453, , 
12.69,0.167676, , 
12.72,0.166053, , 
12.76,0.164384, , 
12.8,0.16296, , 
12.83,0.161612, , 
12.87,0.160147, , 
12.91,0.158825, , 
12.95,0.157201, , 
12.98,0.155968, , 
13.02,0.154535, , 
13.06,0.15346, , 
13.09,0.152296, , 
13.13,0.151042, , 
13.17,0.149723, , 
13.2,0.148565, , 
13.24,0.147475, , 
13.27,0.146403, , 
13.31,0.145185, , 
13.35,0.144057, , 
13.38,0.142957, , 
13.42,0.14198, , 
13.46,0.141038, , 
13.5,0.139993, , 
13.53,0.13901, , 
13.57,0.138066, , 
13.61,0.137028, , 
13.64,0.136052, , 
13.68,0.135224, , 
13.71,0.134333, , 
13.75,0.13339, , 
13.79,0.132343, , 
13.82,0.131322, , 
13.86,0.13047, , 
13.9,0.129609, , 
13.94,0.128685, , 
13.97,0.127809, , 
14.01,0.126871, , 
14.05,0.125898, , 
14.08,0.124935, , 
14.12,0.124102, , 
14.15,0.123232, , 
14.19,0.122318, , 
14.23,0.121378, , 
14.26,0.120486, , 
14.3,0.119455, , 
14.34,0.118559, , 
14.38,0.117718, , 
14.41,0.116898, , 
14.45,0.115901, , 
14.49,0.11501, , 
14.52,0.11413, , 
14.56,0.113418, , 
14.59,0.112526, , 
14.63,0.111503, , 
14.67,0.110685, , 
14.7,0.109838, , 
14.74,0.109085, , 
14.78,0.108314, , 
14.82,0.107586, , 
14.85,0.106831, , 
14.89,0.10606, , 
14.93,0.105294, , 
14.96,0.104553, , 
15,0.103756, , 
15.03,0.102969, , 
15.07,0.102226, , 
15.11,0.101758, , 
15.14,0.101097, , 
15.18,0.10041, , 
15.22,0.099698, , 
15.26,0.09918, , 
15.29,0.098584, , 
15.33,0.097943, , 
15.37,0.09748, , 
15.4,0.096869, , 
15.44,0.096316, , 
15.47,0.095715, , 
15.51,0.09519, , 
15.55,0.094714, , 
15.58,0.094185, , 
15.62,0.093665, , 
15.66,0.093122, , 
15.7,0.092577, , 
15.73,0.092186, , 
15.77,0.091711, , 
15.81,0.091346, , 
15.84,0.090858, , 
15.88,0.090495, , 
15.91,0.090154, , 
15.95,0.089829, , 
15.99,0.089542, , 
16.03,0.08904, , 
16.06,0.088751, , 
16.1,0.088338, , 
16.14,0.087974, , 
16.17,0.087722, , 
16.21,0.087413, , 
16.25,0.087151, , 
16.28,0.086816, , 
16.32,0.086536, , 
16.35,0.086259, , 
16.39,0.085971, , 
16.43,0.085743, , 
16.47,0.085412, , 
16.5,0.085303, , 
16.54,0.085083, , 
16.58,0.084833, , 
16.61,0.084633, , 
16.65,0.084324, , 
16.69,0.084134, , 
16.72,0.08385, , 
16.76,0.083693, , 
16.79,0.083493, , 
16.83,0.083232, , 
16.87,0.083039, , 
16.91,0.08275, , 
16.94,0.082716, , 
16.98,0.082522, , 
17.02,0.082304, , 
17.05,0.082189, , 
17.09,0.081961, , 
17.12,0.081778, , 
17.16,0.081616, , 
17.2,0.081501, , 
17.23,0.081297, , 
17.27,0.08112, , 
17.31,0.081053, , 
17.35,0.080787, , 
17.38,0.080686, , 
17.42,0.080601, , 
17.46,0.080494, , 
17.49,0.0803, , 
17.53,0.080089, , 
17.56,0.080119, , 
17.6,0.08001, , 
17.64,0.080008, , 
17.67,0.079812, , 
17.71,0.079612, , 
17.75,0.07958, , 
17.79,0.079542, , 
17.82,0.079602, , 
17.86,0.079556, , 
17.9,0.079566, , 
17.93,0.07958, , 
17.97,0.079528, , 
18,0.079602, , 
18.04,0.07956, , 
18.08,0.07958, , 
18.11,0.079554, , 
18.15,0.07956, , 
18.19,0.079608, , 
18.23,0.079536, , 
18.26,0.079592, , 
18.3,0.079562, , 
18.34,0.079594, , 
18.37,0.079842, , 
18.41,0.079941, , 
18.44,0.080042, , 
18.48,0.08, , 
18.52,0.080179, , 
18.55,0.080389, , 
18.59,0.080488, , 
18.63,0.080539, , 
18.67,0.080656, , 
18.7,0.080924, , 
18.74,0.081098, , 
18.78,0.08136, , 
18.81,0.081626, , 
18.85,0.081895, , 
18.88,0.082195, , 
18.92,0.08246, , 
18.96,0.082883, , 
18.99,0.08323, , 
19.03,0.083646, , 
19.07,0.08414, , 
19.11,0.084625, , 
19.14,0.085268, , 
19.18,0.085981, , 
19.22,0.086669, , 
19.25,0.087462, , 
19.29,0.088221, , 
19.32,0.088985, , 
19.36,0.089817, , 
19.4,0.090854, , 
19.44,0.092016, , 
19.47,0.092969, , 
19.51,0.094197, , 
19.55,0.095535, , 
19.58,0.096788, , 
19.62,0.098132, , 
19.66,0.099599, , 
19.69,0.101149, , 
19.73,0.10289, , 
19.76,0.104493, , 
19.8,0.106458, , 
19.84,0.108308, , 
19.88,0.11035, , 
19.91,0.112241, , 
19.95,0.114301, , 
19.99,0.116523, , 
20.02,0.118737, , 
20.06,0.120861, , 
20.1,0.122946, , 
20.13,0.125081, , 
20.17,0.127432, , 
20.2,0.129577, , 
20.24,0.13204, , 
20.28,0.134248, , 
20.32,0.136643, , 
20.35,0.138849, , 
20.39,0.141328, , 
20.43,0.143584, , 
20.46,0.145723, , 
20.5,0.147969, , 
20.53,0.150124, , 
20.57,0.152128, , 
20.61,0.154283, , 
20.64,0.156154, , 
20.68,0.158129, , 
20.72,0.159862, , 
20.76,0.161733, , 
20.79,0.163204, , 
20.83,0.164699, , 
20.87,0.166051, , 
20.9,0.167369, , 
20.94,0.168539, , 
20.97,0.169673, , 
21.01,0.170759, , 
21.05,0.171683, , 
21.08,0.172456, , 
21.12,0.173233, , 
21.16,0.17385, , 
21.2,0.174369, , 
21.23,0.174758, , 
21.27,0.175117, , 
21.31,0.175305, , 
21.34,0.175505, , 
21.38,0.175501, , 
21.41,0.175521, , 
21.45,0.175497, , 
21.49,0.175309, , 
21.52,0.175148, , 
21.56,0.174851, , 
21.6,0.174536, , 
21.64,0.174024, , 
21.67,0.173554, , 
21.71,0.173009, , 
21.75,0.172343, , 
21.78,0.171917, , 
21.82,0.171156, , 
21.85,0.17045, , 
21.89,0.169544, , 
21.93,0.168612, , 
21.96,0.167789, , 
22,0.166836, , 
22.04,0.16594, , 
22.08,0.164897, , 
22.11,0.163836, , 
22.15,0.162807, , 
22.19,0.161818, , 
22.22,0.160859, , 
22.26,0.159699, , 
22.29,0.158652, , 
22.33,0.157615, , 
22.37,0.156523, , 
22.4,0.155504, , 
22.44,0.15437, , 
22.48,0.153421, , 
22.52,0.152199, , 
22.55,0.151093, , 
22.59,0.149965, , 
22.63,0.148998, , 
22.66,0.147961, , 
22.7,0.146756, , 
22.73,0.145687, , 
22.77,0.144589, , 
22.81,0.143508, , 
22.84,0.142479, , 
22.88,0.141375, , 
22.92,0.140433, , 
22.96,0.139226, , 
22.99,0.138245, , 
23.03,0.13723, , 
23.07,0.136262, , 
23.1,0.135285, , 
23.14,0.134197, , 
23.17,0.133289, , 
23.21,0.132389, , 
23.25,0.131374, , 
23.29,0.130416, , 
23.32,0.129447, , 
23.36,0.128457, , 
23.4,0.127409, , 
23.43,0.126334, , 
23.47,0.125329, , 
23.5,0.124379, , 
23.54,0.123408, , 
23.58,0.12248, , 
23.61,0.121594, , 
23.65,0.120652, , 
23.69,0.119727, , 
23.73,0.11871, , 
23.76,0.117784, , 
23.8,0.116975, , 
23.84,0.116162, , 
23.87,0.115417, , 
23.91,0.114606, , 
23.94,0.11368, , 
23.98,0.112752, , 
24.02,0.111926, , 
24.05,0.111162, , 
24.09,0.110326, , 
24.13,0.109689, , 
24.17,0.10913, , 
24.2,0.108441, , 
24.24,0.107753, , 
24.28,0.107041, , 
24.31,0.106345, , 
24.35,0.105534, , 
24.38,0.104785, , 
24.42,0.104145, , 
24.46,0.103502, , 
24.49,0.102953, , 
24.53,0.102174, , 
24.57,0.101611, , 
24.61,0.101066, , 
24.64,0.100509, , 
24.68,0.100035, , 
24.72,0.09942, , 
24.75,0.098879, , 
24.79,0.098288, , 
24.82,0.097813, , 
24.86,0.097267, , 
24.9,0.096575, , 
24.94,0.096054, , 
24.97,0.095578, , 
25.01,0.095106, , 
25.05,0.094678, , 
25.08,0.094181, , 
25.12,0.093695, , 
25.16,0.093132, , 
25.19,0.092706, , 
25.23,0.092283, , 
25.26,0.091839, , 
25.3,0.091362, , 
25.34,0.090906, , 
25.38,0.090444, , 
25.41,0.090014, , 
25.45,0.089526, , 
25.49,0.089114, , 
25.52,0.088721, , 
25.56,0.088257, , 
25.6,0.087714, , 
25.63,0.087355, , 
25.67,0.087093, , 
25.7,0.086515, , 
25.74,0.086076, , 
25.78,0.085595, , 
25.81,0.085242, , 
25.85,0.084663, , 
25.89,0.084356, , 
25.93,0.083959, , 
25.96,0.083394, , 
26,0.083033, , 
26.04,0.082514, , 
26.07,0.082207, , 
26.11,0.081753, , 
26.14,0.08141, , 
26.18,0.081146, , 
26.22,0.080644, , 
26.25,0.080391, , 
26.29,0.08002, , 
26.33,0.07975, , 
26.37,0.079342, , 
26.4,0.079037, , 
26.44,0.07886, , 
26.48,0.078367, , 
26.51,0.07816, , 
26.55,0.077825, , 
26.59,0.077601, , 
26.62,0.077304, , 
26.66,0.077046, , 
26.69,0.076908, , 
26.73,0.076658, , 
26.77,0.076519, , 
26.81,0.076297, , 
26.84,0.076148, , 
26.88,0.075936, , 
26.92,0.075672, , 
26.95,0.075629, , 
26.99,0.075512, , 
27.03,0.075486, , 
27.06,0.075262, , 
27.1,0.075098, , 
27.13,0.075092, , 
27.17,0.075004, , 
27.21,0.075056, , 
27.25,0.075028, , 
27.28,0.07505, , 
27.32,0.075094, , 
27.36,0.074979, , 
27.39,0.075058, , 
27.43,0.075103, , 
27.47,0.075328, , 
27.5,0.075435, , 
27.54,0.075554, , 
27.57,0.075764, , 
27.61,0.075948, , 
27.65,0.076269, , 
27.69,0.076471, , 
27.72,0.076727, , 
27.76,0.077118, , 
27.8,0.077484, , 
27.83,0.078032, , 
27.87,0.078561, , 
27.91,0.07909, , 
27.94,0.079679, , 
27.98,0.080508, , 
28.01,0.081414, , 
28.05,0.08247, , 
28.09,0.083462, , 
28.13,0.084469, , 
28.16,0.085595, , 
28.2,0.08682, , 
28.24,0.08813, , 
28.27,0.089474, , 
28.31,0.090745, , 
28.34,0.092163, , 
28.38,0.093568, , 
28.42,0.095219, , 
28.45,0.096825, , 
28.49,0.09861, , 
28.53,0.100233, , 
28.57,0.101994, , 
28.6,0.103534, , 
28.64,0.105292, , 
28.68,0.107158, , 
28.71,0.10896, , 
28.75,0.110774, , 
28.78,0.112645, , 
28.82,0.114457, , 
28.86,0.116416, , 
28.89,0.118133, , 
28.93,0.12008, , 
28.97,0.121828, , 
29.01,0.123588, , 
29.04,0.12523, , 
29.08,0.126913, , 
29.12,0.128628, , 
29.15,0.130317, , 
29.19,0.131788, , 
29.22,0.133203, , 
29.26,0.134774, , 
29.3,0.136092, , 
29.33,0.137452, , 
29.37,0.138508, , 
29.41,0.139615, , 
29.45,0.140677, , 
29.48,0.141585, , 
29.52,0.142394, , 
29.56,0.143173, , 
29.59,0.143893, , 
29.63,0.144725, , 
29.66,0.145318, , 
29.7,0.145784, , 
29.74,0.146109, , 
29.77,0.14644, , 
29.81,0.146684, , 
29.85,0.146902, , 
29.89,0.146952, , 
29.92,0.147003, , 
29.96,0.147011, , 
30,0.146918, , 
30.03,0.146801, , 
30.07,0.146559, , 
30.1,0.146323, , 
30.14,0.146006, , 
30.18,0.14575, , 
30.21,0.145415, , 
30.25,0.144866, , 
30.29,0.144456, , 
30.33,0.143849, , 
30.36,0.143358, , 
30.4,0.142822, , 
30.44,0.142287, , 
30.47,0.141712, , 
30.51,0.14103, , 
30.54,0.140544, , 
30.58,0.139884, , 
30.62,0.139163, , 
30.66,0.138407, , 
30.69,0.137819, , 
30.73,0.137295, , 
30.77,0.13655, , 
30.8,0.135892, , 
30.84,0.13513, , 
30.88,0.134337, , 
30.91,0.133679, , 
30.95,0.132781, , 
30.98,0.132224, , 
31.02,0.1316, , 
31.06,0.130993, , 
31.1,0.130248, , 
31.13,0.129524, , 
31.17,0.128802, , 
31.21,0.127942, , 
31.24,0.127183, , 
31.28,0.126453, , 
31.32,0.125712, , 
31.35,0.125208, , 
31.39,0.12454, , 
31.42,0.12392, , 
31.46,0.123164, , 
31.5,0.122631, , 
31.54,0.122018, , 
31.57,0.121352, , 
31.61,0.120726, , 
31.65,0.120048, , 
31.68,0.119491, , 
31.72,0.118882, , 
31.75,0.118373, , 
31.79,0.117792, , 
31.83,0.117157, , 
31.86,0.116666, , 
31.9,0.116029, , 
31.94,0.115542, , 
31.98,0.115135, , 
32.01,0.114614, , 
32.05,0.11419, , 
32.09,0.113718, , 
32.12,0.113337, , 
32.16,0.112955, , 
32.19,0.112417, , 
32.23,0.112023, , 
32.27,0.111555, , 
32.3,0.111196, , 
32.34,0.110843, , 
32.38,0.11052, , 
32.42,0.110199, , 
32.45,0.10983, , 
32.49,0.109622, , 
32.53,0.109341, , 
32.56,0.109126, , 
32.6,0.108849, , 
32.63,0.108581, , 
32.67,0.108308, , 
32.71,0.108086, , 
32.74,0.108042, , 
32.78,0.107925, , 
32.82,0.107763, , 
32.86,0.107636, , 
32.89,0.107495, , 
32.93,0.107564, , 
32.97,0.107554, , 
33,0.107521, , 
33.04,0.107554, , 
33.07,0.107523, , 
33.11,0.107542, , 
33.15,0.107521, , 
33.18,0.107558, , 
33.22,0.107757, , 
33.26,0.107874, , 
33.3,0.108, , 
33.33,0.108125, , 
33.37,0.108401, , 
33.41,0.108611, , 
33.44,0.108871, , 
33.48,0.109198, , 
33.51,0.109463, , 
33.55,0.109832, , 
33.59,0.110249, , 
33.62,0.110703, , 
33.66,0.111208, , 
33.7,0.1117, , 
33.74,0.112328, , 
33.77,0.112887, , 
33.81,0.113752, , 
33.85,0.114521, , 
33.88,0.115462, , 
33.92,0.116582, , 
33.95,0.117703, , 
33.99,0.119055, , 
34.03,0.120565, , 
34.06,0.122119, , 
34.1,0.123983, , 
34.14,0.125807, , 
34.18,0.128465, , 
34.21,0.131009, , 
34.25,0.134185, , 
34.29,0.137265, , 
34.32,0.141084, , 
34.36,0.145663, , 
34.39,0.150114, , 
34.43,0.155118, , 
34.47,0.160938, , 
34.51,0.167506, , 
34.54,0.173757, , 
34.58,0.181016, , 
34.62,0.189263, , 
34.65,0.197225, , 
34.69,0.206249, , 
34.73,0.215372, , 
34.76,0.224585, , 
34.8,0.235318, , 
34.83,0.244978, , 
34.87,0.256891, , 
34.91,0.267462, , 
34.95,0.279445, , 
34.98,0.290064, , 
35.02,0.301546, , 
35.06,0.313938, , 
35.09,0.32503, , 
35.13,0.336814, , 
35.17,0.348338, , 
35.2,0.359325, , 
35.24,0.371087, , 
35.27,0.380973, , 
35.31,0.392711, , 
35.35,0.402584, , 
35.39,0.413103, , 
35.42,0.421949, , 
35.46,0.431104, , 
35.5,0.440304, , 
35.53,0.4482, , 
35.57,0.456326, , 
35.61,0.463784, , 
35.64,0.470398, , 
35.68,0.477146, , 
35.71,0.482441, , 
35.75,0.488401, , 
35.79,0.493115, , 
35.83,0.497754, , 
35.86,0.501509, , 
35.9,0.505097, , 
35.94,0.508336, , 
35.97,0.510719, , 
36.01,0.51291, , 
36.04,0.514708, , 
36.08,0.516211, , 
36.12,0.51713, , 
36.15,0.517672, , 
36.19,0.517947, , 
36.23,0.51791, , 
36.27,0.517551, , 
36.3,0.516841, , 
36.34,0.515784, , 
36.38,0.514563, , 
36.41,0.513352, , 
36.45,0.511375, , 
36.48,0.509464, , 
36.52,0.507083, , 
36.56,0.505026, , 
36.59,0.502282, , 
36.63,0.499286, , 
36.67,0.496303, , 
36.71,0.493032, , 
36.74,0.489384, , 
36.78,0.485298, , 
36.82,0.481761, , 
36.85,0.477802, , 
36.89,0.473437, , 
36.92,0.469335, , 
36.96,0.464677, , 
37,0.460077, , 
37.03,0.455559, , 
37.07,0.45072, , 
37.11,0.446363, , 
37.15,0.440986, , 
37.18,0.436323, , 
37.22,0.431024, , 
37.26,0.426502, , 
37.29,0.421645, , 
37.33,0.416517, , 
37.36,0.411931, , 
37.4,0.4069, , 
37.44,0.402128, , 
37.47,0.39755, , 
37.51,0.392721, , 
37.55,0.38852, , 
37.59,0.383513, , 
37.62,0.379201, , 
37.66,0.374467, , 
37.7,0.370603, , 
37.73,0.366549, , 
37.77,0.362386, , 
37.8,0.358718, , 
37.84,0.354719, , 
37.88,0.350885, , 
37.91,0.347224, , 
37.95,0.34336, , 
37.99,0.340164, , 
38.03,0.336415, , 
38.06,0.333162, , 
38.1,0.329542, , 
38.14,0.326529, , 
38.17,0.32329, , 
38.21,0.320042, , 
38.24,0.317257, , 
38.28,0.314156, , 
38.32,0.311218, , 
38.35,0.308399, , 
38.39,0.305457, , 
38.43,0.303108, , 
38.47,0.30022, , 
38.5,0.297724, , 
38.54,0.294827, , 
38.58,0.2925, , 
38.61,0.29004, , 
38.65,0.287504, , 
38.68,0.285343, , 
38.72,0.282952, , 
38.76,0.280718, , 
38.8,0.278298, , 
38.83,0.276436, , 
38.87,0.274303, , 
38.91,0.27214, , 
38.94,0.270288, , 
38.98,0.268304, , 
39.02,0.266276, , 
39.05,0.264486, , 
39.09,0.262525, , 
39.12,0.261036, , 
39.16,0.258943, , 
39.2,0.257272, , 
39.24,0.255466, , 
39.27,0.254135, , 
39.31,0.252413, , 
39.35,0.250523, , 
39.38,0.248953, , 
39.42,0.247407, , 
39.45,0.245847, , 
39.49,0.244368, , 
39.53,0.242714, , 
39.56,0.24143, , 
39.6,0.239669, , 
39.64,0.238405, , 
39.68,0.236918, , 
39.71,0.235669, , 
39.75,0.234168, , 
39.79,0.232523, , 
39.82,0.231254, , 
39.86,0.229957, , 
39.89,0.228486, , 
39.93,0.226924, , 
39.97,0.22559, , 
40,0.224121, , 
40.04,0.222682, , 
40.08,0.221357, , 
40.12,0.219962, , 
40.15,0.218848, , 
40.19,0.217137, , 
40.22,0.21591, , 
40.26,0.214748, , 
40.3,0.213325, , 
40.34,0.212042, , 
40.37,0.21085, , 
40.41,0.209568, , 
40.45,0.208489, , 
40.48,0.207324, , 
40.52,0.206443, , 
40.55,0.204923, , 
40.59,0.203779, , 
40.63,0.202625, , 
40.66,0.201521, , 
40.7,0.200444, , 
40.74,0.199281, , 
40.78,0.198494, , 
40.81,0.196934, , 
40.85,0.195772, , 
40.89,0.194491, , 
40.92,0.193438, , 
40.96,0.192358, , 
40.99,0.19121, , 
41.03,0.190409, , 
41.07,0.188579, , 
41.1,0.187533, , 
41.14,0.18645, , 
41.18,0.185429, , 
41.22,0.184242, , 
41.25,0.183076, , 
41.29,0.182432, , 
41.33,0.180691, , 
41.36,0.179557, , 
41.4,0.178538, , 
41.44,0.177448, , 
41.47,0.176352, , 
41.51,0.1752, , 
41.54,0.174111, , 
41.58,0.173007, , 
41.62,0.171962, , 
41.65,0.170997, , 
41.69,0.16975, , 
41.73,0.168878, , 
41.77,0.167843, , 
41.8,0.166879, , 
41.84,0.16595, , 
41.88,0.165064, , 
41.91,0.164096, , 
41.95,0.163166, , 
41.98,0.162405, , 
42.02,0.161555, , 
42.06,0.160553, , 
42.1,0.159634, , 
42.13,0.158914, , 
42.17,0.158099, , 
42.21,0.157257, , 
42.24,0.156515, , 
42.28,0.155837, , 
42.32,0.155012, , 
42.35,0.154321, , 
42.39,0.153436, , 
42.42,0.152806, , 
42.46,0.151914, , 
42.5,0.151145, , 
42.54,0.150393, , 
42.57,0.149695, , 
42.61,0.148956, , 
42.65,0.148139, , 
42.68,0.147388, , 
42.72,0.146777, , 
42.76,0.146103, , 
42.79,0.145552, , 
42.83,0.144779, , 
42.86,0.144131, , 
42.9,0.143258, , 
42.94,0.142594, , 
42.98,0.142031, , 
43.01,0.141433, , 
43.05,0.140782, , 
43.09,0.140174, , 
43.12,0.139597, , 
43.16,0.138968, , 
43.19,0.138308, , 
43.23,0.137832, , 
43.27,0.137117, , 
43.3,0.136689, , 
43.34,0.136011, , 
43.38,0.135329, , 
43.42,0.13471, , 
43.45,0.134139, , 
43.49,0.133606, , 
43.53,0.133033, , 
43.56,0.132434, , 
43.6,0.131925, , 
43.63,0.131253, , 
43.67,0.130715, , 
43.71,0.130041, , 
43.74,0.129562, , 
43.78,0.128856, , 
43.82,0.128293, , 
43.86,0.127756, , 
43.89,0.127157, , 
43.93,0.126495, , 
43.97,0.125918, , 
44,0.125339, , 
44.04,0.124812, , 
44.07,0.124189, , 
44.11,0.123707, , 
44.15,0.123214, , 
44.18,0.122609, , 
44.22,0.122038, , 
44.26,0.121507, , 
44.3,0.121035, , 
44.33,0.120343, , 
44.37,0.119856, , 
44.41,0.119294, , 
44.44,0.118813, , 
44.48,0.118168, , 
44.51,0.117546, , 
44.55,0.11704, , 
44.59,0.116549, , 
44.62,0.115972, , 
44.66,0.115454, , 
44.7,0.114955, , 
44.74,0.114463, , 
44.77,0.113906, , 
44.81,0.11346, , 
44.85,0.112863, , 
44.88,0.112453, , 
44.92,0.111848, , 
44.95,0.111335, , 
44.99,0.110835, , 
45.03,0.110377, , 
45.06,0.109908, , 
45.1,0.1094, , 
45.14,0.108966, , 
45.18,0.108506, , 
45.21,0.107975, , 
45.25,0.10765, , 
45.29,0.107257, , 
45.32,0.106859, , 
45.36,0.106478, , 
45.39,0.106071, , 
45.43,0.105734, , 
45.47,0.105312, , 
45.51,0.104922, , 
45.54,0.104523, , 
45.58,0.104139, , 
45.62,0.103702, , 
45.65,0.103328, , 
45.69,0.103048, , 
45.73,0.102618, , 
45.76,0.102287, , 
45.8,0.101855, , 
45.83,0.101522, , 
45.87,0.101127, , 
45.91,0.100757, , 
45.94,0.100529, , 
45.98,0.100186, , 
46.02,0.099886, , 
46.06,0.099623, , 
46.09,0.099295, , 
46.13,0.098952, , 
46.17,0.098633, , 
46.2,0.098374, , 
46.24,0.098023, , 
46.27,0.09769, , 
46.31,0.097468, , 
46.35,0.097224, , 
46.38,0.096976, , 
46.42,0.096587, , 
46.46,0.096399, , 
46.5,0.096181, , 
46.53,0.095896, , 
46.57,0.095693, , 
46.61,0.095438, , 
46.64,0.09511, , 
46.68,0.094734, , 
46.71,0.09451, , 
46.75,0.094286, , 
46.79,0.094068, , 
46.82,0.093919, , 
46.86,0.093637, , 
46.9,0.093455, , 
46.94,0.093199, , 
46.97,0.093059, , 
47.01,0.092795, , 
47.05,0.092599, , 
47.08,0.092456, , 
47.12,0.092172, , 
47.15,0.092109, , 
47.19,0.092014, , 
47.23,0.091843, , 
47.27,0.091681, , 
47.3,0.091538, , 
47.34,0.091544, , 
47.38,0.091506, , 
47.41,0.091528, , 
47.45,0.091532, , 
47.49,0.091399, , 
47.52,0.091259, , 
47.56,0.091112, , 
47.59,0.091078, , 
47.63,0.091064, , 
47.67,0.091042, , 
47.71,0.091068, , 
47.74,0.091124, , 
47.78,0.091368, , 
47.82,0.091451, , 
47.85,0.0915, , 
47.89,0.091546, , 
47.93,0.091633, , 
47.96,0.091889, , 
48,0.091929, , 
48.03,0.092131, , 
48.07,0.092355, , 
48.11,0.092474, , 
48.15,0.09273, , 
48.18,0.09291, , 
48.22,0.09309, , 
48.26,0.093253, , 
48.29,0.093511, , 
48.33,0.093778, , 
48.36,0.09403, , 
48.4,0.094304, , 
48.44,0.094413, , 
48.47,0.094605, , 
48.51,0.094877, , 
48.55,0.094995, , 
48.59,0.095144, , 
48.62,0.095275, , 
48.66,0.095477, , 
48.7,0.09557, , 
48.73,0.095783, , 
48.77,0.095935, , 
48.8,0.095997, , 
48.84,0.096074, , 
48.88,0.096018, , 
48.91,0.096046, , 
48.95,0.096048, , 
48.99,0.096086, , 
49.03,0.09609, , 
49.06,0.096068, , 
49.1,0.096129, , 
49.14,0.095937, , 
49.17,0.095783, , 
49.21,0.095592, , 
49.24,0.095525, , 
49.28,0.095418, , 
49.32,0.095218, , 
49.35,0.095101, , 
49.39,0.094811, , 
49.43,0.094591, , 
49.47,0.094387, , 
49.5,0.094117, , 
49.54,0.093913, , 
49.58,0.093594, , 
49.61,0.093417, , 
49.65,0.093092, , 
49.68,0.092801, , 
49.72,0.092498, , 
49.76,0.092109, , 
49.79,0.091792, , 
49.83,0.091441, , 
49.87,0.091221, , 
49.91,0.090896, , 
49.94,0.090479, , 
49.98,0.090107, , 
50.02,0.089764, , 
50.05,0.089401, , 
50.09,0.08908, , 
50.12,0.0888, , 
50.16,0.088438, , 
50.2,0.088005, , 
50.23,0.087718, , 
50.27,0.087276, , 
50.31,0.08698, , 
50.35,0.086622, , 
50.38,0.086328, , 
50.42,0.086005, , 
50.46,0.085632, , 
50.49,0.085279, , 
50.53,0.084893, , 
50.56,0.084592, , 
50.6,0.0843, , 
50.64,0.083955, , 
50.68,0.083717, , 
50.71,0.083388, , 
50.75,0.083079, , 
50.79,0.08276, , 
50.82,0.082478, , 
50.86,0.082161, , 
50.9,0.081806, , 
50.93,0.081624, , 
50.97,0.081305, , 
51,0.081083, , 
51.04,0.080781, , 
51.08,0.080591, , 
51.12,0.080466, , 
51.15,0.080208, , 
51.19,0.080002, , 
51.23,0.07977, , 
51.26,0.079588, , 
51.3,0.079405, , 
51.34,0.079136, , 
51.37,0.078961, , 
51.41,0.078603, , 
51.44,0.078384, , 
51.48,0.078117, , 
51.52,0.07781, , 
51.56,0.077677, , 
51.59,0.077455, , 
51.63,0.077262, , 
51.67,0.077036, , 
51.7,0.07688, , 
51.74,0.076739, , 
51.77,0.076461, , 
51.81,0.076329, , 
51.85,0.076111, , 
51.88,0.075964, , 
51.92,0.075714, , 
51.96,0.07553, , 
52,0.075331, , 
52.03,0.075143, , 
52.07,0.07499, , 
52.11,0.074715, , 
52.14,0.074592, , 
52.18,0.074431, , 
52.21,0.074176, , 
52.25,0.07409, , 
52.29,0.073821, , 
52.32,0.073615, , 
52.36,0.07329, , 
52.4,0.073066, , 
52.44,0.072851, , 
52.47,0.072641, , 
52.51,0.072463, , 
52.55,0.072187, , 
52.58,0.072037, , 
52.62,0.071844, , 
52.65,0.071561, , 
52.69,0.071345, , 
52.73,0.071097, , 
52.76,0.070855, , 
52.8,0.070589, , 
52.84,0.07032, , 
52.88,0.0701, , 
52.91,0.0698, , 
52.95,0.069624, , 
52.99,0.069311, , 
53.02,0.069154, , 
53.06,0.068988, , 
53.09,0.0687, , 
53.13,0.068518, , 
53.17,0.068276, , 
53.2,0.068097, , 
53.24,0.067818, , 
53.28,0.06762, , 
53.32,0.067392, , 
53.35,0.067126, , 
53.39,0.067005, , 
53.43,0.066773, , 
53.46,0.066646, , 
53.5,0.066464, , 
53.53,0.066212, , 
53.57,0.066024, , 
53.61,0.065717, , 
53.64,0.065574, , 
53.68,0.0653, , 
53.72,0.065096, , 
53.76,0.064809, , 
53.79,0.064527, , 
53.83,0.064319, , 
53.87,0.064103, , 
53.9,0.063916, , 
53.94,0.063681, , 
53.97,0.063484, , 
54.01,0.063312, , 
54.05,0.063082, , 
54.09,0.063092, , 
54.12,0.062913, , 
54.16,0.062671, , 
54.2,0.062481, , 
54.23,0.062243, , 
54.27,0.06213, , 
54.3,0.061964, , 
54.34,0.061851, , 
54.38,0.061603, , 
54.41,0.061438, , 
54.45,0.061282, , 
54.49,0.06106, , 
54.53,0.060897, , 
54.56,0.060671, , 
54.6,0.06055, , 
54.64,0.060421, , 
54.67,0.060128, , 
54.71,0.06008, , 
54.75,0.059942, , 
54.78,0.059797, , 
54.82,0.059597, , 
54.85,0.059543, , 
54.89,0.059504, , 
54.93,0.059337, , 
54.96,0.059208, , 
55,0.059063, , 
55.04,0.059123, , 
55.08,0.058875, , 
55.11,0.058707, , 
55.15,0.058609, , 
55.19,0.058483, , 
55.22,0.058544, , 
55.26,0.058381, , 
55.3,0.058189, , 
55.33,0.05807, , 
55.37,0.05806, , 
55.4,0.058062, , 
55.44,0.058038, , 
55.48,0.058068, , 
55.52,0.058025, , 
55.55,0.058167, , 
55.59,0.05836, , 
55.63,0.058383, , 
55.66,0.058528, , 
55.7,0.05874, , 
55.74,0.059002, , 
55.77,0.059226, , 
55.81,0.059573, , 
55.84,0.05995, , 
55.88,0.060219, , 
55.92,0.060838, , 
55.95,0.061244, , 
55.99,0.061847, , 
56.03,0.062432, , 
56.07,0.063242, , 
56.1,0.064031, , 
56.14,0.064888, , 
56.18,0.065901, , 
56.21,0.066835, , 
56.25,0.067909, , 
56.28,0.068815, , 
56.32,0.069905, , 
56.36,0.071028, , 
56.39,0.072031, , 
56.43,0.073179, , 
56.47,0.074348, , 
56.51,0.075603, , 
56.54,0.076592, , 
56.58,0.077748, , 
56.62,0.078969, , 
56.65,0.080022, , 
56.69,0.081148, , 
56.72,0.082264, , 
56.76,0.083236, , 
56.8,0.084102, , 
56.83,0.085042, , 
56.87,0.085995, , 
56.91,0.086748, , 
56.95,0.087524, , 
56.98,0.088321, , 
57.02,0.089026, , 
57.06,0.089724, , 
57.09,0.090156, , 
57.13,0.090902, , 
57.16,0.091417, , 
57.2,0.091746, , 
57.24,0.09198, , 
57.27,0.092248, , 
57.31,0.0925, , 
57.35,0.092682, , 
57.39,0.092882, , 
57.42,0.092981, , 
57.46,0.09295, , 
57.5,0.092928, , 
57.53,0.092692, , 
57.57,0.092579, , 
57.6,0.092496, , 
57.64,0.092234, , 
57.68,0.092119, , 
57.71,0.091782, , 
57.75,0.09152, , 
57.79,0.091221, , 
57.83,0.090955, , 
57.86,0.090592, , 
57.9,0.090154, , 
57.94,0.089889, , 
57.97,0.089468, , 
58.01,0.089096, , 
58.04,0.088699, , 
58.08,0.088321, , 
58.12,0.087936, , 
58.15,0.087504, , 
58.19,0.087032, , 
58.23,0.08662, , 
58.27,0.086156, , 
58.3,0.085791, , 
58.34,0.085319, , 
58.38,0.085036, , 
58.41,0.084708, , 
58.45,0.084471, , 
58.48,0.084157, , 
58.52,0.083688, , 
58.56,0.083345, , 
58.6,0.083061, , 
58.63,0.082837, , 
58.67,0.082532, , 
58.71,0.08228, , 
58.74,0.081979, , 
58.78,0.081739, , 
58.82,0.081497, , 
58.85,0.08118, , 
58.89,0.080991, , 
58.92,0.080728, , 
58.96,0.08048, , 
59,0.080254, , 
59.03,0.079947, , 
59.07,0.07974, , 
59.11,0.079429, , 
59.15,0.079138, , 
59.18,0.07884, , 
59.22,0.078486, , 
59.26,0.078228, , 
59.29,0.077877, , 
59.33,0.077645, , 
59.36,0.077306, , 
59.4,0.076965, , 
59.44,0.076672, , 
59.48,0.076335, , 
59.51,0.076103, , 
59.55,0.075734, , 
59.59,0.075542, , 
59.62,0.075216, , 
59.66,0.074899, , 
59.7,0.074574, , 
59.73,0.074124, , 
59.77,0.073815, , 
59.8,0.073496, , 
59.84,0.073222, , 
59.88,0.072828, , 
59.92,0.072411, , 
59.95,0.072229, , 
59.99,0.071874, , 
60.03,0.071535, , 
60.06,0.071168, , 
60.1,0.070833, , 
60.14,0.070578, , 
60.17,0.070161, , 
60.21,0.069931, , 
60.24,0.069642, , 
60.28,0.069295, , 
60.32,0.069001, , 
60.36,0.068657, , 
60.39,0.068482, , 
60.43,0.068139, , 
60.47,0.067899, , 
60.5,0.067632, , 
60.54,0.067394, , 
60.57,0.067158, , 
60.61,0.066835, , 
60.65,0.066662, , 
60.68,0.066381, , 
60.72,0.066121, , 
60.76,0.065845, , 
60.8,0.065602, , 
60.83,0.065366, , 
60.87,0.065062, , 
60.91,0.064795, , 
60.94,0.064612, , 
60.98,0.064382, , 
61.01,0.064267, , 
61.05,0.064061, , 
61.09,0.063879, , 
61.12,0.063607, , 
61.16,0.06352, , 
61.2,0.063496, , 
61.24,0.063272, , 
61.27,0.063137, , 
61.31,0.063036, , 
61.35,0.063064, , 
61.38,0.063028, , 
61.42,0.062999, , 
61.45,0.06305, , 
61.49,0.062985, , 
61.53,0.06303, , 
61.56,0.063018, , 
61.6,0.06302, , 
61.64,0.063074, , 
61.68,0.063242, , 
61.71,0.063494, , 
61.75,0.063752, , 
61.79,0.064154, , 
61.82,0.064648, , 
61.86,0.065163, , 
61.89,0.065889, , 
61.93,0.0665, , 
61.97,0.067336, , 
62,0.06806, , 
62.04,0.069021, , 
62.08,0.069824, , 
62.12,0.070964, , 
62.15,0.072171, , 
62.19,0.073373, , 
62.23,0.074451, , 
62.26,0.075797, , 
62.3,0.077239, , 
62.33,0.078555, , 
62.37,0.079717, , 
62.41,0.08135, , 
62.44,0.082744, , 
62.48,0.084207, , 
62.52,0.085351, , 
62.56,0.086901, , 
62.59,0.088182, , 
62.63,0.089437, , 
62.67,0.090515, , 
62.7,0.091796, , 
62.74,0.093019, , 
62.77,0.094139, , 
62.81,0.095069, , 
62.85,0.096268, , 
62.89,0.097174, , 
62.92,0.097939, , 
62.96,0.098762, , 
63,0.099373, , 
63.03,0.099946, , 
63.07,0.100336, , 
63.11,0.10083, , 
63.14,0.101159, , 
63.18,0.101433, , 
63.21,0.101736, , 
63.25,0.101877, , 
63.29,0.101994, , 
63.33,0.10192, , 
63.36,0.10195, , 
63.4,0.102041, , 
63.44,0.102, , 
63.47,0.102009, , 
63.51,0.101815, , 
63.55,0.101641, , 
63.58,0.101391, , 
63.62,0.101143, , 
63.65,0.100957, , 
63.69,0.100568, , 
63.73,0.100287, , 
63.77,0.099763, , 
63.8,0.099498, , 
63.84,0.099127, , 
63.88,0.098657, , 
63.91,0.098243, , 
63.95,0.097864, , 
63.98,0.097563, , 
64.02,0.09716, , 
64.06,0.096847, , 
64.09,0.096619, , 
64.13,0.096215, , 
64.17,0.095935, , 
64.21,0.095519, , 
64.24,0.095196, , 
64.28,0.094823, , 
64.32,0.094498, , 
64.35,0.094216, , 
64.39,0.093881, , 
64.42,0.093643, , 
64.46,0.09332, , 
64.5,0.093003, , 
64.53,0.092628, , 
64.57,0.0922, , 
64.61,0.092024, , 
64.65,0.091669, , 
64.68,0.091298, , 
64.72,0.090914, , 
64.76,0.090477, , 
64.79,0.090123, , 
64.83,0.089635, , 
64.86,0.089381, , 
64.9,0.08907, , 
64.94,0.088848, , 
64.97,0.088491, , 
65.01,0.088061, , 
65.05,0.087769, , 
65.09,0.087373, , 
65.12,0.086957, , 
65.16,0.086558, , 
65.2,0.086061, , 
65.23,0.085684, , 
65.27,0.085186, , 
65.3,0.084829, , 
65.34,0.084373, , 
65.38,0.084084, , 
65.41,0.083676, , 
65.45,0.083263, , 
65.49,0.082948, , 
65.53,0.082514, , 
65.56,0.082149, , 
65.6,0.081747, , 
65.64,0.081398, , 
65.67,0.080979, , 
65.71,0.080541, , 
65.74,0.080254, , 
65.78,0.079889, , 
65.82,0.079485, , 
65.85,0.079187, , 
65.89,0.07888, , 
65.93,0.078624, , 
65.97,0.078109, , 
66,0.077853, , 
66.04,0.077564, , 
66.08,0.077365, , 
66.11,0.077092, , 
66.15,0.076755, , 
66.18,0.076571, , 
66.22,0.076315, , 
66.26,0.076093, , 
66.3,0.07577, , 
66.33,0.075663, , 
66.37,0.075611, , 
66.41,0.075429, , 
66.44,0.07528, , 
66.48,0.0751, , 
66.52,0.07507, , 
66.55,0.075052, , 
66.59,0.074996, , 
66.62,0.075052, , 
66.66,0.075115, , 
66.7,0.075355, , 
66.74,0.07545, , 
66.77,0.075631, , 
66.81,0.075964, , 
66.85,0.076329, , 
66.88,0.076733, , 
66.92,0.07706, , 
66.96,0.077724, , 
66.99,0.078414, , 
67.03,0.079148, , 
67.06,0.0798, , 
67.1,0.080656, , 
67.14,0.08163, , 
67.18,0.082589, , 
67.21,0.083513, , 
67.25,0.084687, , 
67.29,0.085844, , 
67.32,0.086978, , 
67.36,0.088093, , 
67.39,0.089437, , 
67.43,0.090594, , 
67.47,0.091921, , 
67.5,0.093053, , 
67.54,0.094595, , 
67.58,0.09587, , 
67.62,0.097081, , 
67.65,0.098181, , 
67.69,0.099539, , 
67.73,0.100768, , 
67.76,0.10191, , 
67.8,0.102872, , 
67.83,0.103889, , 
67.87,0.104884, , 
67.91,0.105691, , 
67.94,0.106597, , 
67.98,0.107301, , 
68.02,0.107907, , 
68.06,0.108407, , 
68.09,0.108952, , 
68.13,0.109327, , 
68.17,0.109747, , 
68.2,0.109993, , 
68.24,0.110215, , 
68.27,0.110425, , 
68.31,0.110463, , 
68.35,0.11049, , 
68.38,0.11036, , 
68.42,0.110138, , 
68.46,0.110108, , 
68.5,0.109913, , 
68.53,0.109737, , 
68.57,0.109539, , 
68.61,0.109206, , 
68.64,0.108861, , 
68.68,0.108397, , 
68.71,0.10808, , 
68.75,0.107572, , 
68.79,0.107305, , 
68.82,0.10691, , 
68.86,0.106502, , 
68.9,0.106163, , 
68.94,0.105762, , 
68.97,0.105395, , 
69.01,0.104906, , 
69.05,0.104495, , 
69.08,0.104032, , 
69.12,0.103558, , 
69.15,0.103118, , 
69.19,0.102648, , 
69.23,0.10221, , 
69.26,0.101732, , 
69.3,0.101232, , 
69.34,0.100939, , 
69.38,0.10035, , 
69.41,0.09992, , 
69.45,0.099619, , 
69.49,0.098982, , 
69.52,0.098483, , 
69.56,0.098035, , 
69.6,0.097523, , 
69.63,0.09701, , 
69.67,0.096595, , 
69.7,0.096282, , 
69.74,0.095578, , 
69.78,0.094997, , 
69.81,0.094551, , 
69.85,0.094133, , 
69.89,0.093653, , 
69.93,0.093245, , 
69.96,0.093126, , 
70,0.092533, , 
70.04,0.092127, , 
70.07,0.09182, , 
70.11,0.091494, , 
70.15,0.091094, , 
70.18,0.090947, , 
70.22,0.090834, , 
70.25,0.090664, , 
70.29,0.090561, , 
70.33,0.090499, , 
70.37,0.090501, , 
70.4,0.090479, , 
70.44,0.090731, , 
70.48,0.090846, , 
70.51,0.091187, , 
70.55,0.091526, , 
70.59,0.091962, , 
70.62,0.092446, , 
70.66,0.093019, , 
70.69,0.093806, , 
70.73,0.094585, , 
70.77,0.095202, , 
70.8,0.096137, , 
70.84,0.097039, , 
70.88,0.098068, , 
70.92,0.098958, , 
70.95,0.100124, , 
70.99,0.101199, , 
71.03,0.102394, , 
71.06,0.103318, , 
71.1,0.104666, , 
71.13,0.105828, , 
71.17,0.106968, , 
71.21,0.107872, , 
71.24,0.109164, , 
71.28,0.110239, , 
71.32,0.111279, , 
71.36,0.11211, , 
71.39,0.113238, , 
71.43,0.114005, , 
71.47,0.11483, , 
71.5,0.115403, , 
71.54,0.11601, , 
71.57,0.116545, , 
71.61,0.116973, , 
71.65,0.117264, , 
71.68,0.117425, , 
71.72,0.117467, , 
71.76,0.117544, , 
71.8,0.1175, , 
71.83,0.117459, , 
71.87,0.117225, , 
71.91,0.117048, , 
71.94,0.116751, , 
71.98,0.116287, , 
72.01,0.115863, , 
72.05,0.115423, , 
72.09,0.114989, , 
72.12,0.114523, , 
72.16,0.114001, , 
72.2,0.113573, , 
72.24,0.112923, , 
72.27,0.112388, , 
72.31,0.111751, , 
72.34,0.111228, , 
72.38,0.110482, , 
72.42,0.109795, , 
72.45,0.109335, , 
72.49,0.108766, , 
72.53,0.108062, , 
72.57,0.107431, , 
72.6,0.106995, , 
72.64,0.106335, , 
72.68,0.105776, , 
72.71,0.105352, , 
72.75,0.1049, , 
72.78,0.10445, , 
72.82,0.103891, , 
72.86,0.103635, , 
72.89,0.103352, , 
72.93,0.10303, , 
72.97,0.102816, , 
73.01,0.10261, , 
73.04,0.102533, , 
73.08,0.102503, , 
73.12,0.102533, , 
73.15,0.102769, , 
73.19,0.102995, , 
73.22,0.103409, , 
73.26,0.103742, , 
73.3,0.104269, , 
73.34,0.104777, , 
73.37,0.105245, , 
73.41,0.105962, , 
73.44,0.106656, , 
73.48,0.107477, , 
73.52,0.108125, , 
73.56,0.109004, , 
73.59,0.109894, , 
73.63,0.110796, , 
73.67,0.111626, , 
73.7,0.112495, , 
73.74,0.113349, , 
73.77,0.114003, , 
73.81,0.114761, , 
73.85,0.115603, , 
73.88,0.116144, , 
73.92,0.116676, , 
73.96,0.117245, , 
74,0.117701, , 
74.03,0.117996, , 
74.07,0.118295, , 
74.11,0.118549, , 
74.14,0.118718, , 
74.18,0.11887, , 
74.21,0.118819, , 
74.25,0.118611, , 
74.29,0.118513, , 
74.32,0.118307, , 
74.36,0.118111, , 
74.4,0.117772, , 
74.44,0.117484, , 
74.47,0.11707, , 
74.51,0.116573, , 
74.55,0.116115, , 
74.58,0.11574, , 
74.62,0.115173, , 
74.65,0.114681, , 
74.69,0.114267, , 
74.73,0.1139, , 
74.77,0.113321, , 
74.8,0.112968, , 
74.84,0.112633, , 
74.87,0.112429, , 
74.91,0.112108, , 
74.95,0.111805, , 
74.98,0.11167, , 
75.02,0.111547, , 
75.06,0.111549, , 
75.1,0.111507, , 
75.13,0.111565, , 
75.17,0.111805, , 
75.21,0.111922, , 
75.24,0.112249, , 
75.28,0.112558, , 
75.31,0.112905, , 
75.35,0.113218, , 
75.39,0.113472, , 
75.42,0.113868, , 
75.46,0.114239, , 
75.5,0.114687, , 
75.54,0.115024, , 
75.57,0.115417, , 
75.61,0.115839, , 
75.65,0.116148, , 
75.68,0.116503, , 
75.72,0.116759, , 
75.75,0.117009, , 
75.79,0.117217, , 
75.83,0.117381, , 
75.87,0.11752, , 
75.9,0.117506, , 
75.94,0.117528, , 
75.98,0.117475, , 
76.01,0.117508, , 
76.05,0.117522, , 
76.08,0.117379, , 
76.12,0.117195, , 
76.16,0.116975, , 
76.2,0.116731, , 
76.23,0.116531, , 
76.27,0.116321, , 
76.31,0.116097, , 
76.34,0.115766, , 
76.38,0.115655, , 
76.42,0.115484, , 
76.45,0.115288, , 
76.49,0.115056, , 
76.52,0.114975, , 
76.56,0.114997, , 
76.6,0.114876, , 
76.64,0.114749, , 
76.67,0.114699, , 
76.71,0.11482, , 
76.75,0.114943, , 
76.78,0.114941, , 
76.82,0.114998, , 
76.85,0.115139, , 
76.89,0.115403, , 
76.93,0.115466, , 
76.96,0.115492, , 
77,0.115708, , 
77.04,0.115815, , 
77.08,0.11601, , 
77.11,0.115994, , 
77.15,0.116039, , 
77.19,0.116253, , 
77.22,0.116402, , 
77.26,0.116503, , 
77.29,0.116489, , 
77.33,0.116515, , 
77.37,0.116293, , 
77.4,0.116119, , 
77.44,0.116037, , 
77.48,0.11596, , 
77.52,0.115855, , 
77.55,0.115704, , 
77.59,0.11551, , 
77.63,0.115288, , 
77.66,0.115028, , 
77.7,0.114751, , 
77.73,0.114317, , 
77.77,0.113972, , 
77.81,0.113617, , 
77.84,0.113046, , 
77.88,0.112528, , 
77.92,0.111908, , 
77.96,0.111381, , 
77.99,0.110736, , 
78.03,0.110199, , 
78.07,0.109525, , 
78.1,0.108908, , 
78.14,0.108078, , 
78.17,0.107523, , 
78.21,0.10696, , 
78.25,0.106371, , 
78.28,0.105477, , 
78.32,0.104733, , 
78.36,0.103994, , 
78.4,0.103459, , 
78.43,0.102792, , 
78.47,0.102116, , 
78.51,0.101452, , 
78.54,0.100687, , 
78.58,0.100108, , 
78.61,0.099486, , 
78.65,0.098919, , 
78.69,0.098229, , 
78.72,0.097694, , 
78.76,0.096992, , 
78.8,0.09647, , 
78.84,0.095901, , 
78.87,0.095362, , 
78.91,0.094825, , 
78.95,0.094393, , 
78.98,0.093943, , 
79.02,0.093542, , 
79.05,0.093124, , 
79.09,0.092801, , 
79.13,0.092365, , 
79.16,0.091986, , 
79.2,0.091697, , 
79.24,0.091413, , 
79.28,0.09104, , 
79.31,0.090741, , 
79.35,0.090519, , 
79.39,0.090206, , 
79.42,0.089799, , 
79.46,0.089564, , 
79.49,0.089276, , 
79.53,0.08909, , 
79.57,0.088782, , 
79.61,0.088521, , 
79.64,0.088305, , 
79.68,0.088005, , 
79.72,0.087827, , 
79.75,0.087617, , 
79.79,0.087456, , 
79.83,0.087198, , 
79.86,0.08706, , 
79.9,0.086982, , 
79.93,0.086772, , 
79.97,0.086616, , 
80.01,0.086546, , 
80.05,0.086394, , 
80.08,0.086241, , 
80.12,0.086116, , 
80.16,0.086098, , 
80.19,0.085985, , 
80.23,0.085874, , 
80.26,0.08568, , 
80.3,0.085545, , 
80.34,0.085519, , 
80.37,0.08549, , 
80.41,0.085408, , 
80.45,0.08519, , 
80.49,0.085129, , 
80.52,0.085063, , 
80.56,0.085038, , 
80.6,0.085083, , 
80.63,0.084925, , 
80.67,0.084762, , 
80.7,0.08456, , 
80.74,0.0845, , 
80.78,0.084528, , 
80.81,0.084463, , 
80.85,0.084435, , 
80.89,0.084237, , 
80.93,0.084084, , 
80.96,0.084108, , 
81,0.084114, , 
81.04,0.084082, , 
81.07,0.084042, , 
81.11,0.08408, , 
81.14,0.084078, , 
81.18,0.084072, , 
81.22,0.084068, , 
81.25,0.084011, , 
81.29,0.084092, , 
81.33,0.084001, , 
81.37,0.083826, , 
81.4,0.083624, , 
81.44,0.083515, , 
81.48,0.083559, , 
81.51,0.083543, , 
81.55,0.083571, , 
81.58,0.083553, , 
81.62,0.083565, , 
81.66,0.083582, , 
81.69,0.083533, , 
81.73,0.083606, , 
81.77,0.083519, , 
81.81,0.083251, , 
81.84,0.083178, , 
81.88,0.083083, , 
81.92,0.083067, , 
81.95,0.083043, , 
81.99,0.083119, , 
82.02,0.083055, , 
82.06,0.083055, , 
82.1,0.083079, , 
82.14,0.083023, , 
82.17,0.083041, , 
82.21,0.082877, , 
82.25,0.082714, , 
82.28,0.082625, , 
82.32,0.082597, , 
82.36,0.082589, , 
82.39,0.082522, , 
82.43,0.082569, , 
82.46,0.082538, , 
82.5,0.082486, , 
82.54,0.082431, , 
82.58,0.082211, , 
82.61,0.082167, , 
82.65,0.082058, , 
82.69,0.082034, , 
82.72,0.082026, , 
82.76,0.08201, , 
82.8,0.082014, , 
82.83,0.081963, , 
82.87,0.082036, , 
82.9,0.082042, , 
82.94,0.082036, , 
82.98,0.08208, , 
83.02,0.082068, , 
83.05,0.082086, , 
83.09,0.082008, , 
83.13,0.08201, , 
83.16,0.082016, , 
83.2,0.081987, , 
83.23,0.082058, , 
83.27,0.082165, , 
83.31,0.082431, , 
83.34,0.082466, , 
83.38,0.082496, , 
83.42,0.082554, , 
83.46,0.082504, , 
83.49,0.082526, , 
83.53,0.082502, , 
83.57,0.082544, , 
83.6,0.082579, , 
83.64,0.082552, , 
83.67,0.08256, , 
83.71,0.082502, , 
83.75,0.08252, , 
83.78,0.082544, , 
83.82,0.082536, , 
83.86,0.082605, , 
83.9,0.082558, , 
83.93,0.082573, , 
83.97,0.082522, , 
84.01,0.082561, , 
84.04,0.082569, , 
84.08,0.082544, , 
84.11,0.082421, , 
84.15,0.082157, , 
84.19,0.082163, , 
84.23,0.082117, , 
84.26,0.08208, , 
84.3,0.08208, , 
84.34,0.08201, , 
84.37,0.082109, , 
84.41,0.082068, , 
84.44,0.082068, , 
84.48,0.082058, , 
84.52,0.082024, , 
84.55,0.082006, , 
84.59,0.081737, , 
84.63,0.08157, , 
84.67,0.081487, , 
84.7,0.081525, , 
84.74,0.081525, , 
84.78,0.081539, , 
84.81,0.081544, , 
84.85,0.081497, , 
84.89,0.081558, , 
84.92,0.081533, , 
84.96,0.081533, , 
84.99,0.081531, , 
85.03,0.081531, , 
85.07,0.081515, , 
85.1,0.081491, , 
85.14,0.081556, , 
85.18,0.081548, , 
85.22,0.081548, , 
85.25,0.081543, , 
85.29,0.081453, , 
85.33,0.081467, , 
85.33,0.081467, , 