Gradient Profiler Text Data File: 293t_gcn2kocol2_rich.csv,,,
Version: 1.88,,,
Date: 2017-02-24,,,
Time: 15:58:19,,,
,,,
User: Alicia,,,
Experiment name: 20170224_RPb_polysomes_293Tgcn2KOcol2,,,
UV Unit: EM-1,,,
Rotor Manufacturer: Beckman,,,
Rotor Model: SW41Ti,,,
Speed: 35000 rpm,,,
Gradient: sucrose 10.0% to 50.0% w/v,,,
Time: 180,,,
w2t:  x 10^0,,,
Sample Volume: 0.25 ml,,,
Number of Tubes: 8,,,
Volume per mm: 0.143 ml/mm,,,
Temperature: 4.0 deg C,,,
,,,
Absorbance Units Full Scale (AUFS): 2.00,,,
Manual-triggered gradient; (with distance; but no event marks),,,
Delay: No Delay,,,
UV Wavelength: 254 nm,,,
Samples / sec: 6 Hz,,,
EM1 Speed: 0.22 mm/sec,,,
Distance: 2.02 mm,,,
Number: 52,,,
Dead Volume: 0.000000 ml; Distance due to Dead Volume: 0.00 mm,,,
Length of Tubing: 0 mm,,,
Total Distance: 105.04 mm,,,
,,,
Data Columns:,,,
Distance, Absorbance, Fraction Number, Fraction Volume(ml)
0.04,0.043913, , 
0.08,0.043927, , 
0.11,0.04389, , 
0.15,0.043953, , 
0.19,0.043939, , 
0.22,0.043927, , 
0.26,0.043961, , 
0.3,0.043906, , 
0.33,0.043951, , 
0.37,0.0439, , 
0.41,0.043945, , 
0.44,0.043975, , 
0.48,0.043981, , 
0.52,0.043981, , 
0.55,0.043902, , 
0.59,0.043971, , 
0.63,0.043941, , 
0.66,0.044038, , 
0.7,0.04429, , 
0.74,0.04435, , 
0.77,0.044449, , 
0.81,0.044425, , 
0.85,0.044457, , 
0.88,0.044465, , 
0.92,0.044409, , 
0.96,0.0445, , 
0.99,0.044476, , 
1.03,0.04452, , 
1.07,0.044473, , 
1.1,0.044465, , 
1.14,0.044544, , 
1.18,0.044469, , 
1.21,0.044506, , 
1.25,0.044435, , 
1.29,0.044476, , 
1.32,0.044465, , 
1.36,0.044465, , 
1.4,0.044494, , 
1.43,0.044443, , 
1.47,0.044512, , 
1.51,0.044463, , 
1.54,0.044447, , 
1.58,0.044492, , 
1.62,0.044441, , 
1.65,0.044486, , 
1.69,0.04448, , 
1.73,0.044453, , 
1.76,0.044461, , 
1.8,0.044393, , 
1.84,0.044463, , 
1.87,0.044407, , 
1.91,0.044478, , 
1.95,0.044415, , 
1.98,0.044403, , 
2.02,0.044403, , 
2.06,0.044332, , 
2.09,0.044375, , 
2.13,0.044395, , 
2.17,0.044445, , 
2.2,0.044435, , 
2.24,0.044405, , 
2.28,0.044451, , 
2.31,0.044421, , 
2.35,0.044451, , 
2.39,0.044453, , 
2.42,0.044437, , 
2.46,0.04449, , 
2.5,0.044411, , 
2.53,0.044556, , 
2.57,0.04478, , 
2.61,0.044907, , 
2.64,0.044988, , 
2.68,0.044915, , 
2.72,0.045006, , 
2.75,0.044994, , 
2.79,0.045051, , 
2.83,0.045028, , 
2.86,0.044968, , 
2.9,0.045071, , 
2.94,0.045043, , 
2.97,0.045099, , 
3.01,0.045038, , 
3.05,0.045028, , 
3.08,0.045103, , 
3.12,0.045004, , 
3.16,0.045026, , 
3.19,0.044994, , 
3.23,0.044954, , 
3.27,0.04496, , 
3.3,0.044958, , 
3.34,0.045, , 
3.38,0.04495, , 
3.41,0.045053, , 
3.45,0.046612, , 
3.49,0.054759, , 
3.52,0.082671, , 
3.56,0.145164, , 
3.6,0.227239, , 
3.63,0.30646, , 
3.67,0.401886, , 
3.71,0.49481, , 
3.74,0.586059, , 
3.78,0.67431, , 
3.82,0.767517, , 
3.85,0.85624, , 
3.89,0.936815, , 
3.93,0.982301, , 
3.96,1.006623, , 
4,1.01534, , 
4.04,1.018455, , 
4.07,1.019854, , 
4.11,1.02099, , 
4.15,1.022031, , 
4.18,1.023113, , 
4.22,1.024347, , 
4.26,1.025619, , 
4.29,1.027053, , 
4.33,1.028611, , 
4.37,1.030036, , 
4.4,1.031636, , 
4.44,1.033218, , 
4.48,1.034941, , 
4.51,1.036503, , 
4.55,1.038487, , 
4.59,1.040569, , 
4.62,1.04247, , 
4.66,1.044445, , 
4.7,1.046487, , 
4.73,1.048572, , 
4.77,1.050912, , 
4.81,1.053231, , 
4.84,1.055497, , 
4.88,1.058027, , 
4.92,1.060481, , 
4.95,1.062836, , 
4.99,1.065181, , 
5.03,1.067802, , 
5.06,1.070241, , 
5.1,1.072612, , 
5.14,1.074671, , 
5.17,1.076947, , 
5.21,1.079227, , 
5.25,1.081384, , 
5.28,1.083069, , 
5.32,1.085071, , 
5.36,1.087014, , 
5.39,1.088665, , 
5.43,1.090105, , 
5.47,1.091855, , 
5.5,1.093132, , 
5.54,1.094563, , 
5.58,1.095846, , 
5.61,1.09722, , 
5.65,1.098435, , 
5.69,1.09949, , 
5.72,1.100374, , 
5.76,1.101343, , 
5.8,1.102182, , 
5.83,1.102701, , 
5.87,1.103024, , 
5.91,1.10327, , 
5.94,1.103223, , 
5.98,1.103042, , 
6.02,1.10259, , 
6.05,1.102017, , 
6.09,1.101214, , 
6.13,1.100029, , 
6.16,1.098972, , 
6.2,1.097315, , 
6.24,1.09557, , 
6.27,1.093731, , 
6.31,1.091633, , 
6.35,1.08933, , 
6.38,1.086974, , 
6.42,1.084134, , 
6.46,1.081332, , 
6.49,1.078416, , 
6.53,1.075119, , 
6.57,1.071575, , 
6.6,1.068557, , 
6.64,1.064444, , 
6.68,1.060136, , 
6.71,1.05587, , 
6.75,1.051316, , 
6.79,1.046106, , 
6.82,1.041005, , 
6.86,1.035226, , 
6.9,1.029759, , 
6.93,1.024053, , 
6.97,1.017594, , 
7.01,1.010798, , 
7.04,1.00516, , 
7.08,0.997976, , 
7.12,0.990569, , 
7.15,0.983536, , 
7.19,0.976286, , 
7.23,0.968511, , 
7.26,0.961122, , 
7.3,0.952772, , 
7.34,0.944945, , 
7.37,0.936827, , 
7.41,0.927819, , 
7.45,0.91864, , 
7.48,0.911093, , 
7.52,0.901722, , 
7.56,0.892198, , 
7.59,0.883307, , 
7.63,0.87412, , 
7.67,0.864104, , 
7.7,0.854936, , 
7.74,0.844744, , 
7.78,0.835359, , 
7.81,0.825791, , 
7.85,0.815161, , 
7.89,0.805903, , 
7.92,0.795714, , 
7.96,0.785438, , 
8,0.775485, , 
8.03,0.764767, , 
8.07,0.755029, , 
8.11,0.744415, , 
8.14,0.738081, , 
8.18,0.724077, , 
8.22,0.714294, , 
8.25,0.704655, , 
8.29,0.694346, , 
8.33,0.683808, , 
8.36,0.675109, , 
8.4,0.668382, , 
8.44,0.653777, , 
8.47,0.64445, , 
8.51,0.634224, , 
8.55,0.625032, , 
8.58,0.615774, , 
8.62,0.60561, , 
8.66,0.596851, , 
8.69,0.587313, , 
8.73,0.577506, , 
8.77,0.567707, , 
8.8,0.55899, , 
8.84,0.550184, , 
8.88,0.540579, , 
8.91,0.53415, , 
8.95,0.522552, , 
8.99,0.514212, , 
9.02,0.506011, , 
9.06,0.497102, , 
9.1,0.488305, , 
9.13,0.481101, , 
9.17,0.472598, , 
9.21,0.463985, , 
9.24,0.456219, , 
9.28,0.448625, , 
9.32,0.440608, , 
9.35,0.433481, , 
9.39,0.425557, , 
9.43,0.418323, , 
9.46,0.411156, , 
9.5,0.403512, , 
9.54,0.396062, , 
9.57,0.390118, , 
9.61,0.383118, , 
9.65,0.37609, , 
9.68,0.369808, , 
9.72,0.363597, , 
9.76,0.356999, , 
9.79,0.351201, , 
9.83,0.34489, , 
9.87,0.339306, , 
9.9,0.333743, , 
9.94,0.327667, , 
9.98,0.321662, , 
10.01,0.316833, , 
10.05,0.311153, , 
10.09,0.305301, , 
10.12,0.300035, , 
10.16,0.294936, , 
10.2,0.289641, , 
10.23,0.284949, , 
10.27,0.279668, , 
10.31,0.274963, , 
10.34,0.270306, , 
10.38,0.265606, , 
10.42,0.261153, , 
10.45,0.257557, , 
10.49,0.253279, , 
10.53,0.248918, , 
10.56,0.245097, , 
10.6,0.241283, , 
10.64,0.237181, , 
10.67,0.23355, , 
10.71,0.229487, , 
10.75,0.226062, , 
10.78,0.222537, , 
10.82,0.218865, , 
10.86,0.215319, , 
10.89,0.212409, , 
10.93,0.20906, , 
10.97,0.205736, , 
11,0.202802, , 
11.04,0.199969, , 
11.08,0.197003, , 
11.11,0.194384, , 
11.15,0.191329, , 
11.19,0.18873, , 
11.22,0.186111, , 
11.26,0.183405, , 
11.3,0.180739, , 
11.33,0.178622, , 
11.37,0.176165, , 
11.41,0.173665, , 
11.44,0.17157, , 
11.48,0.169494, , 
11.52,0.167224, , 
11.55,0.16524, , 
11.59,0.162992, , 
11.63,0.161122, , 
11.66,0.159245, , 
11.7,0.157455, , 
11.74,0.155589, , 
11.77,0.153995, , 
11.81,0.152104, , 
11.85,0.150136, , 
11.88,0.148573, , 
11.92,0.147049, , 
11.96,0.145378, , 
11.99,0.143952, , 
12.03,0.142343, , 
12.07,0.140879, , 
12.1,0.1397, , 
12.14,0.13828, , 
12.18,0.136804, , 
12.21,0.135454, , 
12.25,0.134207, , 
12.29,0.13287, , 
12.32,0.131715, , 
12.36,0.130404, , 
12.4,0.129193, , 
12.43,0.128063, , 
12.47,0.126764, , 
12.51,0.125617, , 
12.54,0.124695, , 
12.58,0.123563, , 
12.62,0.122419, , 
12.65,0.121291, , 
12.69,0.120468, , 
12.73,0.119519, , 
12.76,0.118771, , 
12.8,0.117897, , 
12.84,0.117062, , 
12.87,0.116166, , 
12.91,0.115193, , 
12.95,0.114422, , 
12.98,0.113789, , 
13.02,0.112941, , 
13.06,0.112114, , 
13.09,0.111315, , 
13.13,0.110728, , 
13.17,0.110048, , 
13.2,0.109501, , 
13.24,0.108754, , 
13.28,0.108026, , 
13.31,0.107469, , 
13.35,0.106829, , 
13.39,0.106113, , 
13.42,0.105461, , 
13.46,0.104924, , 
13.5,0.104242, , 
13.53,0.103661, , 
13.57,0.103197, , 
13.61,0.102533, , 
13.64,0.102011, , 
13.68,0.101403, , 
13.72,0.100788, , 
13.75,0.100269, , 
13.79,0.099706, , 
13.83,0.09919, , 
13.86,0.098645, , 
13.9,0.098136, , 
13.94,0.097519, , 
13.97,0.096942, , 
14.01,0.096439, , 
14.05,0.095745, , 
14.08,0.095283, , 
14.12,0.09471, , 
14.16,0.094236, , 
14.19,0.093778, , 
14.23,0.093227, , 
14.27,0.09268, , 
14.3,0.092113, , 
14.34,0.091617, , 
14.38,0.091038, , 
14.41,0.090539, , 
14.45,0.090144, , 
14.49,0.08956, , 
14.52,0.08901, , 
14.56,0.088416, , 
14.6,0.087882, , 
14.63,0.087442, , 
14.67,0.086859, , 
14.71,0.086352, , 
14.74,0.085848, , 
14.78,0.085406, , 
14.82,0.084829, , 
14.85,0.084217, , 
14.89,0.083747, , 
14.93,0.08314, , 
14.96,0.08275, , 
15,0.082224, , 
15.04,0.081792, , 
15.07,0.081372, , 
15.11,0.080898, , 
15.15,0.080518, , 
15.18,0.080074, , 
15.22,0.079606, , 
15.26,0.079114, , 
15.29,0.078678, , 
15.33,0.078341, , 
15.37,0.077895, , 
15.4,0.077528, , 
15.44,0.07707, , 
15.48,0.076795, , 
15.51,0.076578, , 
15.55,0.076174, , 
15.59,0.075916, , 
15.62,0.075579, , 
15.66,0.075331, , 
15.7,0.074973, , 
15.73,0.074689, , 
15.77,0.074457, , 
15.81,0.074201, , 
15.84,0.073948, , 
15.88,0.073636, , 
15.92,0.073408, , 
15.95,0.073244, , 
15.99,0.073008, , 
16.03,0.072834, , 
16.06,0.072612, , 
16.1,0.072457, , 
16.14,0.072201, , 
16.17,0.072076, , 
16.21,0.071864, , 
16.25,0.071684, , 
16.28,0.071634, , 
16.32,0.071376, , 
16.36,0.071178, , 
16.39,0.071093, , 
16.43,0.070905, , 
16.47,0.070766, , 
16.5,0.070585, , 
16.54,0.070587, , 
16.58,0.070457, , 
16.61,0.070256, , 
16.65,0.070157, , 
16.69,0.070013, , 
16.72,0.069842, , 
16.76,0.069628, , 
16.8,0.069574, , 
16.83,0.069388, , 
16.87,0.06915, , 
16.91,0.069136, , 
16.94,0.069053, , 
16.98,0.068999, , 
17.02,0.068781, , 
17.05,0.068668, , 
17.09,0.068655, , 
17.13,0.068565, , 
17.16,0.068557, , 
17.2,0.068304, , 
17.24,0.068212, , 
17.27,0.068165, , 
17.31,0.068082, , 
17.35,0.06807, , 
17.38,0.067844, , 
17.42,0.067735, , 
17.46,0.067598, , 
17.49,0.067564, , 
17.53,0.067576, , 
17.57,0.067532, , 
17.6,0.067542, , 
17.64,0.067493, , 
17.68,0.067564, , 
17.71,0.067538, , 
17.75,0.067515, , 
17.79,0.067523, , 
17.82,0.067487, , 
17.86,0.067542, , 
17.9,0.067554, , 
17.93,0.06757, , 
17.97,0.067598, , 
18.01,0.067576, , 
18.04,0.067622, , 
18.08,0.067655, , 
18.12,0.067899, , 
18.15,0.067996, , 
18.19,0.068026, , 
18.23,0.068097, , 
18.26,0.068008, , 
18.3,0.06808, , 
18.34,0.068145, , 
18.37,0.068341, , 
18.41,0.068518, , 
18.45,0.068532, , 
18.48,0.068627, , 
18.52,0.068702, , 
18.56,0.06894, , 
18.59,0.069005, , 
18.63,0.069069, , 
18.67,0.069261, , 
18.7,0.069453, , 
18.74,0.069616, , 
18.78,0.069679, , 
18.81,0.069896, , 
18.85,0.07005, , 
18.89,0.070223, , 
18.92,0.070492, , 
18.96,0.070691, , 
19,0.070958, , 
19.03,0.071206, , 
19.07,0.071416, , 
19.11,0.071735, , 
19.14,0.072007, , 
19.18,0.072413, , 
19.22,0.072794, , 
19.25,0.07325, , 
19.29,0.073795, , 
19.33,0.074233, , 
19.36,0.074768, , 
19.4,0.075238, , 
19.44,0.07591, , 
19.47,0.076521, , 
19.51,0.07704, , 
19.55,0.077701, , 
19.58,0.078402, , 
19.62,0.079324, , 
19.66,0.080145, , 
19.69,0.081081, , 
19.73,0.081971, , 
19.77,0.082912, , 
19.8,0.083785, , 
19.84,0.084877, , 
19.88,0.085961, , 
19.91,0.086982, , 
19.95,0.087952, , 
19.99,0.089262, , 
20.02,0.090301, , 
20.06,0.091578, , 
20.1,0.092601, , 
20.13,0.093806, , 
20.17,0.09514, , 
20.21,0.096405, , 
20.24,0.097404, , 
20.28,0.098613, , 
20.32,0.099853, , 
20.35,0.100921, , 
20.39,0.10193, , 
20.43,0.103231, , 
20.46,0.104254, , 
20.5,0.10533, , 
20.54,0.106276, , 
20.57,0.107231, , 
20.61,0.108173, , 
20.65,0.109006, , 
20.68,0.109735, , 
20.72,0.110498, , 
20.76,0.111349, , 
20.79,0.112062, , 
20.83,0.112616, , 
20.87,0.113266, , 
20.9,0.11372, , 
20.94,0.114251, , 
20.98,0.1146, , 
21.01,0.114905, , 
21.05,0.115094, , 
21.09,0.11525, , 
21.12,0.115419, , 
21.16,0.115482, , 
21.2,0.11554, , 
21.23,0.115498, , 
21.27,0.115421, , 
21.31,0.115304, , 
21.34,0.115108, , 
21.38,0.114943, , 
21.42,0.114667, , 
21.45,0.114432, , 
21.49,0.11411, , 
21.53,0.113708, , 
21.56,0.113375, , 
21.6,0.112768, , 
21.64,0.112294, , 
21.67,0.111767, , 
21.71,0.111224, , 
21.75,0.110548, , 
21.78,0.109785, , 
21.82,0.109085, , 
21.86,0.108347, , 
21.89,0.107606, , 
21.93,0.106868, , 
21.97,0.106018, , 
22,0.105423, , 
22.04,0.104593, , 
22.08,0.10378, , 
22.11,0.103044, , 
22.15,0.102309, , 
22.19,0.101516, , 
22.22,0.100751, , 
22.26,0.099956, , 
22.3,0.098958, , 
22.33,0.098092, , 
22.37,0.097323, , 
22.41,0.096423, , 
22.44,0.095779, , 
22.48,0.094972, , 
22.52,0.094201, , 
22.55,0.093439, , 
22.59,0.092698, , 
22.63,0.092022, , 
22.66,0.091191, , 
22.7,0.090434, , 
22.74,0.08969, , 
22.77,0.088991, , 
22.81,0.088132, , 
22.85,0.087284, , 
22.88,0.086711, , 
22.92,0.086118, , 
22.96,0.085507, , 
22.99,0.084863, , 
23.03,0.08427, , 
23.07,0.083707, , 
23.1,0.082994, , 
23.14,0.082415, , 
23.18,0.081844, , 
23.21,0.081388, , 
23.25,0.080863, , 
23.29,0.080244, , 
23.32,0.079725, , 
23.36,0.079134, , 
23.4,0.078618, , 
23.43,0.078117, , 
23.47,0.077568, , 
23.51,0.077338, , 
23.54,0.076785, , 
23.58,0.076218, , 
23.62,0.075649, , 
23.65,0.07525, , 
23.69,0.074816, , 
23.73,0.074312, , 
23.76,0.07397, , 
23.8,0.073597, , 
23.84,0.073198, , 
23.87,0.07275, , 
23.91,0.072227, , 
23.95,0.071872, , 
23.98,0.071446, , 
24.02,0.071133, , 
24.06,0.070694, , 
24.09,0.070371, , 
24.13,0.070016, , 
24.17,0.069652, , 
24.2,0.069404, , 
24.24,0.069053, , 
24.28,0.06869, , 
24.31,0.068361, , 
24.35,0.068038, , 
24.39,0.067822, , 
24.42,0.067433, , 
24.46,0.067195, , 
24.5,0.066874, , 
24.53,0.066569, , 
24.57,0.06628, , 
24.61,0.065917, , 
24.64,0.065653, , 
24.68,0.065346, , 
24.72,0.065031, , 
24.75,0.064809, , 
24.79,0.064529, , 
24.83,0.064289, , 
24.86,0.063873, , 
24.9,0.063661, , 
24.94,0.063447, , 
24.97,0.063195, , 
25.01,0.062957, , 
25.05,0.062648, , 
25.08,0.062562, , 
25.12,0.062313, , 
25.16,0.06211, , 
25.19,0.061873, , 
25.23,0.061623, , 
25.27,0.061504, , 
25.3,0.061224, , 
25.34,0.061032, , 
25.38,0.060764, , 
25.41,0.060558, , 
25.45,0.060413, , 
25.49,0.060104, , 
25.52,0.05992, , 
25.56,0.059688, , 
25.6,0.059492, , 
25.63,0.059279, , 
25.67,0.059057, , 
25.71,0.058954, , 
25.74,0.058679, , 
25.78,0.058596, , 
25.82,0.058358, , 
25.85,0.058122, , 
25.89,0.057979, , 
25.93,0.057719, , 
25.96,0.057638, , 
26,0.057487, , 
26.04,0.057309, , 
26.07,0.057154, , 
26.11,0.056887, , 
26.15,0.056732, , 
26.18,0.056597, , 
26.22,0.056575, , 
26.26,0.056433, , 
26.29,0.056213, , 
26.33,0.056104, , 
26.37,0.056008, , 
26.4,0.055921, , 
26.44,0.055673, , 
26.48,0.055612, , 
26.51,0.055572, , 
26.55,0.055465, , 
26.59,0.055364, , 
26.62,0.055162, , 
26.66,0.05513, , 
26.7,0.055071, , 
26.73,0.055085, , 
26.77,0.055063, , 
26.81,0.054797, , 
26.84,0.054696, , 
26.88,0.054559, , 
26.92,0.054516, , 
26.95,0.05453, , 
26.99,0.054522, , 
27.03,0.054587, , 
27.06,0.054595, , 
27.1,0.054807, , 
27.14,0.054974, , 
27.17,0.054999, , 
27.21,0.055138, , 
27.25,0.055303, , 
27.28,0.055517, , 
27.32,0.05557, , 
27.36,0.05578, , 
27.39,0.05604, , 
27.43,0.056238, , 
27.47,0.056569, , 
27.5,0.056768, , 
27.54,0.057172, , 
27.58,0.057513, , 
27.61,0.057882, , 
27.65,0.058346, , 
27.69,0.05879, , 
27.72,0.059383, , 
27.76,0.060033, , 
27.8,0.060649, , 
27.83,0.061163, , 
27.87,0.061809, , 
27.91,0.062668, , 
27.94,0.063379, , 
27.98,0.064483, , 
28.02,0.065445, , 
28.05,0.066343, , 
28.09,0.067318, , 
28.13,0.068429, , 
28.16,0.069533, , 
28.2,0.070679, , 
28.24,0.072045, , 
28.27,0.073381, , 
28.31,0.074864, , 
28.35,0.076233, , 
28.38,0.077391, , 
28.42,0.078983, , 
28.46,0.08049, , 
28.49,0.082159, , 
28.53,0.08386, , 
28.57,0.085486, , 
28.6,0.087177, , 
28.64,0.088929, , 
28.68,0.090586, , 
28.71,0.092406, , 
28.75,0.094208, , 
28.79,0.096072, , 
28.82,0.097622, , 
28.86,0.099611, , 
28.9,0.101444, , 
28.93,0.103227, , 
28.97,0.105005, , 
29.01,0.106658, , 
29.04,0.10831, , 
29.08,0.110122, , 
29.12,0.111708, , 
29.15,0.113327, , 
29.19,0.114923, , 
29.23,0.116497, , 
29.26,0.117831, , 
29.3,0.119445, , 
29.34,0.12075, , 
29.37,0.122086, , 
29.41,0.123273, , 
29.45,0.124407, , 
29.48,0.125577, , 
29.52,0.126499, , 
29.56,0.127282, , 
29.59,0.128083, , 
29.63,0.128896, , 
29.67,0.129683, , 
29.7,0.130166, , 
29.74,0.130799, , 
29.78,0.131253, , 
29.81,0.131608, , 
29.85,0.131853, , 
29.89,0.131919, , 
29.92,0.132155, , 
29.96,0.132165, , 
30,0.132101, , 
30.03,0.132046, , 
30.07,0.131925, , 
30.11,0.131732, , 
30.14,0.131425, , 
30.18,0.131183, , 
30.22,0.130797, , 
30.25,0.130426, , 
30.29,0.129994, , 
30.33,0.129577, , 
30.36,0.129133, , 
30.4,0.128459, , 
30.44,0.12797, , 
30.47,0.127419, , 
30.51,0.126731, , 
30.55,0.126007, , 
30.58,0.125375, , 
30.62,0.124871, , 
30.66,0.124157, , 
30.69,0.123523, , 
30.73,0.122857, , 
30.77,0.122288, , 
30.8,0.121753, , 
30.84,0.120912, , 
30.88,0.120294, , 
30.91,0.119832, , 
30.95,0.119104, , 
30.99,0.11839, , 
31.02,0.117798, , 
31.06,0.117332, , 
31.1,0.116563, , 
31.13,0.11595, , 
31.17,0.115302, , 
31.21,0.114763, , 
31.24,0.114112, , 
31.28,0.113415, , 
31.32,0.112857, , 
31.35,0.112292, , 
31.39,0.111612, , 
31.43,0.111032, , 
31.46,0.110423, , 
31.5,0.109941, , 
31.54,0.109309, , 
31.57,0.108871, , 
31.61,0.108284, , 
31.65,0.107719, , 
31.68,0.107233, , 
31.72,0.106704, , 
31.76,0.106274, , 
31.79,0.105834, , 
31.83,0.105239, , 
31.87,0.104767, , 
31.9,0.104234, , 
31.94,0.103817, , 
31.98,0.103272, , 
32.01,0.102929, , 
32.05,0.102412, , 
32.09,0.10194, , 
32.12,0.101508, , 
32.16,0.101036, , 
32.2,0.100667, , 
32.23,0.100324, , 
32.27,0.100114, , 
32.31,0.099811, , 
32.34,0.09948, , 
32.38,0.0992, , 
32.42,0.098762, , 
32.45,0.098506, , 
32.49,0.098217, , 
32.53,0.097971, , 
32.56,0.097709, , 
32.6,0.097436, , 
32.64,0.097214, , 
32.67,0.096962, , 
32.71,0.096742, , 
32.75,0.09656, , 
32.78,0.09632, , 
32.82,0.096185, , 
32.86,0.095995, , 
32.89,0.095909, , 
32.93,0.095687, , 
32.97,0.0956, , 
33,0.095555, , 
33.04,0.095531, , 
33.08,0.095576, , 
33.11,0.095527, , 
33.15,0.095568, , 
33.19,0.095566, , 
33.22,0.09557, , 
33.26,0.09558, , 
33.3,0.095553, , 
33.33,0.095701, , 
33.37,0.095884, , 
33.41,0.096024, , 
33.44,0.09605, , 
33.48,0.096098, , 
33.52,0.096381, , 
33.55,0.09651, , 
33.59,0.096849, , 
33.63,0.097087, , 
33.66,0.097313, , 
33.7,0.097585, , 
33.74,0.097872, , 
33.77,0.098338, , 
33.81,0.098768, , 
33.85,0.099258, , 
33.88,0.099644, , 
33.92,0.100195, , 
33.96,0.100846, , 
33.99,0.101345, , 
34.03,0.102019, , 
34.07,0.102836, , 
34.1,0.103716, , 
34.14,0.104761, , 
34.18,0.105657, , 
34.21,0.106821, , 
34.25,0.108161, , 
34.29,0.109753, , 
34.32,0.11101, , 
34.36,0.112826, , 
34.4,0.114812, , 
34.43,0.116826, , 
34.47,0.119108, , 
34.51,0.122018, , 
34.54,0.124925, , 
34.58,0.128418, , 
34.62,0.131732, , 
34.65,0.135741, , 
34.69,0.14033, , 
34.73,0.145633, , 
34.76,0.150011, , 
34.8,0.15618, , 
34.84,0.163065, , 
34.87,0.169469, , 
34.91,0.176132, , 
34.95,0.184551, , 
34.98,0.192554, , 
35.02,0.20182, , 
35.06,0.210274, , 
35.09,0.219914, , 
35.13,0.230292, , 
35.17,0.241097, , 
35.2,0.249649, , 
35.24,0.26151, , 
35.28,0.273205, , 
35.31,0.283995, , 
35.35,0.294599, , 
35.39,0.307023, , 
35.42,0.317925, , 
35.46,0.329788, , 
35.5,0.340083, , 
35.53,0.351232, , 
35.57,0.36252, , 
35.61,0.373176, , 
35.64,0.382125, , 
35.68,0.392442, , 
35.72,0.402094, , 
35.75,0.411031, , 
35.79,0.419352, , 
35.83,0.427611, , 
35.86,0.435189, , 
35.9,0.442602, , 
35.94,0.448718, , 
35.97,0.455121, , 
36.01,0.461162, , 
36.05,0.466453, , 
36.08,0.470584, , 
36.12,0.474922, , 
36.16,0.478667, , 
36.19,0.481944, , 
36.23,0.4849, , 
36.27,0.487346, , 
36.3,0.489305, , 
36.34,0.490893, , 
36.38,0.491892, , 
36.41,0.492843, , 
36.45,0.493494, , 
36.49,0.49386, , 
36.52,0.493781, , 
36.56,0.493355, , 
36.6,0.492629, , 
36.63,0.491682, , 
36.67,0.490676, , 
36.71,0.489237, , 
36.74,0.487616, , 
36.78,0.48549, , 
36.82,0.483427, , 
36.85,0.48102, , 
36.89,0.478203, , 
36.93,0.475465, , 
36.96,0.472747, , 
37,0.469323, , 
37.04,0.465828, , 
37.07,0.462268, , 
37.11,0.459421, , 
37.15,0.455135, , 
37.18,0.451309, , 
37.22,0.447062, , 
37.26,0.443361, , 
37.29,0.439285, , 
37.33,0.434831, , 
37.37,0.431684, , 
37.4,0.426312, , 
37.44,0.422533, , 
37.48,0.417668, , 
37.51,0.413517, , 
37.55,0.408619, , 
37.59,0.404325, , 
37.62,0.401613, , 
37.66,0.395629, , 
37.7,0.391034, , 
37.73,0.387149, , 
37.77,0.382851, , 
37.81,0.378017, , 
37.84,0.373914, , 
37.88,0.371681, , 
37.92,0.365556, , 
37.95,0.361404, , 
37.99,0.35718, , 
38.03,0.353683, , 
38.06,0.34943, , 
38.1,0.345329, , 
38.14,0.342914, , 
38.17,0.338582, , 
38.21,0.334455, , 
38.25,0.3307, , 
38.28,0.327254, , 
38.32,0.323979, , 
38.36,0.32047, , 
38.39,0.317491, , 
38.43,0.313887, , 
38.47,0.310828, , 
38.5,0.308003, , 
38.54,0.304597, , 
38.58,0.301417, , 
38.61,0.298939, , 
38.65,0.295749, , 
38.69,0.292803, , 
38.72,0.290087, , 
38.76,0.287538, , 
38.8,0.284412, , 
38.83,0.281717, , 
38.87,0.278863, , 
38.91,0.276367, , 
38.94,0.273847, , 
38.98,0.271113, , 
39.02,0.268463, , 
39.05,0.266512, , 
39.09,0.263657, , 
39.13,0.261231, , 
39.16,0.258937, , 
39.2,0.256899, , 
39.24,0.254516, , 
39.27,0.25251, , 
39.31,0.25043, , 
39.35,0.248442, , 
39.38,0.246614, , 
39.42,0.244501, , 
39.46,0.242393, , 
39.49,0.24078, , 
39.53,0.238936, , 
39.57,0.236997, , 
39.6,0.235227, , 
39.64,0.233772, , 
39.68,0.231771, , 
39.71,0.2301, , 
39.75,0.22847, , 
39.79,0.226779, , 
39.82,0.225356, , 
39.86,0.223839, , 
39.9,0.222073, , 
39.93,0.220731, , 
39.97,0.219238, , 
40.01,0.217525, , 
40.04,0.216076, , 
40.08,0.214819, , 
40.12,0.212976, , 
40.15,0.211566, , 
40.19,0.20996, , 
40.23,0.208531, , 
40.26,0.20725, , 
40.3,0.205868, , 
40.34,0.204358, , 
40.37,0.203073, , 
40.41,0.201824, , 
40.45,0.200302, , 
40.48,0.199098, , 
40.52,0.197992, , 
40.56,0.196456, , 
40.59,0.19527, , 
40.63,0.193916, , 
40.67,0.192665, , 
40.7,0.191472, , 
40.74,0.190221, , 
40.78,0.188895, , 
40.81,0.187775, , 
40.85,0.186658, , 
40.89,0.185213, , 
40.92,0.184046, , 
40.96,0.182816, , 
41,0.181453, , 
41.03,0.180352, , 
41.07,0.179078, , 
41.11,0.177737, , 
41.14,0.176601, , 
41.18,0.175303, , 
41.22,0.173945, , 
41.25,0.172672, , 
41.29,0.171675, , 
41.33,0.170254, , 
41.36,0.16907, , 
41.4,0.167734, , 
41.44,0.166634, , 
41.47,0.165367, , 
41.51,0.164058, , 
41.55,0.162954, , 
41.58,0.161933, , 
41.62,0.160605, , 
41.66,0.159421, , 
41.69,0.15844, , 
41.73,0.157257, , 
41.77,0.156131, , 
41.8,0.155189, , 
41.84,0.15391, , 
41.88,0.152818, , 
41.91,0.151825, , 
41.95,0.150716, , 
41.99,0.149652, , 
42.02,0.14873, , 
42.06,0.147418, , 
42.1,0.146329, , 
42.13,0.145364, , 
42.17,0.144545, , 
42.21,0.143358, , 
42.24,0.142469, , 
42.28,0.141421, , 
42.32,0.140703, , 
42.35,0.139755, , 
42.39,0.138752, , 
42.43,0.137945, , 
42.46,0.137325, , 
42.5,0.136457, , 
42.54,0.135521, , 
42.57,0.134573, , 
42.61,0.133788, , 
42.65,0.132831, , 
42.68,0.132151, , 
42.72,0.131269, , 
42.76,0.130656, , 
42.79,0.129803, , 
42.83,0.128995, , 
42.87,0.128265, , 
42.9,0.127534, , 
42.94,0.126917, , 
42.98,0.126257, , 
43.01,0.125648, , 
43.05,0.124954, , 
43.09,0.124288, , 
43.12,0.123705, , 
43.16,0.123051, , 
43.2,0.122508, , 
43.23,0.121806, , 
43.27,0.121243, , 
43.31,0.120672, , 
43.34,0.120084, , 
43.38,0.119507, , 
43.42,0.118872, , 
43.45,0.118353, , 
43.49,0.117744, , 
43.53,0.11713, , 
43.56,0.116559, , 
43.6,0.11593, , 
43.64,0.115482, , 
43.67,0.114824, , 
43.71,0.114182, , 
43.75,0.113547, , 
43.78,0.113042, , 
43.82,0.112429, , 
43.86,0.11184, , 
43.89,0.111329, , 
43.93,0.110659, , 
43.97,0.110191, , 
44,0.109598, , 
44.04,0.109075, , 
44.08,0.108593, , 
44.11,0.107963, , 
44.15,0.107455, , 
44.19,0.10688, , 
44.22,0.106391, , 
44.26,0.105772, , 
44.3,0.105239, , 
44.33,0.104721, , 
44.37,0.10421, , 
44.41,0.103689, , 
44.44,0.103064, , 
44.48,0.102487, , 
44.52,0.101974, , 
44.55,0.101567, , 
44.59,0.101123, , 
44.63,0.100594, , 
44.66,0.100148, , 
44.7,0.099573, , 
44.74,0.099119, , 
44.77,0.098657, , 
44.81,0.098183, , 
44.85,0.09785, , 
44.88,0.097317, , 
44.92,0.096849, , 
44.96,0.096338, , 
44.99,0.095931, , 
45.03,0.095418, , 
45.07,0.094859, , 
45.1,0.094524, , 
45.14,0.094066, , 
45.18,0.093572, , 
45.21,0.09316, , 
45.25,0.092672, , 
45.29,0.092276, , 
45.32,0.091933, , 
45.36,0.091514, , 
45.4,0.091096, , 
45.43,0.090874, , 
45.47,0.090398, , 
45.51,0.09002, , 
45.54,0.089684, , 
45.58,0.089316, , 
45.62,0.088933, , 
45.65,0.08862, , 
45.69,0.088328, , 
45.73,0.088061, , 
45.76,0.087623, , 
45.8,0.087341, , 
45.84,0.086986, , 
45.87,0.086806, , 
45.91,0.086497, , 
45.95,0.086275, , 
45.98,0.086037, , 
46.02,0.08569, , 
46.06,0.085367, , 
46.09,0.085121, , 
46.13,0.084839, , 
46.17,0.084595, , 
46.2,0.084326, , 
46.24,0.084108, , 
46.28,0.083814, , 
46.31,0.083668, , 
46.35,0.083313, , 
46.39,0.083019, , 
46.42,0.082784, , 
46.46,0.082554, , 
46.5,0.082373, , 
46.53,0.082111, , 
46.57,0.081836, , 
46.61,0.081546, , 
46.64,0.081336, , 
46.68,0.081039, , 
46.72,0.080771, , 
46.75,0.080656, , 
46.79,0.080375, , 
46.83,0.080198, , 
46.86,0.079968, , 
46.9,0.079719, , 
46.94,0.07956, , 
46.97,0.079324, , 
47.01,0.07908, , 
47.05,0.078815, , 
47.08,0.078601, , 
47.12,0.078264, , 
47.16,0.078008, , 
47.19,0.077845, , 
47.23,0.07753, , 
47.27,0.07735, , 
47.3,0.077108, , 
47.34,0.076834, , 
47.38,0.076541, , 
47.41,0.076333, , 
47.45,0.076039, , 
47.49,0.075726, , 
47.52,0.075555, , 
47.56,0.07529, , 
47.6,0.075135, , 
47.63,0.074949, , 
47.67,0.074602, , 
47.71,0.074408, , 
47.74,0.074162, , 
47.78,0.073898, , 
47.82,0.073706, , 
47.85,0.073541, , 
47.89,0.073286, , 
47.93,0.073012, , 
47.96,0.072845, , 
48,0.072637, , 
48.04,0.072463, , 
48.07,0.072263, , 
48.11,0.072021, , 
48.15,0.071803, , 
48.18,0.071632, , 
48.22,0.071456, , 
48.26,0.071206, , 
48.29,0.07115, , 
48.33,0.071075, , 
48.37,0.070978, , 
48.4,0.070889, , 
48.44,0.070633, , 
48.48,0.070619, , 
48.51,0.070576, , 
48.55,0.070583, , 
48.59,0.070562, , 
48.62,0.07051, , 
48.66,0.070556, , 
48.7,0.070554, , 
48.73,0.07057, , 
48.77,0.070548, , 
48.81,0.070558, , 
48.84,0.070601, , 
48.88,0.07054, , 
48.92,0.070585, , 
48.95,0.070498, , 
48.99,0.070528, , 
49.03,0.070534, , 
49.06,0.070585, , 
49.1,0.070599, , 
49.14,0.070554, , 
49.17,0.070607, , 
49.21,0.070607, , 
49.25,0.070641, , 
49.28,0.070673, , 
49.32,0.070641, , 
49.36,0.070677, , 
49.39,0.070601, , 
49.43,0.070629, , 
49.47,0.070639, , 
49.5,0.070615, , 
49.54,0.070673, , 
49.58,0.070562, , 
49.61,0.070403, , 
49.65,0.070187, , 
49.69,0.070165, , 
49.72,0.070054, , 
49.76,0.069789, , 
49.8,0.069689, , 
49.83,0.069586, , 
49.87,0.069457, , 
49.91,0.069172, , 
49.94,0.068946, , 
49.98,0.068728, , 
50.02,0.068538, , 
50.05,0.068355, , 
50.09,0.068052, , 
50.13,0.067776, , 
50.16,0.067536, , 
50.2,0.067287, , 
50.24,0.067019, , 
50.27,0.066682, , 
50.31,0.066393, , 
50.35,0.066058, , 
50.38,0.06583, , 
50.42,0.065485, , 
50.46,0.065078, , 
50.49,0.064705, , 
50.53,0.064317, , 
50.57,0.064055, , 
50.6,0.063768, , 
50.64,0.06352, , 
50.68,0.063151, , 
50.71,0.062763, , 
50.75,0.062584, , 
50.79,0.062219, , 
50.82,0.062071, , 
50.86,0.061736, , 
50.9,0.061484, , 
50.93,0.061224, , 
50.97,0.060871, , 
51.01,0.060592, , 
51.04,0.060336, , 
51.08,0.060146, , 
51.12,0.059815, , 
51.15,0.05947, , 
51.19,0.059252, , 
51.23,0.058911, , 
51.26,0.058724, , 
51.3,0.058463, , 
51.34,0.058187, , 
51.37,0.057975, , 
51.41,0.057694, , 
51.45,0.057422, , 
51.48,0.057119, , 
51.52,0.056916, , 
51.56,0.056665, , 
51.59,0.056411, , 
51.63,0.056175, , 
51.67,0.056076, , 
51.7,0.055955, , 
51.74,0.055667, , 
51.78,0.055491, , 
51.81,0.055273, , 
51.85,0.055128, , 
51.89,0.055089, , 
51.92,0.054865, , 
51.96,0.054752, , 
52,0.054617, , 
52.03,0.054559, , 
52.07,0.054355, , 
52.11,0.054196, , 
52.14,0.054155, , 
52.18,0.054024, , 
52.22,0.053891, , 
52.25,0.053735, , 
52.29,0.05361, , 
52.33,0.053441, , 
52.36,0.053207, , 
52.4,0.053106, , 
52.44,0.052938, , 
52.47,0.052789, , 
52.51,0.052648, , 
52.55,0.052593, , 
52.58,0.052527, , 
52.62,0.052264, , 
52.66,0.052184, , 
52.69,0.052016, , 
52.73,0.051847, , 
52.77,0.051736, , 
52.8,0.051582, , 
52.84,0.051572, , 
52.88,0.051415, , 
52.91,0.051292, , 
52.95,0.051102, , 
52.99,0.05103, , 
53.02,0.050832, , 
53.06,0.050606, , 
53.1,0.0506, , 
53.13,0.050485, , 
53.17,0.050317, , 
53.21,0.050111, , 
53.24,0.049918, , 
53.28,0.049764, , 
53.32,0.049544, , 
53.35,0.049532, , 
53.39,0.049343, , 
53.43,0.049203, , 
53.46,0.049038, , 
53.5,0.048816, , 
53.54,0.048646, , 
53.57,0.048463, , 
53.61,0.048221, , 
53.65,0.047995, , 
53.68,0.04795, , 
53.72,0.047813, , 
53.76,0.047589, , 
53.79,0.047549, , 
53.83,0.047349, , 
53.87,0.047171, , 
53.9,0.047052, , 
53.94,0.046949, , 
53.98,0.046863, , 
54.01,0.046687, , 
54.05,0.046596, , 
54.09,0.046336, , 
54.12,0.046138, , 
54.16,0.046051, , 
54.2,0.04587, , 
54.23,0.04571, , 
54.27,0.045521, , 
54.31,0.045521, , 
54.34,0.045388, , 
54.38,0.045184, , 
54.42,0.045012, , 
54.45,0.044936, , 
54.49,0.044958, , 
54.53,0.044748, , 
54.56,0.044589, , 
54.6,0.044498, , 
54.64,0.044413, , 
54.67,0.044294, , 
54.71,0.043987, , 
54.75,0.043979, , 
54.78,0.043951, , 
54.82,0.043886, , 
54.86,0.043737, , 
54.89,0.043582, , 
54.93,0.043574, , 
54.97,0.043432, , 
55,0.043192, , 
55.04,0.043035, , 
55.08,0.042988, , 
55.11,0.042998, , 
55.15,0.04293, , 
55.19,0.042946, , 
55.22,0.042942, , 
55.26,0.04296, , 
55.3,0.042875, , 
55.33,0.042645, , 
55.37,0.042555, , 
55.41,0.04244, , 
55.44,0.042454, , 
55.48,0.042389, , 
55.52,0.042244, , 
55.55,0.042042, , 
55.59,0.041883, , 
55.63,0.041967, , 
55.66,0.041963, , 
55.7,0.041901, , 
55.74,0.041913, , 
55.77,0.041905, , 
55.81,0.041957, , 
55.85,0.041844, , 
55.88,0.041725, , 
55.92,0.041457, , 
55.96,0.041364, , 
55.99,0.04136, , 
56.03,0.041312, , 
56.07,0.041386, , 
56.1,0.041364, , 
56.14,0.04138, , 
56.18,0.04139, , 
56.21,0.041427, , 
56.25,0.041705, , 
56.29,0.041822, , 
56.32,0.041907, , 
56.36,0.041965, , 
56.4,0.042173, , 
56.43,0.042454, , 
56.47,0.042742, , 
56.51,0.043007, , 
56.54,0.043174, , 
56.58,0.043505, , 
56.62,0.043785, , 
56.65,0.044114, , 
56.69,0.044544, , 
56.73,0.044925, , 
56.76,0.045375, , 
56.8,0.045854, , 
56.84,0.046296, , 
56.87,0.046877, , 
56.91,0.047317, , 
56.95,0.047831, , 
56.98,0.04819, , 
57.02,0.048747, , 
57.06,0.049308, , 
57.09,0.049811, , 
57.13,0.050267, , 
57.17,0.050767, , 
57.2,0.051235, , 
57.24,0.051586, , 
57.28,0.052018, , 
57.31,0.052388, , 
57.35,0.052714, , 
57.39,0.053245, , 
57.42,0.053509, , 
57.46,0.053808, , 
57.5,0.05402, , 
57.53,0.054222, , 
57.57,0.054428, , 
57.61,0.05448, , 
57.64,0.054518, , 
57.68,0.054516, , 
57.72,0.054539, , 
57.75,0.054541, , 
57.79,0.0545, , 
57.83,0.054573, , 
57.86,0.054547, , 
57.9,0.054535, , 
57.94,0.054522, , 
57.97,0.054419, , 
58.01,0.054256, , 
58.05,0.054018, , 
58.08,0.053842, , 
58.12,0.053596, , 
58.16,0.053439, , 
58.19,0.053292, , 
58.23,0.053001, , 
58.27,0.052777, , 
58.3,0.052581, , 
58.34,0.052428, , 
58.38,0.052164, , 
58.41,0.051911, , 
58.45,0.051746, , 
58.49,0.051498, , 
58.52,0.051294, , 
58.56,0.051116, , 
58.6,0.050965, , 
58.63,0.050773, , 
58.67,0.050596, , 
58.71,0.050519, , 
58.74,0.050263, , 
58.78,0.05015, , 
58.82,0.050047, , 
58.85,0.049819, , 
58.89,0.049667, , 
58.93,0.049522, , 
58.96,0.049496, , 
59,0.049296, , 
59.04,0.049151, , 
59.07,0.0491, , 
59.11,0.049018, , 
59.15,0.049052, , 
59.18,0.048905, , 
59.22,0.048751, , 
59.26,0.048578, , 
59.29,0.048509, , 
59.33,0.048558, , 
59.37,0.048428, , 
59.4,0.048259, , 
59.44,0.048128, , 
59.48,0.048039, , 
59.51,0.048039, , 
59.55,0.047902, , 
59.59,0.047785, , 
59.62,0.047605, , 
59.66,0.047551, , 
59.7,0.047527, , 
59.73,0.047434, , 
59.77,0.047387, , 
59.81,0.047141, , 
59.84,0.047016, , 
59.88,0.046931, , 
59.92,0.046885, , 
59.95,0.046782, , 
59.99,0.046534, , 
60.03,0.046568, , 
60.06,0.046491, , 
60.1,0.046364, , 
60.14,0.046148, , 
60.17,0.046035, , 
60.21,0.046003, , 
60.25,0.045777, , 
60.28,0.045593, , 
60.32,0.045531, , 
60.36,0.045323, , 
60.39,0.045178, , 
60.43,0.044968, , 
60.47,0.044994, , 
60.5,0.044891, , 
60.54,0.044714, , 
60.58,0.04455, , 
60.61,0.044471, , 
60.65,0.044401, , 
60.69,0.044217, , 
60.72,0.04409, , 
60.76,0.044013, , 
60.8,0.043963, , 
60.83,0.04387, , 
60.87,0.043636, , 
60.91,0.043543, , 
60.94,0.043416, , 
60.98,0.043366, , 
61.02,0.043241, , 
61.05,0.043009, , 
61.09,0.043005, , 
61.13,0.042918, , 
61.16,0.042922, , 
61.2,0.042944, , 
61.24,0.042833, , 
61.27,0.042663, , 
61.31,0.042405, , 
61.35,0.042411, , 
61.38,0.042375, , 
61.42,0.042347, , 
61.46,0.042236, , 
61.49,0.041981, , 
61.53,0.041921, , 
61.57,0.041868, , 
61.6,0.041862, , 
61.64,0.041848, , 
61.68,0.041844, , 
61.71,0.041893, , 
61.75,0.041883, , 
61.79,0.041875, , 
61.82,0.041832, , 
61.86,0.041812, , 
61.9,0.04186, , 
61.93,0.04181, , 
61.97,0.041905, , 
62.01,0.041862, , 
62.04,0.041866, , 
62.08,0.041877, , 
62.12,0.041881, , 
62.15,0.042101, , 
62.19,0.04229, , 
62.23,0.04244, , 
62.26,0.042629, , 
62.3,0.042809, , 
62.34,0.043049, , 
62.37,0.043388, , 
62.41,0.043802, , 
62.45,0.04409, , 
62.48,0.044502, , 
62.52,0.04494, , 
62.56,0.04541, , 
62.59,0.045979, , 
62.63,0.046392, , 
62.67,0.046957, , 
62.7,0.047462, , 
62.74,0.048007, , 
62.78,0.048491, , 
62.81,0.048953, , 
62.85,0.049534, , 
62.89,0.050004, , 
62.92,0.050444, , 
62.96,0.051042, , 
63,0.051479, , 
63.03,0.051891, , 
63.07,0.052317, , 
63.11,0.052753, , 
63.14,0.053055, , 
63.18,0.053364, , 
63.22,0.053649, , 
63.25,0.0538, , 
63.29,0.053992, , 
63.33,0.054095, , 
63.36,0.054264, , 
63.4,0.05449, , 
63.44,0.054498, , 
63.47,0.054502, , 
63.51,0.054369, , 
63.55,0.054216, , 
63.58,0.054141, , 
63.62,0.053982, , 
63.66,0.053834, , 
63.69,0.053616, , 
63.73,0.053491, , 
63.77,0.053215, , 
63.8,0.05307, , 
63.84,0.052882, , 
63.88,0.052593, , 
63.91,0.05239, , 
63.95,0.052174, , 
63.99,0.051976, , 
64.02,0.05177, , 
64.06,0.051564, , 
64.1,0.051411, , 
64.13,0.051151, , 
64.17,0.050991, , 
64.21,0.050715, , 
64.24,0.050594, , 
64.28,0.050529, , 
64.32,0.050251, , 
64.35,0.050144, , 
64.39,0.050033, , 
64.43,0.049863, , 
64.46,0.04968, , 
64.5,0.049579, , 
64.54,0.049573, , 
64.57,0.049464, , 
64.61,0.049367, , 
64.65,0.049153, , 
64.68,0.049038, , 
64.72,0.049058, , 
64.76,0.048991, , 
64.79,0.048929, , 
64.83,0.048741, , 
64.87,0.048586, , 
64.9,0.04857, , 
64.94,0.048491, , 
64.98,0.048376, , 
65.01,0.048148, , 
65.05,0.04811, , 
65.09,0.048065, , 
65.12,0.048003, , 
65.16,0.0479, , 
65.2,0.047644, , 
65.23,0.047579, , 
65.27,0.047502, , 
65.31,0.047385, , 
65.34,0.047194, , 
65.38,0.04704, , 
65.42,0.047042, , 
65.45,0.046818, , 
65.49,0.046643, , 
65.53,0.046512, , 
65.56,0.046475, , 
65.6,0.04632, , 
65.64,0.046082, , 
65.67,0.046108, , 
65.71,0.046017, , 
65.75,0.04591, , 
65.78,0.045763, , 
65.82,0.045563, , 
65.86,0.04549, , 
65.89,0.045371, , 
65.93,0.04519, , 
65.97,0.045016, , 
66,0.044934, , 
66.04,0.044956, , 
66.08,0.044766, , 
66.11,0.044621, , 
66.15,0.044484, , 
66.19,0.044463, , 
66.22,0.044449, , 
66.26,0.04428, , 
66.3,0.044096, , 
66.33,0.044048, , 
66.37,0.044003, , 
66.41,0.043983, , 
66.44,0.043828, , 
66.48,0.043666, , 
66.52,0.043465, , 
66.55,0.043539, , 
66.59,0.043527, , 
66.63,0.043303, , 
66.66,0.043089, , 
66.7,0.042938, , 
66.74,0.042948, , 
66.77,0.042894, , 
66.81,0.042887, , 
66.85,0.042871, , 
66.88,0.04292, , 
66.92,0.042936, , 
66.96,0.042879, , 
66.99,0.042984, , 
67.03,0.043222, , 
67.07,0.043352, , 
67.1,0.043356, , 
67.14,0.04345, , 
67.18,0.043731, , 
67.21,0.043834, , 
67.25,0.04405, , 
67.29,0.044308, , 
67.32,0.044478, , 
67.36,0.044542, , 
67.4,0.045091, , 
67.43,0.045404, , 
67.47,0.045735, , 
67.51,0.04613, , 
67.54,0.046501, , 
67.58,0.046895, , 
67.62,0.047369, , 
67.65,0.047615, , 
67.69,0.048031, , 
67.73,0.048364, , 
67.76,0.048628, , 
67.8,0.048937, , 
67.84,0.049337, , 
67.87,0.049754, , 
67.91,0.050144, , 
67.95,0.050358, , 
67.98,0.050662, , 
68.02,0.0509, , 
68.06,0.051241, , 
68.09,0.051366, , 
68.13,0.051488, , 
68.17,0.051663, , 
68.2,0.051821, , 
68.24,0.05198, , 
68.28,0.052, , 
68.31,0.052071, , 
68.35,0.052073, , 
68.39,0.052075, , 
68.42,0.052141, , 
68.46,0.052093, , 
68.5,0.05202, , 
68.53,0.051768, , 
68.57,0.051594, , 
68.61,0.05159, , 
68.64,0.0515, , 
68.68,0.051431, , 
68.72,0.051197, , 
68.75,0.051106, , 
68.79,0.050961, , 
68.83,0.050711, , 
68.86,0.050652, , 
68.9,0.050531, , 
68.94,0.050469, , 
68.97,0.050271, , 
69.01,0.050194, , 
69.05,0.050101, , 
69.08,0.049904, , 
69.12,0.049728, , 
69.16,0.049524, , 
69.19,0.049528, , 
69.23,0.049405, , 
69.27,0.049165, , 
69.3,0.049054, , 
69.34,0.048929, , 
69.38,0.048747, , 
69.41,0.048523, , 
69.45,0.048451, , 
69.49,0.048316, , 
69.52,0.048073, , 
69.56,0.048021, , 
69.6,0.047841, , 
69.63,0.047664, , 
69.67,0.047492, , 
69.71,0.047355, , 
69.74,0.047224, , 
69.78,0.047048, , 
69.82,0.047024, , 
69.85,0.046919, , 
69.89,0.046774, , 
69.93,0.046584, , 
69.96,0.046453, , 
70,0.046338, , 
70.04,0.04607, , 
70.07,0.046049, , 
70.11,0.046023, , 
70.15,0.045878, , 
70.18,0.045725, , 
70.22,0.045531, , 
70.26,0.045501, , 
70.29,0.045434, , 
70.33,0.045361, , 
70.37,0.045222, , 
70.4,0.045091, , 
70.44,0.045083, , 
70.48,0.045012, , 
70.51,0.045049, , 
70.55,0.045008, , 
70.59,0.044952, , 
70.62,0.044972, , 
70.66,0.045012, , 
70.7,0.045196, , 
70.73,0.045347, , 
70.77,0.045456, , 
70.81,0.045503, , 
70.84,0.045668, , 
70.88,0.045928, , 
70.92,0.045973, , 
70.95,0.046126, , 
70.99,0.046342, , 
71.03,0.046493, , 
71.06,0.046703, , 
71.1,0.046921, , 
71.14,0.04722, , 
71.17,0.047422, , 
71.21,0.04766, , 
71.25,0.048122, , 
71.28,0.048356, , 
71.32,0.048743, , 
71.36,0.048881, , 
71.39,0.048969, , 
71.43,0.049197, , 
71.47,0.049351, , 
71.5,0.049524, , 
71.54,0.049744, , 
71.58,0.0499, , 
71.61,0.04997, , 
71.65,0.050117, , 
71.69,0.050347, , 
71.72,0.050418, , 
71.76,0.050503, , 
71.8,0.050442, , 
71.83,0.050462, , 
71.87,0.050384, , 
71.91,0.05015, , 
71.94,0.050081, , 
71.98,0.049972, , 
72.02,0.050027, , 
72.05,0.049988, , 
72.09,0.049932, , 
72.13,0.049746, , 
72.16,0.049559, , 
72.2,0.04954, , 
72.24,0.049482, , 
72.27,0.049395, , 
72.31,0.049224, , 
72.35,0.049034, , 
72.38,0.049036, , 
72.42,0.048862, , 
72.46,0.048652, , 
72.49,0.048523, , 
72.53,0.048402, , 
72.57,0.048186, , 
72.6,0.048061, , 
72.64,0.048065, , 
72.68,0.047884, , 
72.71,0.047718, , 
72.75,0.047615, , 
72.79,0.047537, , 
72.82,0.047444, , 
72.86,0.047173, , 
72.9,0.047048, , 
72.93,0.047008, , 
72.97,0.047024, , 
73.01,0.047042, , 
73.04,0.046933, , 
73.08,0.046816, , 
73.12,0.046574, , 
73.15,0.046493, , 
73.19,0.046528, , 
73.23,0.046731, , 
73.26,0.046935, , 
73.3,0.046925, , 
73.34,0.046959, , 
73.37,0.046976, , 
73.41,0.047042, , 
73.45,0.047276, , 
73.48,0.047434, , 
73.52,0.047537, , 
73.56,0.047668, , 
73.59,0.047861, , 
73.63,0.04793, , 
73.67,0.047991, , 
73.7,0.048152, , 
73.74,0.048295, , 
73.78,0.048479, , 
73.81,0.048505, , 
73.85,0.048661, , 
73.89,0.048897, , 
73.92,0.048925, , 
73.96,0.049026, , 
74,0.048979, , 
74.03,0.048996, , 
74.07,0.049004, , 
74.11,0.048983, , 
74.14,0.049038, , 
74.18,0.049, , 
74.22,0.049018, , 
74.25,0.048996, , 
74.29,0.048969, , 
74.33,0.048854, , 
74.36,0.048594, , 
74.4,0.048544, , 
74.44,0.048463, , 
74.47,0.048326, , 
74.51,0.048186, , 
74.55,0.048043, , 
74.58,0.048025, , 
74.62,0.047791, , 
74.66,0.047637, , 
74.69,0.047593, , 
74.73,0.047535, , 
74.77,0.047418, , 
74.8,0.047169, , 
74.84,0.047127, , 
74.88,0.047054, , 
74.91,0.047016, , 
74.95,0.047022, , 
74.99,0.046964, , 
75.02,0.047052, , 
75.06,0.047018, , 
75.1,0.047034, , 
75.13,0.047014, , 
75.17,0.046933, , 
75.21,0.046943, , 
75.24,0.046939, , 
75.28,0.046931, , 
75.32,0.046941, , 
75.35,0.047066, , 
75.39,0.047288, , 
75.43,0.047351, , 
75.46,0.047494, , 
75.5,0.04746, , 
75.54,0.047508, , 
75.57,0.047533, , 
75.61,0.047482, , 
75.65,0.047541, , 
75.68,0.047506, , 
75.72,0.047543, , 
75.76,0.047535, , 
75.79,0.047516, , 
75.83,0.047555, , 
75.87,0.047502, , 
75.9,0.047549, , 
75.94,0.047492, , 
75.98,0.047355, , 
76.01,0.04719, , 
76.05,0.047046, , 
76.09,0.047046, , 
76.12,0.04703, , 
76.16,0.047073, , 
76.2,0.046959, , 
76.23,0.046863, , 
76.27,0.046667, , 
76.31,0.04656, , 
76.34,0.046566, , 
76.38,0.04654, , 
76.42,0.046554, , 
76.45,0.04657, , 
76.49,0.046536, , 
76.53,0.046588, , 
76.56,0.046534, , 
76.6,0.04653, , 
76.64,0.046467, , 
76.67,0.046457, , 
76.71,0.046501, , 
76.75,0.046477, , 
76.78,0.04652, , 
76.82,0.046451, , 
76.86,0.046463, , 
76.89,0.046457, , 
76.93,0.046376, , 
76.97,0.046352, , 
77,0.04616, , 
77.04,0.046011, , 
77.08,0.045936, , 
77.11,0.045906, , 
77.15,0.04592, , 
77.19,0.045813, , 
77.22,0.045854, , 
77.26,0.045886, , 
77.3,0.04585, , 
77.33,0.045658, , 
77.37,0.045472, , 
77.41,0.04542, , 
77.44,0.045178, , 
77.48,0.044869, , 
77.52,0.044617, , 
77.55,0.044419, , 
77.59,0.044197, , 
77.63,0.04388, , 
77.66,0.043674, , 
77.7,0.043291, , 
77.74,0.042962, , 
77.77,0.042748, , 
77.81,0.042502, , 
77.85,0.042353, , 
77.88,0.042141, , 
77.92,0.041881, , 
77.96,0.041602, , 
77.99,0.041364, , 
78.03,0.041192, , 
78.07,0.040906, , 
78.1,0.04073, , 
78.14,0.040494, , 
78.18,0.040414, , 
78.21,0.0402, , 
78.25,0.039857, , 
78.29,0.039619, , 
78.32,0.039471, , 
78.36,0.039233, , 
78.4,0.038953, , 
78.43,0.038888, , 
78.47,0.038822, , 
78.51,0.038482, , 
78.54,0.038412, , 
78.58,0.03824, , 
78.62,0.038083, , 
78.65,0.037958, , 
78.69,0.037792, , 
78.73,0.037827, , 
78.76,0.0378, , 
78.8,0.037623, , 
78.84,0.037401, , 
78.87,0.037308, , 
78.91,0.037296, , 
78.95,0.037296, , 
78.98,0.037322, , 
79.02,0.037242, , 
79.06,0.03712, , 
79.09,0.036929, , 
79.13,0.036735, , 
79.17,0.036775, , 
79.2,0.036753, , 
79.24,0.036592, , 
79.28,0.036346, , 
79.31,0.036267, , 
79.35,0.036285, , 
79.39,0.036263, , 
79.42,0.036289, , 
79.46,0.03622, , 
79.5,0.03619, , 
79.53,0.036249, , 
79.57,0.03618, , 
79.61,0.036237, , 
79.64,0.03622, , 
79.68,0.036241, , 
79.72,0.036093, , 
79.75,0.035881, , 
79.79,0.035795, , 
79.83,0.035698, , 
79.86,0.03576, , 
79.9,0.035738, , 
79.94,0.035704, , 
79.97,0.035726, , 
80.01,0.035702, , 
80.05,0.035764, , 
80.08,0.035688, , 
80.12,0.03573, , 
80.16,0.035708, , 
80.19,0.035696, , 
80.23,0.035756, , 
80.27,0.035688, , 
80.3,0.035712, , 
80.34,0.035555, , 
80.38,0.035333, , 
80.41,0.035272, , 
80.45,0.035218, , 
80.49,0.035238, , 
80.52,0.03522, , 
80.56,0.03522, , 
80.6,0.03521, , 
80.63,0.035181, , 
80.67,0.035197, , 
80.71,0.035149, , 
80.74,0.035155, , 
80.78,0.035163, , 
80.82,0.035195, , 
80.85,0.035228, , 
80.89,0.035189, , 
80.93,0.035228, , 
80.96,0.035214, , 
81,0.035179, , 
81.04,0.035208, , 
81.07,0.035139, , 
81.11,0.034982, , 
81.15,0.034792, , 
81.18,0.034699, , 
81.22,0.034695, , 
81.26,0.034687, , 
81.29,0.034741, , 
81.33,0.034695, , 
81.37,0.034721, , 
81.4,0.034667, , 
81.44,0.034671, , 
81.48,0.034675, , 
81.51,0.03464, , 
81.55,0.034711, , 
81.59,0.034681, , 
81.62,0.034703, , 
81.66,0.034685, , 
81.7,0.034661, , 
81.73,0.034667, , 
81.77,0.034657, , 
81.81,0.034705, , 
81.84,0.034669, , 
81.88,0.034663, , 
81.92,0.034689, , 
81.95,0.034651, , 
81.99,0.034669, , 
82.03,0.034703, , 
82.06,0.034758, , 
82.1,0.034741, , 
82.14,0.034745, , 
82.17,0.034764, , 
82.21,0.034701, , 
82.25,0.034675, , 
82.28,0.034681, , 
82.32,0.034687, , 
82.36,0.034709, , 
82.39,0.034683, , 
82.43,0.034733, , 
82.47,0.034586, , 
82.5,0.034324, , 
82.54,0.034221, , 
82.58,0.034235, , 
82.61,0.034225, , 
82.65,0.034132, , 
82.69,0.034199, , 
82.72,0.034156, , 
82.76,0.034166, , 
82.8,0.03416, , 
82.83,0.034136, , 
82.87,0.034162, , 
82.91,0.034138, , 
82.94,0.034207, , 
82.98,0.034158, , 
83.02,0.03416, , 
83.05,0.034146, , 
83.09,0.034043, , 
83.13,0.034108, , 
83.16,0.03408, , 
83.2,0.03413, , 
83.24,0.034172, , 
83.27,0.034164, , 
83.31,0.034158, , 
83.35,0.034138, , 
83.38,0.034189, , 
83.42,0.034156, , 
83.46,0.034162, , 
83.49,0.03414, , 
83.53,0.034148, , 
83.57,0.034205, , 
83.6,0.034114, , 
83.64,0.034148, , 
83.68,0.034138, , 
83.71,0.034126, , 
83.75,0.034162, , 
83.79,0.034118, , 
83.82,0.034158, , 
83.86,0.034114, , 
83.9,0.034142, , 
83.93,0.03411, , 
83.97,0.03388, , 
84.01,0.033779, , 
84.04,0.033678, , 
84.08,0.033708, , 
84.12,0.033704, , 
84.15,0.033688, , 
84.19,0.033684, , 
84.23,0.03367, , 
84.26,0.033741, , 
84.3,0.033706, , 
84.34,0.033739, , 
84.37,0.033684, , 
84.41,0.033672, , 
84.45,0.033682, , 
84.45,0.033682, , 
84.6,0.033591, , 