Gradient Profiler Text Data File: 293t_flag_ragbq99l_leu.csv,,,
Version: 1.88,,,
Date: 2017-02-21,,,
Time: 19:36:09,,,
,,,
User: Alicia,,,
Experiment name: 20170221_RPb_polysome_1through6,,,
UV Unit: EM-1,,,
Rotor Manufacturer: Beckman,,,
Rotor Model: SW41Ti,,,
Speed: 35000 rpm,,,
Gradient: sucrose 10.0% to 50.0% w/v,,,
Time: 180,,,
w2t:  x 10^0,,,
Sample Volume: 0.25 ml,,,
Number of Tubes: 8,,,
Volume per mm: 0.143 ml/mm,,,
Temperature: 4.0 deg C,,,
,,,
Absorbance Units Full Scale (AUFS): 2.00,,,
Manual-triggered gradient; (with distance; but no event marks),,,
Delay: No Delay,,,
UV Wavelength: 254 nm,,,
Samples / sec: 6 Hz,,,
EM1 Speed: 0.22 mm/sec,,,
Distance: 2.02 mm,,,
Number: 52,,,
Dead Volume: 0.000000 ml; Distance due to Dead Volume: 0.00 mm,,,
Length of Tubing: 0 mm,,,
Total Distance: 105.04 mm,,,
,,,
Data Columns:,,,
Distance, Absorbance, Fraction Number, Fraction Volume(ml)
0.04,0.04721, , 
0.08,0.047512, , 
0.11,0.047976, , 
0.15,0.048281, , 
0.18,0.048626, , 
0.22,0.048921, , 
0.26,0.049248, , 
0.29,0.049377, , 
0.33,0.049532, , 
0.37,0.049799, , 
0.41,0.049932, , 
0.44,0.050087, , 
0.48,0.050107, , 
0.52,0.051379, , 
0.55,0.058588, , 
0.59,0.069985, , 
0.63,0.076795, , 
0.66,0.07929, , 
0.7,0.078135, , 
0.73,0.075783, , 
0.77,0.07302, , 
0.81,0.070417, , 
0.84,0.067774, , 
0.88,0.064864, , 
0.92,0.058332, , 
0.96,0.044815, , 
0.99,0.033236, , 
1.03,0.027241, , 
1.07,0.025927, , 
1.1,0.026295, , 
1.14,0.027067, , 
1.17,0.02828, , 
1.21,0.029374, , 
1.25,0.03049, , 
1.28,0.03141, , 
1.32,0.032399, , 
1.36,0.033167, , 
1.4,0.034067, , 
1.43,0.03482, , 
1.47,0.035631, , 
1.51,0.036333, , 
1.54,0.037118, , 
1.58,0.037865, , 
1.61,0.038363, , 
1.65,0.039045, , 
1.69,0.039594, , 
1.72,0.040171, , 
1.76,0.040837, , 
1.8,0.041328, , 
1.84,0.041983, , 
1.87,0.042423, , 
1.91,0.042948, , 
1.95,0.04337, , 
1.98,0.043793, , 
2.02,0.044217, , 
2.05,0.044524, , 
2.09,0.044946, , 
2.13,0.045273, , 
2.16,0.045686, , 
2.2,0.045926, , 
2.24,0.04631, , 
2.27,0.046635, , 
2.31,0.046925, , 
2.35,0.04722, , 
2.38,0.047393, , 
2.42,0.0479, , 
2.46,0.048346, , 
2.5,0.048907, , 
2.53,0.049415, , 
2.57,0.049885, , 
2.61,0.050444, , 
2.64,0.050896, , 
2.68,0.051423, , 
2.71,0.05181, , 
2.75,0.052109, , 
2.79,0.052571, , 
2.82,0.052763, , 
2.86,0.052961, , 
2.9,0.053009, , 
2.94,0.053007, , 
2.97,0.053005, , 
3.01,0.052948, , 
3.05,0.053078, , 
3.08,0.052983, , 
3.12,0.052983, , 
3.15,0.052975, , 
3.19,0.053023, , 
3.23,0.052991, , 
3.26,0.052981, , 
3.3,0.053037, , 
3.34,0.052975, , 
3.38,0.052876, , 
3.41,0.052674, , 
3.45,0.052567, , 
3.49,0.052565, , 
3.52,0.052488, , 
3.56,0.052555, , 
3.59,0.053124, , 
3.63,0.059961, , 
3.67,0.087288, , 
3.7,0.151414, , 
3.74,0.257969, , 
3.78,0.370197, , 
3.82,0.494986, , 
3.85,0.618827, , 
3.89,0.738514, , 
3.93,0.870248, , 
3.96,0.984438, , 
4,1.11939, , 
4.03,1.226924, , 
4.07,1.313901, , 
4.11,1.352717, , 
4.14,1.37007, , 
4.18,1.374976, , 
4.22,1.375543, , 
4.26,1.375301, , 
4.29,1.374869, , 
4.33,1.374548, , 
4.37,1.374344, , 
4.4,1.374124, , 
4.44,1.374112, , 
4.47,1.374179, , 
4.51,1.374607, , 
4.55,1.375232, , 
4.58,1.37616, , 
4.62,1.377444, , 
4.66,1.378636, , 
4.7,1.380416, , 
4.73,1.382069, , 
4.77,1.384092, , 
4.81,1.385816, , 
4.84,1.387702, , 
4.88,1.389859, , 
4.91,1.39173, , 
4.95,1.393722, , 
4.99,1.395477, , 
5.03,1.397483, , 
5.06,1.399303, , 
5.1,1.401361, , 
5.14,1.403631, , 
5.17,1.405635, , 
5.21,1.408093, , 
5.25,1.410494, , 
5.28,1.412857, , 
5.32,1.415611, , 
5.35,1.418144, , 
5.39,1.421265, , 
5.43,1.423794, , 
5.47,1.426655, , 
5.5,1.428961, , 
5.54,1.431318, , 
5.58,1.433792, , 
5.61,1.435856, , 
5.65,1.437553, , 
5.69,1.439676, , 
5.72,1.441081, , 
5.76,1.44219, , 
5.8,1.443036, , 
5.83,1.443651, , 
5.87,1.444065, , 
5.91,1.444099, , 
5.94,1.443585, , 
5.98,1.44283, , 
6.01,1.441835, , 
6.05,1.440251, , 
6.09,1.438457, , 
6.12,1.436258, , 
6.16,1.433177, , 
6.2,1.429861, , 
6.24,1.425947, , 
6.27,1.42202, , 
6.31,1.417942, , 
6.35,1.413252, , 
6.38,1.408634, , 
6.42,1.403361, , 
6.45,1.398102, , 
6.49,1.392004, , 
6.53,1.385995, , 
6.56,1.379631, , 
6.6,1.372298, , 
6.64,1.364891, , 
6.68,1.356091, , 
6.71,1.347485, , 
6.75,1.337373, , 
6.79,1.327461, , 
6.82,1.31692, , 
6.86,1.304771, , 
6.89,1.293233, , 
6.93,1.280312, , 
6.97,1.268086, , 
7,1.255343, , 
7.04,1.241366, , 
7.08,1.227271, , 
7.12,1.212171, , 
7.15,1.197909, , 
7.19,1.181982, , 
7.23,1.167246, , 
7.26,1.1524, , 
7.3,1.135856, , 
7.33,1.120652, , 
7.37,1.103645, , 
7.41,1.088192, , 
7.45,1.071513, , 
7.48,1.056165, , 
7.52,1.040545, , 
7.56,1.023391, , 
7.59,1.007833, , 
7.63,0.990825, , 
7.67,0.975267, , 
7.7,0.959705, , 
7.74,0.942471, , 
7.77,0.926893, , 
7.81,0.909982, , 
7.85,0.894846, , 
7.89,0.878402, , 
7.92,0.863407, , 
7.96,0.848399, , 
8,0.832165, , 
8.03,0.817695, , 
8.07,0.802028, , 
8.11,0.787855, , 
8.14,0.773809, , 
8.18,0.758737, , 
8.21,0.745145, , 
8.25,0.730386, , 
8.29,0.716893, , 
8.33,0.702623, , 
8.36,0.689979, , 
8.4,0.677307, , 
8.44,0.663216, , 
8.47,0.650512, , 
8.51,0.636919, , 
8.54,0.624748, , 
8.58,0.612842, , 
8.62,0.600033, , 
8.65,0.588483, , 
8.69,0.576184, , 
8.73,0.565197, , 
8.77,0.55354, , 
8.8,0.543245, , 
8.84,0.533264, , 
8.88,0.522445, , 
8.91,0.512636, , 
8.95,0.502123, , 
8.98,0.492607, , 
9.02,0.483272, , 
9.06,0.473274, , 
9.09,0.464421, , 
9.13,0.455054, , 
9.17,0.446547, , 
9.21,0.437634, , 
9.24,0.429581, , 
9.28,0.421842, , 
9.32,0.413575, , 
9.35,0.406184, , 
9.39,0.398318, , 
9.42,0.391397, , 
9.46,0.383905, , 
9.5,0.377086, , 
9.53,0.370559, , 
9.57,0.363644, , 
9.61,0.357542, , 
9.65,0.351276, , 
9.68,0.345693, , 
9.72,0.340202, , 
9.76,0.334326, , 
9.79,0.329076, , 
9.83,0.323442, , 
9.86,0.318341, , 
9.9,0.313016, , 
9.94,0.308116, , 
9.97,0.303302, , 
10.01,0.298178, , 
10.05,0.293612, , 
10.09,0.288797, , 
10.12,0.284527, , 
10.16,0.280183, , 
10.2,0.276513, , 
10.23,0.273213, , 
10.27,0.27007, , 
10.3,0.267234, , 
10.34,0.264573, , 
10.38,0.2622, , 
10.41,0.260257, , 
10.45,0.258427, , 
10.49,0.256568, , 
10.53,0.254522, , 
10.56,0.252488, , 
10.6,0.25017, , 
10.64,0.247851, , 
10.67,0.245169, , 
10.71,0.242255, , 
10.74,0.239295, , 
10.78,0.236109, , 
10.82,0.232753, , 
10.85,0.229519, , 
10.89,0.225891, , 
10.93,0.222539, , 
10.97,0.219056, , 
11,0.216064, , 
11.04,0.212514, , 
11.08,0.209603, , 
11.11,0.206471, , 
11.15,0.203323, , 
11.18,0.200341, , 
11.22,0.197259, , 
11.26,0.194566, , 
11.3,0.191674, , 
11.33,0.189259, , 
11.37,0.186619, , 
11.41,0.183988, , 
11.44,0.181542, , 
11.48,0.179028, , 
11.52,0.176514, , 
11.55,0.174197, , 
11.59,0.17181, , 
11.62,0.169669, , 
11.66,0.167339, , 
11.7,0.165331, , 
11.74,0.163285, , 
11.77,0.161531, , 
11.81,0.159578, , 
11.85,0.157645, , 
11.88,0.155893, , 
11.92,0.154166, , 
11.95,0.152398, , 
11.99,0.150776, , 
12.03,0.149093, , 
12.06,0.147679, , 
12.1,0.146054, , 
12.14,0.144496, , 
12.18,0.142943, , 
12.21,0.141603, , 
12.25,0.140263, , 
12.29,0.138867, , 
12.32,0.137384, , 
12.36,0.136066, , 
12.39,0.134768, , 
12.43,0.133558, , 
12.47,0.132335, , 
12.5,0.131217, , 
12.54,0.130059, , 
12.58,0.128899, , 
12.62,0.12769, , 
12.65,0.126701, , 
12.69,0.125704, , 
12.73,0.124726, , 
12.76,0.123614, , 
12.8,0.122577, , 
12.83,0.121531, , 
12.87,0.120456, , 
12.91,0.119513, , 
12.94,0.118432, , 
12.98,0.117506, , 
13.02,0.116527, , 
13.06,0.115571, , 
13.09,0.114582, , 
13.13,0.113621, , 
13.17,0.112679, , 
13.2,0.111708, , 
13.24,0.110706, , 
13.27,0.109828, , 
13.31,0.108752, , 
13.35,0.10781, , 
13.38,0.106769, , 
13.42,0.105917, , 
13.46,0.105062, , 
13.5,0.104293, , 
13.53,0.103474, , 
13.57,0.102416, , 
13.61,0.101619, , 
13.64,0.100757, , 
13.68,0.100132, , 
13.71,0.099523, , 
13.75,0.098826, , 
13.79,0.097945, , 
13.82,0.097006, , 
13.86,0.096246, , 
13.9,0.095592, , 
13.94,0.094966, , 
13.97,0.094327, , 
14.01,0.093491, , 
14.05,0.092821, , 
14.08,0.092057, , 
14.12,0.091457, , 
14.15,0.090916, , 
14.19,0.090355, , 
14.23,0.089835, , 
14.26,0.089185, , 
14.3,0.088669, , 
14.34,0.08816, , 
14.38,0.087631, , 
14.41,0.087145, , 
14.45,0.086649, , 
14.49,0.086308, , 
14.52,0.085747, , 
14.56,0.085333, , 
14.59,0.084913, , 
14.63,0.084514, , 
14.67,0.08407, , 
14.71,0.083674, , 
14.74,0.083307, , 
14.78,0.082895, , 
14.82,0.08252, , 
14.85,0.082193, , 
14.89,0.08181, , 
14.93,0.081437, , 
14.96,0.08115, , 
15,0.080859, , 
15.03,0.080444, , 
15.07,0.080167, , 
15.11,0.079907, , 
15.14,0.079667, , 
15.18,0.079405, , 
15.22,0.079086, , 
15.26,0.078791, , 
15.29,0.078499, , 
15.33,0.078264, , 
15.37,0.077972, , 
15.4,0.077649, , 
15.44,0.077395, , 
15.47,0.077139, , 
15.51,0.076917, , 
15.55,0.07668, , 
15.58,0.076491, , 
15.62,0.076366, , 
15.66,0.076154, , 
15.69,0.076041, , 
15.73,0.075837, , 
15.77,0.075684, , 
15.81,0.075589, , 
15.84,0.075355, , 
15.88,0.07524, , 
15.92,0.075115, , 
15.95,0.07507, , 
15.99,0.074834, , 
16.02,0.074646, , 
16.06,0.074586, , 
16.1,0.07455, , 
16.13,0.07463, , 
16.17,0.074562, , 
16.21,0.074616, , 
16.25,0.074568, , 
16.28,0.074523, , 
16.32,0.074594, , 
16.36,0.074544, , 
16.39,0.074636, , 
16.43,0.07458, , 
16.46,0.074564, , 
16.5,0.074576, , 
16.54,0.074564, , 
16.57,0.074602, , 
16.61,0.074537, , 
16.65,0.074653, , 
16.69,0.074822, , 
16.72,0.074943, , 
16.76,0.075086, , 
16.8,0.075113, , 
16.83,0.075324, , 
16.87,0.075417, , 
16.9,0.075639, , 
16.94,0.075918, , 
16.98,0.076101, , 
17.02,0.076418, , 
17.05,0.076636, , 
17.09,0.076989, , 
17.13,0.077363, , 
17.16,0.077667, , 
17.2,0.078164, , 
17.24,0.07861, , 
17.27,0.079177, , 
17.31,0.079788, , 
17.34,0.080428, , 
17.38,0.081285, , 
17.42,0.081975, , 
17.46,0.082817, , 
17.49,0.08345, , 
17.53,0.084233, , 
17.57,0.085107, , 
17.6,0.085948, , 
17.64,0.087085, , 
17.68,0.088091, , 
17.71,0.089165, , 
17.75,0.090412, , 
17.78,0.091625, , 
17.82,0.093263, , 
17.86,0.094635, , 
17.9,0.096274, , 
17.93,0.097711, , 
17.97,0.099525, , 
18.01,0.101282, , 
18.04,0.103189, , 
18.08,0.105463, , 
18.11,0.10742, , 
18.15,0.109626, , 
18.19,0.111484, , 
18.22,0.113502, , 
18.26,0.115692, , 
18.3,0.117651, , 
18.34,0.119731, , 
18.37,0.12158, , 
18.41,0.123364, , 
18.45,0.124921, , 
18.48,0.12657, , 
18.52,0.128315, , 
18.55,0.129924, , 
18.59,0.131679, , 
18.63,0.133247, , 
18.66,0.134756, , 
18.7,0.136423, , 
18.74,0.137741, , 
18.77,0.139341, , 
18.81,0.140665, , 
18.85,0.141914, , 
18.89,0.143185, , 
18.92,0.144119, , 
18.96,0.145051, , 
19,0.145735, , 
19.03,0.146335, , 
19.07,0.146783, , 
19.1,0.147132, , 
19.14,0.147404, , 
19.18,0.147437, , 
19.21,0.147515, , 
19.25,0.147475, , 
19.29,0.147517, , 
19.33,0.147416, , 
19.36,0.147106, , 
19.4,0.146817, , 
19.44,0.146321, , 
19.47,0.145885, , 
19.51,0.145334, , 
19.54,0.144694, , 
19.58,0.143875, , 
19.62,0.142943, , 
19.65,0.142055, , 
19.69,0.141004, , 
19.73,0.140094, , 
19.77,0.139042, , 
19.8,0.138023, , 
19.84,0.137039, , 
19.88,0.135826, , 
19.91,0.134835, , 
19.95,0.133572, , 
19.98,0.132393, , 
20.02,0.13111, , 
20.06,0.129962, , 
20.09,0.128846, , 
20.13,0.12744, , 
20.17,0.126263, , 
20.21,0.124972, , 
20.24,0.123729, , 
20.28,0.122647, , 
20.32,0.121271, , 
20.35,0.120187, , 
20.39,0.118892, , 
20.42,0.117778, , 
20.46,0.1166, , 
20.5,0.115542, , 
20.53,0.114426, , 
20.57,0.113157, , 
20.61,0.112051, , 
20.65,0.110887, , 
20.68,0.109789, , 
20.72,0.108782, , 
20.76,0.10778, , 
20.79,0.106779, , 
20.83,0.105705, , 
20.86,0.104698, , 
20.9,0.103718, , 
20.94,0.102745, , 
20.97,0.101855, , 
21.01,0.100864, , 
21.05,0.100082, , 
21.09,0.09922, , 
21.12,0.098395, , 
21.16,0.09768, , 
21.2,0.096976, , 
21.23,0.096169, , 
21.27,0.095368, , 
21.3,0.094623, , 
21.34,0.093921, , 
21.38,0.09312, , 
21.42,0.092591, , 
21.45,0.092014, , 
21.49,0.091324, , 
21.53,0.090737, , 
21.56,0.090113, , 
21.6,0.089595, , 
21.64,0.089038, , 
21.67,0.088562, , 
21.71,0.088003, , 
21.74,0.087464, , 
21.78,0.086935, , 
21.82,0.086409, , 
21.86,0.08594, , 
21.89,0.085458, , 
21.93,0.08497, , 
21.97,0.084586, , 
22,0.084138, , 
22.04,0.083862, , 
22.08,0.08343, , 
22.11,0.083079, , 
22.15,0.082706, , 
22.18,0.082238, , 
22.22,0.081862, , 
22.26,0.081461, , 
22.3,0.08112, , 
22.33,0.080771, , 
22.37,0.080391, , 
22.41,0.080072, , 
22.44,0.079675, , 
22.48,0.079453, , 
22.51,0.079122, , 
22.55,0.078785, , 
22.59,0.078382, , 
22.62,0.077972, , 
22.66,0.077693, , 
22.7,0.077375, , 
22.74,0.077046, , 
22.77,0.076783, , 
22.81,0.076501, , 
22.85,0.076216, , 
22.88,0.075791, , 
22.92,0.075552, , 
22.95,0.075254, , 
22.99,0.074923, , 
23.03,0.074659, , 
23.06,0.074352, , 
23.1,0.074142, , 
23.14,0.073853, , 
23.18,0.073529, , 
23.21,0.07324, , 
23.25,0.072951, , 
23.29,0.07258, , 
23.32,0.072243, , 
23.36,0.071991, , 
23.39,0.071765, , 
23.43,0.071497, , 
23.47,0.071295, , 
23.5,0.070972, , 
23.54,0.070772, , 
23.58,0.070542, , 
23.62,0.070292, , 
23.65,0.069995, , 
23.69,0.069719, , 
23.73,0.069618, , 
23.76,0.069394, , 
23.8,0.069196, , 
23.83,0.069009, , 
23.87,0.06875, , 
23.91,0.068639, , 
23.94,0.068571, , 
23.98,0.068593, , 
24.02,0.068347, , 
24.06,0.068199, , 
24.09,0.068157, , 
24.13,0.06807, , 
24.17,0.068097, , 
24.2,0.06805, , 
24.24,0.068076, , 
24.27,0.068058, , 
24.31,0.068022, , 
24.35,0.06809, , 
24.38,0.068046, , 
24.42,0.068084, , 
24.46,0.068153, , 
24.5,0.068379, , 
24.53,0.068551, , 
24.57,0.06867, , 
24.61,0.068914, , 
24.64,0.069178, , 
24.68,0.069521, , 
24.71,0.06985, , 
24.75,0.070381, , 
24.79,0.070863, , 
24.83,0.071384, , 
24.86,0.072031, , 
24.9,0.072715, , 
24.94,0.073527, , 
24.97,0.074291, , 
25.01,0.075008, , 
25.05,0.07592, , 
25.08,0.076846, , 
25.12,0.077964, , 
25.15,0.079041, , 
25.19,0.080371, , 
25.23,0.081735, , 
25.27,0.083241, , 
25.3,0.084671, , 
25.34,0.08634, , 
25.38,0.088265, , 
25.41,0.090081, , 
25.45,0.092089, , 
25.49,0.094306, , 
25.52,0.096419, , 
25.56,0.098824, , 
25.59,0.100895, , 
25.63,0.103455, , 
25.67,0.105899, , 
25.71,0.108621, , 
25.74,0.111121, , 
25.78,0.113759, , 
25.82,0.11663, , 
25.85,0.119316, , 
25.89,0.122205, , 
25.92,0.125103, , 
25.96,0.12768, , 
26,0.130594, , 
26.03,0.133092, , 
26.07,0.135969, , 
26.11,0.138481, , 
26.15,0.141125, , 
26.18,0.143403, , 
26.22,0.145564, , 
26.26,0.147733, , 
26.29,0.149688, , 
26.33,0.151551, , 
26.36,0.153319, , 
26.4,0.154969, , 
26.44,0.156259, , 
26.47,0.157481, , 
26.51,0.158571, , 
26.55,0.159457, , 
26.59,0.16027, , 
26.62,0.160999, , 
26.66,0.161451, , 
26.7,0.161915, , 
26.73,0.162227, , 
26.77,0.162389, , 
26.8,0.162504, , 
26.84,0.162369, , 
26.88,0.162227, , 
26.91,0.161997, , 
26.95,0.161618, , 
26.99,0.161344, , 
27.03,0.160863, , 
27.06,0.160421, , 
27.1,0.159899, , 
27.14,0.159386, , 
27.17,0.158934, , 
27.21,0.158155, , 
27.24,0.15751, , 
27.28,0.156692, , 
27.32,0.156135, , 
27.35,0.155522, , 
27.39,0.154892, , 
27.43,0.154219, , 
27.47,0.153432, , 
27.5,0.152743, , 
27.54,0.151914, , 
27.58,0.15123, , 
27.61,0.150469, , 
27.65,0.149614, , 
27.68,0.14893, , 
27.72,0.1481, , 
27.76,0.1474, , 
27.79,0.146797, , 
27.83,0.146208, , 
27.87,0.145564, , 
27.91,0.144723, , 
27.94,0.144085, , 
27.98,0.143385, , 
28.02,0.14286, , 
28.05,0.142226, , 
28.09,0.141524, , 
28.12,0.141054, , 
28.16,0.1404, , 
28.2,0.139769, , 
28.24,0.139091, , 
28.27,0.138562, , 
28.31,0.137995, , 
28.35,0.137422, , 
28.38,0.136992, , 
28.42,0.136381, , 
28.46,0.135906, , 
28.49,0.135485, , 
28.53,0.13498, , 
28.56,0.134561, , 
28.6,0.13402, , 
28.64,0.133675, , 
28.68,0.133243, , 
28.71,0.13294, , 
28.75,0.132579, , 
28.79,0.132307, , 
28.82,0.132103, , 
28.86,0.131756, , 
28.89,0.131637, , 
28.93,0.131358, , 
28.97,0.131118, , 
29.01,0.130836, , 
29.04,0.130626, , 
29.08,0.13061, , 
29.12,0.130549, , 
29.15,0.130589, , 
29.19,0.130557, , 
29.23,0.130523, , 
29.26,0.130549, , 
29.3,0.130535, , 
29.34,0.130573, , 
29.37,0.130563, , 
29.41,0.130824, , 
29.44,0.130985, , 
29.48,0.131229, , 
29.52,0.131499, , 
29.55,0.131762, , 
29.59,0.132286, , 
29.63,0.132706, , 
29.67,0.133128, , 
29.7,0.133562, , 
29.74,0.134098, , 
29.78,0.134873, , 
29.81,0.135416, , 
29.85,0.136157, , 
29.88,0.13677, , 
29.92,0.137765, , 
29.96,0.138606, , 
29.99,0.139508, , 
30.03,0.140669, , 
30.07,0.141684, , 
30.11,0.143141, , 
30.14,0.144331, , 
30.18,0.145635, , 
30.22,0.147057, , 
30.25,0.14855, , 
30.29,0.150425, , 
30.32,0.151844, , 
30.36,0.154396, , 
30.4,0.156638, , 
30.43,0.158823, , 
30.47,0.161319, , 
30.51,0.164013, , 
30.55,0.167288, , 
30.58,0.170444, , 
30.62,0.174393, , 
30.66,0.178933, , 
30.69,0.183607, , 
30.73,0.189307, , 
30.76,0.195508, , 
30.8,0.202988, , 
30.84,0.210238, , 
30.87,0.219002, , 
30.91,0.229388, , 
30.95,0.239854, , 
30.99,0.252181, , 
31.02,0.265213, , 
31.06,0.279003, , 
31.1,0.295256, , 
31.13,0.310348, , 
31.17,0.329269, , 
31.2,0.346599, , 
31.24,0.366444, , 
31.28,0.384163, , 
31.31,0.403797, , 
31.35,0.424585, , 
31.39,0.443387, , 
31.43,0.46333, , 
31.46,0.482279, , 
31.5,0.500121, , 
31.54,0.518913, , 
31.57,0.534687, , 
31.61,0.55268, , 
31.64,0.567616, , 
31.68,0.58316, , 
31.72,0.595755, , 
31.75,0.608645, , 
31.79,0.621154, , 
31.83,0.631748, , 
31.87,0.642071, , 
31.9,0.651105, , 
31.94,0.65977, , 
31.98,0.66634, , 
32.01,0.672799, , 
32.05,0.678756, , 
32.08,0.683352, , 
32.12,0.68759, , 
32.16,0.69105, , 
32.19,0.693924, , 
32.23,0.696442, , 
32.27,0.698141, , 
32.31,0.699731, , 
32.34,0.70075, , 
32.38,0.701559, , 
32.42,0.701852, , 
32.45,0.702009, , 
32.49,0.701878, , 
32.52,0.70144, , 
32.56,0.700591, , 
32.6,0.699455, , 
32.64,0.697974, , 
32.67,0.696333, , 
32.71,0.694408, , 
32.75,0.692118, , 
32.78,0.689908, , 
32.82,0.68736, , 
32.86,0.684494, , 
32.89,0.681714, , 
32.93,0.678469, , 
32.96,0.675378, , 
33,0.671459, , 
33.04,0.667801, , 
33.08,0.663654, , 
33.11,0.659778, , 
33.15,0.655492, , 
33.19,0.650681, , 
33.22,0.646034, , 
33.26,0.640949, , 
33.29,0.635713, , 
33.33,0.630702, , 
33.37,0.625048, , 
33.4,0.620068, , 
33.44,0.613952, , 
33.48,0.608478, , 
33.52,0.602448, , 
33.55,0.597051, , 
33.59,0.591207, , 
33.63,0.584825, , 
33.66,0.579011, , 
33.7,0.572798, , 
33.73,0.566714, , 
33.77,0.560957, , 
33.81,0.554486, , 
33.84,0.548881, , 
33.88,0.542173, , 
33.92,0.536259, , 
33.96,0.529913, , 
33.99,0.524408, , 
34.03,0.518536, , 
34.07,0.512414, , 
34.1,0.506992, , 
34.14,0.501267, , 
34.17,0.495803, , 
34.21,0.490203, , 
34.25,0.485258, , 
34.28,0.480041, , 
34.32,0.474634, , 
34.36,0.469857, , 
34.4,0.46479, , 
34.43,0.460024, , 
34.47,0.455607, , 
34.51,0.450801, , 
34.54,0.447074, , 
34.58,0.442031, , 
34.61,0.437804, , 
34.65,0.433316, , 
34.69,0.429462, , 
34.72,0.425004, , 
34.76,0.42062, , 
34.8,0.416784, , 
34.84,0.412708, , 
34.87,0.408793, , 
34.91,0.405227, , 
34.95,0.401345, , 
34.98,0.398246, , 
35.02,0.394034, , 
35.05,0.390669, , 
35.09,0.387043, , 
35.13,0.384078, , 
35.16,0.380541, , 
35.2,0.377016, , 
35.24,0.373864, , 
35.28,0.370591, , 
35.31,0.367453, , 
35.35,0.364602, , 
35.39,0.361323, , 
35.42,0.358663, , 
35.46,0.355516, , 
35.49,0.352703, , 
35.53,0.34974, , 
35.57,0.347109, , 
35.6,0.344341, , 
35.64,0.341453, , 
35.68,0.338947, , 
35.72,0.336183, , 
35.75,0.333505, , 
35.79,0.330993, , 
35.83,0.328101, , 
35.86,0.325708, , 
35.9,0.32283, , 
35.93,0.320447, , 
35.97,0.317784, , 
36.01,0.315512, , 
36.04,0.313092, , 
36.08,0.310382, , 
36.12,0.308136, , 
36.16,0.305727, , 
36.19,0.303447, , 
36.23,0.301015, , 
36.27,0.298937, , 
36.3,0.296857, , 
36.34,0.294558, , 
36.37,0.292478, , 
36.41,0.290325, , 
36.45,0.288269, , 
36.48,0.286352, , 
36.52,0.284098, , 
36.56,0.282267, , 
36.6,0.280028, , 
36.63,0.278042, , 
36.67,0.275944, , 
36.71,0.274043, , 
36.74,0.272061, , 
36.78,0.270499, , 
36.81,0.268911, , 
36.85,0.265774, , 
36.89,0.26381, , 
36.93,0.261663, , 
36.96,0.259571, , 
37,0.257609, , 
37.04,0.255396, , 
37.07,0.253652, , 
37.11,0.251439, , 
37.15,0.249504, , 
37.18,0.247796, , 
37.22,0.245986, , 
37.25,0.243884, , 
37.29,0.241937, , 
37.33,0.240431, , 
37.37,0.238333, , 
37.4,0.236642, , 
37.44,0.234882, , 
37.48,0.232927, , 
37.51,0.23128, , 
37.55,0.229597, , 
37.59,0.227876, , 
37.62,0.226395, , 
37.66,0.224545, , 
37.69,0.22312, , 
37.73,0.221225, , 
37.77,0.219748, , 
37.8,0.218189, , 
37.84,0.216534, , 
37.88,0.214833, , 
37.92,0.213085, , 
37.95,0.211707, , 
37.99,0.210155, , 
38.03,0.208584, , 
38.06,0.207084, , 
38.1,0.205506, , 
38.13,0.204096, , 
38.17,0.202613, , 
38.21,0.201458, , 
38.24,0.199887, , 
38.28,0.198379, , 
38.32,0.197154, , 
38.36,0.195776, , 
38.39,0.194376, , 
38.43,0.19309, , 
38.47,0.191779, , 
38.5,0.190641, , 
38.54,0.189146, , 
38.57,0.188026, , 
38.61,0.186732, , 
38.65,0.185693, , 
38.68,0.184468, , 
38.72,0.183352, , 
38.76,0.182253, , 
38.8,0.181155, , 
38.83,0.180051, , 
38.87,0.178782, , 
38.91,0.177872, , 
38.94,0.176784, , 
38.98,0.175707, , 
39.01,0.174748, , 
39.05,0.173733, , 
39.09,0.172704, , 
39.12,0.171671, , 
39.16,0.170624, , 
39.2,0.169766, , 
39.24,0.168553, , 
39.27,0.167649, , 
39.31,0.166487, , 
39.35,0.165678, , 
39.38,0.164689, , 
39.42,0.163626, , 
39.45,0.16276, , 
39.49,0.161739, , 
39.53,0.160825, , 
39.57,0.159881, , 
39.6,0.159102, , 
39.64,0.158077, , 
39.68,0.157086, , 
39.71,0.156329, , 
39.75,0.155346, , 
39.79,0.154434, , 
39.82,0.153603, , 
39.86,0.152719, , 
39.89,0.151944, , 
39.93,0.150851, , 
39.97,0.150122, , 
40.01,0.14924, , 
40.04,0.148621, , 
40.08,0.147824, , 
40.12,0.146991, , 
40.15,0.146254, , 
40.19,0.145324, , 
40.23,0.144379, , 
40.26,0.143562, , 
40.3,0.142735, , 
40.33,0.142212, , 
40.37,0.141429, , 
40.41,0.140638, , 
40.45,0.139684, , 
40.48,0.139131, , 
40.52,0.138461, , 
40.56,0.137753, , 
40.59,0.137115, , 
40.63,0.13632, , 
40.66,0.135628, , 
40.7,0.134845, , 
40.74,0.134014, , 
40.77,0.133372, , 
40.81,0.132638, , 
40.85,0.132178, , 
40.89,0.131387, , 
40.92,0.130795, , 
40.96,0.130057, , 
41,0.12947, , 
41.03,0.128923, , 
41.07,0.128265, , 
41.1,0.127688, , 
41.14,0.127024, , 
41.18,0.126382, , 
41.21,0.125876, , 
41.25,0.125252, , 
41.29,0.124816, , 
41.33,0.124181, , 
41.36,0.123814, , 
41.4,0.123178, , 
41.44,0.122548, , 
41.47,0.122092, , 
41.51,0.121539, , 
41.54,0.121081, , 
41.58,0.120549, , 
41.62,0.120169, , 
41.65,0.119633, , 
41.69,0.119031, , 
41.73,0.118599, , 
41.77,0.118079, , 
41.8,0.117625, , 
41.84,0.117209, , 
41.88,0.116777, , 
41.91,0.11639, , 
41.95,0.115786, , 
41.98,0.115439, , 
42.02,0.114959, , 
42.06,0.11464, , 
42.09,0.114267, , 
42.13,0.113896, , 
42.17,0.113567, , 
42.21,0.11323, , 
42.24,0.113016, , 
42.28,0.112566, , 
42.32,0.112269, , 
42.35,0.111959, , 
42.39,0.111561, , 
42.42,0.111369, , 
42.46,0.110952, , 
42.5,0.110677, , 
42.53,0.110504, , 
42.57,0.11028, , 
42.61,0.110078, , 
42.65,0.109777, , 
42.68,0.109652, , 
42.72,0.109549, , 
42.76,0.109471, , 
42.79,0.109287, , 
42.83,0.109109, , 
42.86,0.109085, , 
42.9,0.109027, , 
42.94,0.109033, , 
42.98,0.109049, , 
43.01,0.109041, , 
43.05,0.109045, , 
43.09,0.108998, , 
43.12,0.109085, , 
43.16,0.109011, , 
43.2,0.109073, , 
43.23,0.109243, , 
43.27,0.10939, , 
43.3,0.109539, , 
43.34,0.109779, , 
43.38,0.109957, , 
43.42,0.110141, , 
43.45,0.110332, , 
43.49,0.110629, , 
43.53,0.110847, , 
43.56,0.11117, , 
43.6,0.111379, , 
43.63,0.111684, , 
43.67,0.111985, , 
43.71,0.112275, , 
43.74,0.11253, , 
43.78,0.112853, , 
43.82,0.113208, , 
43.86,0.113424, , 
43.89,0.113607, , 
43.93,0.113987, , 
43.97,0.114273, , 
44,0.114513, , 
44.04,0.114725, , 
44.07,0.115006, , 
44.11,0.115207, , 
44.15,0.115393, , 
44.18,0.115563, , 
44.22,0.11571, , 
44.26,0.115877, , 
44.3,0.115926, , 
44.33,0.116025, , 
44.37,0.116166, , 
44.41,0.116347, , 
44.44,0.116497, , 
44.48,0.116467, , 
44.52,0.116392, , 
44.55,0.116138, , 
44.59,0.116057, , 
44.62,0.115984, , 
44.66,0.115906, , 
44.7,0.115712, , 
44.73,0.115468, , 
44.77,0.115252, , 
44.81,0.114949, , 
44.85,0.114707, , 
44.88,0.114477, , 
44.92,0.114233, , 
44.96,0.113797, , 
44.99,0.113416, , 
45.03,0.11307, , 
45.06,0.11258, , 
45.1,0.11207, , 
45.14,0.111577, , 
45.17,0.111135, , 
45.21,0.110667, , 
45.25,0.110034, , 
45.29,0.109618, , 
45.32,0.109117, , 
45.36,0.10846, , 
45.4,0.107889, , 
45.43,0.107271, , 
45.47,0.106759, , 
45.51,0.106129, , 
45.54,0.105556, , 
45.58,0.10489, , 
45.61,0.104408, , 
45.65,0.103665, , 
45.69,0.103046, , 
45.73,0.102547, , 
45.76,0.10198, , 
45.8,0.101369, , 
45.84,0.100788, , 
45.87,0.100178, , 
45.91,0.099732, , 
45.94,0.09906, , 
45.98,0.09853, , 
46.02,0.097943, , 
46.05,0.097376, , 
46.09,0.096611, , 
46.13,0.096036, , 
46.17,0.095451, , 
46.2,0.094922, , 
46.24,0.094377, , 
46.27,0.093798, , 
46.31,0.093215, , 
46.35,0.092791, , 
46.39,0.092194, , 
46.42,0.091758, , 
46.46,0.091151, , 
46.5,0.090797, , 
46.53,0.090335, , 
46.57,0.089843, , 
46.6,0.089377, , 
46.64,0.088876, , 
46.68,0.08856, , 
46.71,0.088178, , 
46.75,0.087795, , 
46.79,0.08747, , 
46.83,0.087135, , 
46.86,0.086877, , 
46.9,0.086447, , 
46.94,0.086207, , 
46.97,0.085807, , 
47.01,0.085357, , 
47.04,0.085049, , 
47.08,0.084712, , 
47.12,0.084425, , 
47.15,0.084046, , 
47.19,0.083691, , 
47.23,0.083386, , 
47.27,0.083002, , 
47.3,0.082645, , 
47.34,0.082161, , 
47.38,0.081856, , 
47.41,0.081487, , 
47.45,0.081148, , 
47.48,0.0809, , 
47.52,0.080506, , 
47.56,0.080165, , 
47.6,0.079733, , 
47.63,0.079431, , 
47.67,0.07906, , 
47.71,0.078597, , 
47.74,0.078345, , 
47.78,0.078022, , 
47.82,0.07773, , 
47.85,0.077371, , 
47.89,0.076993, , 
47.92,0.076753, , 
47.96,0.076348, , 
48,0.076099, , 
48.04,0.075746, , 
48.07,0.075528, , 
48.11,0.075258, , 
48.15,0.075, , 
48.18,0.074691, , 
48.22,0.074346, , 
48.26,0.074104, , 
48.29,0.073827, , 
48.33,0.073561, , 
48.36,0.073288, , 
48.4,0.07296, , 
48.44,0.07274, , 
48.48,0.072409, , 
48.51,0.072269, , 
48.55,0.071963, , 
48.59,0.071729, , 
48.62,0.071591, , 
48.66,0.071349, , 
48.7,0.071129, , 
48.73,0.070837, , 
48.77,0.070605, , 
48.8,0.070383, , 
48.84,0.07005, , 
48.88,0.069854, , 
48.92,0.069618, , 
48.95,0.069473, , 
48.99,0.069239, , 
49.03,0.069029, , 
49.06,0.06876, , 
49.1,0.068615, , 
49.13,0.068571, , 
49.17,0.068266, , 
49.21,0.068185, , 
49.24,0.067979, , 
49.28,0.067681, , 
49.32,0.067616, , 
49.36,0.067469, , 
49.39,0.067336, , 
49.43,0.06715, , 
49.47,0.067051, , 
49.5,0.066894, , 
49.54,0.066634, , 
49.57,0.066613, , 
49.61,0.066484, , 
49.65,0.066385, , 
49.68,0.066167, , 
49.72,0.06606, , 
49.76,0.066056, , 
49.8,0.065911, , 
49.83,0.065794, , 
49.87,0.065637, , 
49.91,0.065596, , 
49.94,0.065514, , 
49.98,0.065334, , 
50.01,0.065193, , 
50.05,0.06508, , 
50.09,0.065092, , 
50.12,0.065056, , 
50.16,0.06508, , 
50.2,0.065037, , 
50.24,0.065062, , 
50.27,0.065116, , 
50.31,0.065043, , 
50.35,0.065056, , 
50.38,0.065062, , 
50.42,0.065189, , 
50.45,0.065403, , 
50.49,0.065487, , 
50.53,0.065719, , 
50.56,0.065929, , 
50.6,0.066208, , 
50.64,0.066504, , 
50.68,0.066932, , 
50.71,0.06731, , 
50.75,0.067731, , 
50.79,0.0683, , 
50.82,0.06897, , 
50.86,0.069723, , 
50.89,0.070496, , 
50.93,0.071258, , 
50.97,0.072195, , 
51,0.07305, , 
51.04,0.074267, , 
51.08,0.075218, , 
51.12,0.076525, , 
51.15,0.07773, , 
51.19,0.079225, , 
51.23,0.080529, , 
51.26,0.081957, , 
51.3,0.083467, , 
51.33,0.085047, , 
51.37,0.086689, , 
51.41,0.088301, , 
51.44,0.08976, , 
51.48,0.091471, , 
51.52,0.092894, , 
51.56,0.094482, , 
51.59,0.095927, , 
51.63,0.097553, , 
51.66,0.09897, , 
51.7,0.100552, , 
51.74,0.101861, , 
51.78,0.103193, , 
51.81,0.104291, , 
51.85,0.105516, , 
51.89,0.106512, , 
51.92,0.107352, , 
51.96,0.108074, , 
52,0.108906, , 
52.03,0.1096, , 
52.07,0.110245, , 
52.1,0.110631, , 
52.14,0.111067, , 
52.18,0.111418, , 
52.22,0.111452, , 
52.25,0.111517, , 
52.29,0.111511, , 
52.33,0.111535, , 
52.36,0.111438, , 
52.4,0.11122, , 
52.43,0.111026, , 
52.47,0.110651, , 
52.51,0.110237, , 
52.54,0.109844, , 
52.58,0.109354, , 
52.62,0.108982, , 
52.66,0.108337, , 
52.69,0.107917, , 
52.73,0.107237, , 
52.77,0.106595, , 
52.8,0.105881, , 
52.84,0.10515, , 
52.87,0.104394, , 
52.91,0.103706, , 
52.95,0.103185, , 
52.98,0.102592, , 
53.02,0.101768, , 
53.06,0.101054, , 
53.1,0.100197, , 
53.13,0.099603, , 
53.17,0.098889, , 
53.21,0.098302, , 
53.24,0.097638, , 
53.28,0.096942, , 
53.31,0.096381, , 
53.35,0.095705, , 
53.39,0.095154, , 
53.42,0.094482, , 
53.46,0.093941, , 
53.5,0.093346, , 
53.54,0.092791, , 
53.57,0.092256, , 
53.61,0.091699, , 
53.65,0.091229, , 
53.68,0.090749, , 
53.72,0.090176, , 
53.75,0.089704, , 
53.79,0.089121, , 
53.83,0.088723, , 
53.86,0.088132, , 
53.9,0.087656, , 
53.94,0.087242, , 
53.98,0.086869, , 
54.01,0.086449, , 
54.05,0.085914, , 
54.09,0.085549, , 
54.12,0.085036, , 
54.16,0.084562, , 
54.19,0.08408, , 
54.23,0.08367, , 
54.27,0.083352, , 
54.3,0.082871, , 
54.34,0.082399, , 
54.38,0.082004, , 
54.42,0.081527, , 
54.45,0.0812, , 
54.49,0.080767, , 
54.53,0.080436, , 
54.56,0.080006, , 
54.6,0.079659, , 
54.63,0.079279, , 
54.67,0.078914, , 
54.71,0.078495, , 
54.74,0.078099, , 
54.78,0.077736, , 
54.82,0.077381, , 
54.86,0.076999, , 
54.89,0.076701, , 
54.93,0.076392, , 
54.97,0.076091, , 
55,0.075708, , 
55.04,0.0755, , 
55.07,0.075145, , 
55.11,0.074856, , 
55.15,0.074572, , 
55.19,0.074241, , 
55.22,0.073966, , 
55.26,0.073609, , 
55.3,0.073379, , 
55.33,0.073105, , 
55.37,0.072909, , 
55.41,0.072673, , 
55.44,0.07236, , 
55.48,0.072134, , 
55.51,0.071896, , 
55.55,0.07164, , 
55.59,0.071317, , 
55.63,0.071168, , 
55.66,0.071, , 
55.7,0.070722, , 
55.74,0.070613, , 
55.77,0.070352, , 
55.81,0.070195, , 
55.84,0.070058, , 
55.88,0.070022, , 
55.92,0.069997, , 
55.95,0.0698, , 
55.99,0.069687, , 
56.03,0.06961, , 
56.07,0.069576, , 
56.1,0.06961, , 
56.14,0.069787, , 
56.18,0.07003, , 
56.21,0.070124, , 
56.25,0.070377, , 
56.28,0.070696, , 
56.32,0.07094, , 
56.36,0.071382, , 
56.39,0.071767, , 
56.43,0.072477, , 
56.47,0.073095, , 
56.51,0.0739, , 
56.54,0.074521, , 
56.58,0.075304, , 
56.62,0.07619, , 
56.65,0.077114, , 
56.69,0.07822, , 
56.72,0.079358, , 
56.76,0.080615, , 
56.8,0.081723, , 
56.83,0.083152, , 
56.87,0.08457, , 
56.91,0.085839, , 
56.95,0.087292, , 
56.98,0.088848, , 
57.02,0.090273, , 
57.06,0.091812, , 
57.09,0.092886, , 
57.13,0.094494, , 
57.16,0.095858, , 
57.2,0.09722, , 
57.24,0.098183, , 
57.27,0.099446, , 
57.31,0.100687, , 
57.35,0.101643, , 
57.39,0.102642, , 
57.42,0.103675, , 
57.46,0.104579, , 
57.5,0.105245, , 
57.53,0.10583, , 
57.57,0.106452, , 
57.6,0.106755, , 
57.64,0.107096, , 
57.68,0.107356, , 
57.71,0.107606, , 
57.75,0.107852, , 
57.79,0.107915, , 
57.83,0.107989, , 
57.86,0.107798, , 
57.9,0.107598, , 
57.94,0.107392, , 
57.97,0.107053, , 
58.01,0.106821, , 
58.04,0.106504, , 
58.08,0.106161, , 
58.12,0.105653, , 
58.15,0.105162, , 
58.19,0.104634, , 
58.23,0.104168, , 
58.27,0.10355, , 
58.3,0.102971, , 
58.34,0.102448, , 
58.38,0.101898, , 
58.41,0.101193, , 
58.45,0.100612, , 
58.49,0.100176, , 
58.52,0.099347, , 
58.56,0.098558, , 
58.59,0.098082, , 
58.63,0.097446, , 
58.67,0.096851, , 
58.71,0.096334, , 
58.74,0.096012, , 
58.78,0.095229, , 
58.82,0.094502, , 
58.85,0.093933, , 
58.89,0.093396, , 
58.93,0.09285, , 
58.96,0.092446, , 
59,0.092048, , 
59.03,0.091405, , 
59.07,0.090795, , 
59.11,0.090289, , 
59.14,0.089867, , 
59.18,0.089181, , 
59.22,0.088761, , 
59.26,0.088441, , 
59.29,0.087825, , 
59.33,0.087308, , 
59.37,0.086883, , 
59.4,0.086507, , 
59.44,0.086031, , 
59.47,0.085694, , 
59.51,0.085505, , 
59.55,0.084923, , 
59.58,0.08453, , 
59.62,0.084167, , 
59.66,0.083842, , 
59.7,0.08339, , 
59.73,0.083071, , 
59.77,0.082639, , 
59.81,0.08224, , 
59.84,0.08186, , 
59.88,0.08159, , 
59.92,0.081354, , 
59.95,0.080908, , 
59.99,0.080603, , 
60.02,0.080238, , 
60.06,0.079966, , 
60.1,0.079709, , 
60.14,0.079415, , 
60.17,0.079203, , 
60.21,0.078805, , 
60.25,0.078577, , 
60.28,0.078295, , 
60.32,0.078123, , 
60.35,0.077887, , 
60.39,0.077627, , 
60.43,0.077554, , 
60.46,0.077419, , 
60.5,0.077239, , 
60.54,0.077134, , 
60.58,0.077032, , 
60.61,0.077046, , 
60.65,0.077021, , 
60.69,0.077104, , 
60.72,0.077249, , 
60.76,0.077427, , 
60.79,0.077621, , 
60.83,0.077806, , 
60.87,0.078077, , 
60.9,0.078301, , 
60.94,0.078791, , 
60.98,0.079296, , 
61.02,0.079786, , 
61.05,0.080357, , 
61.09,0.081096, , 
61.13,0.081947, , 
61.16,0.082595, , 
61.2,0.083347, , 
61.23,0.084197, , 
61.27,0.085012, , 
61.31,0.085874, , 
61.34,0.086887, , 
61.38,0.088031, , 
61.42,0.089102, , 
61.46,0.090075, , 
61.49,0.091385, , 
61.53,0.092438, , 
61.57,0.093616, , 
61.6,0.094538, , 
61.64,0.095969, , 
61.67,0.097073, , 
61.71,0.098092, , 
61.75,0.098929, , 
61.78,0.100096, , 
61.82,0.101135, , 
61.86,0.102045, , 
61.9,0.1028, , 
61.93,0.103675, , 
61.97,0.104376, , 
62.01,0.105009, , 
62.04,0.105524, , 
62.08,0.105951, , 
62.11,0.106335, , 
62.15,0.1067, , 
62.19,0.10718, , 
62.22,0.107307, , 
62.26,0.107459, , 
62.3,0.107523, , 
62.34,0.107475, , 
62.37,0.107495, , 
62.41,0.107425, , 
62.45,0.107316, , 
62.48,0.107124, , 
62.52,0.106851, , 
62.55,0.106595, , 
62.59,0.106266, , 
62.63,0.106006, , 
62.66,0.105582, , 
62.7,0.105122, , 
62.74,0.104664, , 
62.78,0.104024, , 
62.81,0.103556, , 
62.85,0.102999, , 
62.89,0.1026, , 
62.92,0.102055, , 
62.96,0.101413, , 
62.99,0.100909, , 
63.03,0.10038, , 
63.07,0.099874, , 
63.11,0.099252, , 
63.14,0.098772, , 
63.18,0.098203, , 
63.22,0.097557, , 
63.25,0.097079, , 
63.29,0.096496, , 
63.33,0.095878, , 
63.36,0.095317, , 
63.4,0.094696, , 
63.43,0.094302, , 
63.47,0.093645, , 
63.51,0.093237, , 
63.55,0.092694, , 
63.58,0.092278, , 
63.62,0.091845, , 
63.66,0.091356, , 
63.69,0.090995, , 
63.73,0.090527, , 
63.77,0.090172, , 
63.8,0.089861, , 
63.84,0.089449, , 
63.87,0.089238, , 
63.91,0.088882, , 
63.95,0.088705, , 
63.99,0.088382, , 
64.02,0.088118, , 
64.06,0.087906, , 
64.1,0.087615, , 
64.13,0.087581, , 
64.17,0.08752, , 
64.21,0.087579, , 
64.24,0.087716, , 
64.28,0.087894, , 
64.31,0.088128, , 
64.35,0.088483, , 
64.39,0.088991, , 
64.43,0.089575, , 
64.46,0.090037, , 
64.5,0.090658, , 
64.54,0.09134, , 
64.57,0.092139, , 
64.61,0.092811, , 
64.64,0.093586, , 
64.68,0.094482, , 
64.72,0.095277, , 
64.75,0.09631, , 
64.79,0.097144, , 
64.83,0.09809, , 
64.87,0.098998, , 
64.9,0.099829, , 
64.94,0.100691, , 
64.98,0.101419, , 
65.01,0.102101, , 
65.05,0.102945, , 
65.08,0.103693, , 
65.12,0.104426, , 
65.16,0.1049, , 
65.19,0.105528, , 
65.23,0.10596, , 
65.27,0.106327, , 
65.31,0.106627, , 
65.34,0.106815, , 
65.38,0.106944, , 
65.42,0.106942, , 
65.45,0.106946, , 
65.49,0.106855, , 
65.52,0.1067, , 
65.56,0.106466, , 
65.6,0.106141, , 
65.63,0.105958, , 
65.67,0.105608, , 
65.71,0.105227, , 
65.75,0.104712, , 
65.78,0.104267, , 
65.82,0.103784, , 
65.86,0.103365, , 
65.89,0.10285, , 
65.93,0.10235, , 
65.96,0.10189, , 
66,0.10153, , 
66.04,0.100961, , 
66.07,0.100538, , 
66.11,0.100063, , 
66.15,0.099654, , 
66.19,0.099125, , 
66.22,0.09874, , 
66.26,0.098477, , 
66.3,0.098274, , 
66.33,0.097993, , 
66.37,0.097707, , 
66.4,0.097589, , 
66.44,0.097462, , 
66.48,0.097259, , 
66.52,0.097156, , 
66.55,0.097196, , 
66.59,0.097378, , 
66.63,0.097515, , 
66.66,0.097583, , 
66.7,0.097803, , 
66.74,0.098029, , 
66.77,0.098366, , 
66.81,0.098762, , 
66.84,0.09905, , 
66.88,0.099662, , 
66.92,0.100033, , 
66.96,0.100544, , 
66.99,0.100939, , 
67.03,0.101405, , 
67.07,0.101972, , 
67.1,0.10242, , 
67.14,0.102973, , 
67.18,0.103536, , 
67.21,0.104024, , 
67.25,0.104414, , 
67.29,0.104862, , 
67.32,0.105294, , 
67.36,0.10561, , 
67.4,0.105859, , 
67.43,0.106119, , 
67.47,0.106284, , 
67.5,0.106422, , 
67.54,0.10645, , 
67.58,0.106541, , 
67.61,0.106512, , 
67.65,0.106369, , 
67.69,0.106208, , 
67.73,0.105966, , 
67.76,0.105828, , 
67.8,0.10556, , 
67.84,0.105374, , 
67.87,0.105031, , 
67.91,0.10465, , 
67.94,0.104408, , 
67.98,0.104083, , 
68.02,0.103712, , 
68.05,0.103367, , 
68.09,0.103056, , 
68.13,0.102858, , 
68.17,0.102604, , 
68.2,0.102551, , 
68.24,0.102329, , 
68.28,0.102216, , 
68.31,0.102101, , 
68.35,0.102043, , 
68.38,0.102079, , 
68.42,0.102013, , 
68.46,0.102035, , 
68.5,0.102005, , 
68.53,0.102015, , 
68.57,0.102255, , 
68.61,0.102358, , 
68.64,0.102477, , 
68.68,0.10244, , 
68.72,0.102616, , 
68.75,0.102866, , 
68.79,0.102959, , 
68.82,0.103161, , 
68.86,0.103361, , 
68.9,0.103457, , 
68.94,0.103478, , 
68.97,0.103576, , 
69.01,0.103825, , 
69.05,0.103887, , 
69.08,0.104028, , 
69.12,0.104037, , 
69.15,0.10393, , 
69.19,0.103744, , 
69.23,0.103583, , 
69.26,0.10356, , 
69.3,0.103405, , 
69.34,0.103241, , 
69.38,0.10311, , 
69.41,0.102904, , 
69.45,0.102709, , 
69.49,0.102533, , 
69.52,0.102442, , 
69.56,0.102243, , 
69.59,0.102069, , 
69.63,0.102049, , 
69.67,0.101774, , 
69.7,0.101688, , 
69.74,0.101567, , 
69.78,0.1015, , 
69.82,0.101419, , 
69.85,0.10123, , 
69.89,0.101165, , 
69.93,0.101026, , 
69.96,0.101026, , 
70,0.101046, , 
70.03,0.101008, , 
70.07,0.101018, , 
70.11,0.100877, , 
70.14,0.100715, , 
70.18,0.100592, , 
70.22,0.100542, , 
70.26,0.100538, , 
70.29,0.10037, , 
70.33,0.100217, , 
70.37,0.100065, , 
70.4,0.100033, , 
70.44,0.099971, , 
70.47,0.099732, , 
70.51,0.099579, , 
70.55,0.099474, , 
70.58,0.099391, , 
70.62,0.099202, , 
70.66,0.099, , 
70.7,0.09883, , 
70.73,0.098582, , 
70.77,0.09833, , 
70.81,0.098043, , 
70.84,0.097612, , 
70.88,0.097091, , 
70.91,0.096587, , 
70.95,0.096112, , 
70.99,0.095364, , 
71.02,0.094651, , 
71.06,0.093844, , 
71.1,0.093249, , 
71.14,0.092226, , 
71.17,0.091249, , 
71.21,0.09041, , 
71.25,0.089754, , 
71.28,0.088852, , 
71.32,0.088053, , 
71.35,0.087276, , 
71.39,0.086639, , 
71.43,0.085805, , 
71.46,0.085109, , 
71.5,0.08449, , 
71.54,0.083975, , 
71.58,0.083251, , 
71.61,0.082663, , 
71.65,0.082159, , 
71.69,0.081765, , 
71.72,0.081271, , 
71.76,0.080803, , 
71.79,0.080272, , 
71.83,0.079939, , 
71.87,0.07951, , 
71.91,0.079064, , 
71.94,0.078757, , 
71.98,0.078363, , 
72.02,0.078105, , 
72.05,0.077718, , 
72.09,0.077463, , 
72.13,0.077145, , 
72.16,0.076832, , 
72.2,0.076541, , 
72.23,0.076277, , 
72.27,0.076057, , 
72.31,0.07577, , 
72.35,0.075585, , 
72.38,0.075347, , 
72.42,0.075058, , 
72.46,0.074872, , 
72.49,0.074552, , 
72.53,0.074324, , 
72.56,0.074164, , 
72.6,0.073916, , 
72.64,0.073712, , 
72.67,0.073492, , 
72.71,0.073258, , 
72.75,0.073103, , 
72.79,0.07296, , 
72.82,0.0728, , 
72.86,0.072564, , 
72.9,0.07251, , 
72.93,0.07235, , 
72.97,0.072215, , 
73,0.072086, , 
73.04,0.072027, , 
73.08,0.07193, , 
73.12,0.071648, , 
73.15,0.07163, , 
73.19,0.071452, , 
73.23,0.07118, , 
73.26,0.071125, , 
73.3,0.071018, , 
73.34,0.070907, , 
73.37,0.070706, , 
73.41,0.070659, , 
73.44,0.070607, , 
73.48,0.070455, , 
73.52,0.070272, , 
73.55,0.070078, , 
73.59,0.070064, , 
73.63,0.070013, , 
73.67,0.06985, , 
73.7,0.069723, , 
73.74,0.069584, , 
73.78,0.0696, , 
73.81,0.069451, , 
73.85,0.069402, , 
73.88,0.069107, , 
73.92,0.068999, , 
73.96,0.069059, , 
73.99,0.069013, , 
74.03,0.069091, , 
74.07,0.069029, , 
74.11,0.069027, , 
74.14,0.068877, , 
74.18,0.068766, , 
74.22,0.06866, , 
74.25,0.068561, , 
74.29,0.068593, , 
74.32,0.068617, , 
74.36,0.068603, , 
74.4,0.068573, , 
74.43,0.068526, , 
74.47,0.068577, , 
74.51,0.068476, , 
74.55,0.068234, , 
74.58,0.068137, , 
74.62,0.068056, , 
74.66,0.06807, , 
74.69,0.06806, , 
74.73,0.068125, , 
74.76,0.068109, , 
74.8,0.068082, , 
74.84,0.068155, , 
74.87,0.068092, , 
74.91,0.068153, , 
74.95,0.068133, , 
74.99,0.068123, , 
75.02,0.068123, , 
75.06,0.068032, , 
75.1,0.068084, , 
75.13,0.068068, , 
75.17,0.068107, , 
75.2,0.068107, , 
75.24,0.068074, , 
75.28,0.068094, , 
75.31,0.068046, , 
75.35,0.068119, , 
75.39,0.068066, , 
75.43,0.068103, , 
75.46,0.068129, , 
75.5,0.068052, , 
75.54,0.067979, , 
75.57,0.067772, , 
75.61,0.067632, , 
75.64,0.067576, , 
75.68,0.067554, , 
75.72,0.067598, , 
75.75,0.06756, , 
75.79,0.067582, , 
75.83,0.067534, , 
75.87,0.067515, , 
75.9,0.067517, , 
75.94,0.067491, , 
75.98,0.067527, , 
76.01,0.067517, , 
76.05,0.067532, , 
76.08,0.067501, , 
76.12,0.067483, , 
76.16,0.067523, , 
76.2,0.067507, , 
76.23,0.067534, , 
76.27,0.067517, , 
76.31,0.067521, , 
76.31,0.067521, , 
76.43,0.06754, , 