Gradient Profiler Text Data File: hrGFP_rich_2.csv,,,
Version: 1.88,,,
Date: 2016-02-15,,,
Time: 20:23:33,,,
,,,
User: Alicia,,,
Experiment name: 20160215_redodigestSDGfor14711,,,
UV Unit: EM-1,,,
Rotor Manufacturer: Beckman,,,
Rotor Model: SW41Ti,,,
Speed: 35000 rpm,,,
Gradient: sucrose 10.0% to 50.0% w/v,,,
Time: 180,,,
w2t:  x 10^0,,,
Sample Volume: 0.40 ml,,,
Number of Tubes: 4,,,
Volume per mm: 0.143 ml/mm,,,
Temperature: 4.0 deg C,,,
,,,
Absorbance Units Full Scale (AUFS): 1.00,,,
Manual-triggered gradient; (with distance; but no event marks),,,
Delay: No Delay,,,
UV Wavelength: 254 nm,,,
Samples / sec: 6 Hz,,,
EM1 Speed: 0.22 mm/sec,,,
Distance: 2.02 mm,,,
Number: 52,,,
Dead Volume: 0.000000 ml; Distance due to Dead Volume: 0.00 mm,,,
Length of Tubing: 0 mm,,,
Total Distance: 105.04 mm,,,
,,,
Data Columns:,,,
Distance, Absorbance,,
0.05,0.017633, , 
0.08,0.017624, , 
0.11,0.017659, , 
0.15,0.017605, , 
0.19,0.01762, , 
0.22,0.01757, , 
0.26,0.017588, , 
0.3,0.017656, , 
0.33,0.017597, , 
0.37,0.017643, , 
0.41,0.017572, , 
0.44,0.0176, , 
0.48,0.017604, , 
0.52,0.017581, , 
0.55,0.017633, , 
0.59,0.017607, , 
0.63,0.017651, , 
0.66,0.017577, , 
0.7,0.017592, , 
0.74,0.017603, , 
0.77,0.017594, , 
0.81,0.017613, , 
0.85,0.017612, , 
0.88,0.017644, , 
0.92,0.017592, , 
0.96,0.017607, , 
0.99,0.017603, , 
1.03,0.017577, , 
1.07,0.017636, , 
1.1,0.017606, , 
1.14,0.017622, , 
1.18,0.017588, , 
1.21,0.017587, , 
1.25,0.01759, , 
1.29,0.017563, , 
1.32,0.01762, , 
1.36,0.017595, , 
1.4,0.017642, , 
1.43,0.017635, , 
1.47,0.017629, , 
1.51,0.017744, , 
1.54,0.017893, , 
1.58,0.018212, , 
1.62,0.018442, , 
1.65,0.01874, , 
1.69,0.01917, , 
1.73,0.01966, , 
1.76,0.020102, , 
1.8,0.020584, , 
1.84,0.021105, , 
1.87,0.021494, , 
1.91,0.021802, , 
1.95,0.021944, , 
1.98,0.022084, , 
2.02,0.026298, , 
2.06,0.03846, , 
2.09,0.051659, , 
2.13,0.060497, , 
2.17,0.067583, , 
2.2,0.07951, , 
2.24,0.097879, , 
2.28,0.110467, , 
2.31,0.117244, , 
2.35,0.122444, , 
2.39,0.126608, , 
2.42,0.123695, , 
2.46,0.113941, , 
2.5,0.108097, , 
2.53,0.107228, , 
2.57,0.103025, , 
2.61,0.090687, , 
2.64,0.081788, , 
2.68,0.07854, , 
2.72,0.078436, , 
2.75,0.079174, , 
2.79,0.080165, , 
2.83,0.080958, , 
2.86,0.081697, , 
2.9,0.082435, , 
2.94,0.083088, , 
2.97,0.083641, , 
3.01,0.084188, , 
3.05,0.08494, , 
3.08,0.085778, , 
3.12,0.086764, , 
3.16,0.088028, , 
3.19,0.089195, , 
3.23,0.090524, , 
3.27,0.091616, , 
3.3,0.092739, , 
3.34,0.093926, , 
3.38,0.095126, , 
3.41,0.096079, , 
3.45,0.096927, , 
3.49,0.097676, , 
3.52,0.09819, , 
3.56,0.098698, , 
3.6,0.099263, , 
3.63,0.099726, , 
3.67,0.10028, , 
3.71,0.100736, , 
3.74,0.101191, , 
3.78,0.101632, , 
3.82,0.102074, , 
3.85,0.102414, , 
3.89,0.102758, , 
3.93,0.103229, , 
3.96,0.103548, , 
4,0.103855, , 
4.04,0.10416, , 
4.07,0.104369, , 
4.11,0.104684, , 
4.15,0.104899, , 
4.18,0.105192, , 
4.22,0.105491, , 
4.26,0.105769, , 
4.29,0.106001, , 
4.33,0.106288, , 
4.37,0.106607, , 
4.4,0.106878, , 
4.44,0.107208, , 
4.48,0.107476, , 
4.51,0.107679, , 
4.55,0.107897, , 
4.59,0.108077, , 
4.62,0.108292, , 
4.66,0.108436, , 
4.7,0.10868, , 
4.73,0.108862, , 
4.77,0.10904, , 
4.81,0.109321, , 
4.84,0.109486, , 
4.88,0.109745, , 
4.92,0.109918, , 
4.95,0.110174, , 
4.99,0.110448, , 
5.03,0.11069, , 
5.06,0.110953, , 
5.1,0.111148, , 
5.14,0.111425, , 
5.17,0.111571, , 
5.21,0.111829, , 
5.25,0.112062, , 
5.28,0.112297, , 
5.32,0.112568, , 
5.36,0.11274, , 
5.39,0.112925, , 
5.43,0.113037, , 
5.47,0.113196, , 
5.5,0.113354, , 
5.54,0.113481, , 
5.58,0.113662, , 
5.61,0.113741, , 
5.65,0.113905, , 
5.69,0.114041, , 
5.72,0.114133, , 
5.76,0.114267, , 
5.8,0.114409, , 
5.83,0.114611, , 
5.87,0.114737, , 
5.91,0.1149, , 
5.94,0.115073, , 
5.98,0.115184, , 
6.02,0.115346, , 
6.05,0.115462, , 
6.09,0.115673, , 
6.13,0.115849, , 
6.16,0.116061, , 
6.2,0.116221, , 
6.24,0.116351, , 
6.27,0.116519, , 
6.31,0.116632, , 
6.35,0.116838, , 
6.38,0.11693, , 
6.42,0.117055, , 
6.46,0.117209, , 
6.49,0.117312, , 
6.53,0.117463, , 
6.57,0.117507, , 
6.6,0.117647, , 
6.64,0.117771, , 
6.68,0.117867, , 
6.71,0.11799, , 
6.75,0.118046, , 
6.79,0.118211, , 
6.82,0.118251, , 
6.86,0.118358, , 
6.9,0.118483, , 
6.93,0.118519, , 
6.97,0.118616, , 
7.01,0.118672, , 
7.04,0.118785, , 
7.08,0.118784, , 
7.12,0.118865, , 
7.15,0.118962, , 
7.19,0.118968, , 
7.23,0.119066, , 
7.26,0.119103, , 
7.3,0.119205, , 
7.34,0.119267, , 
7.37,0.119273, , 
7.41,0.119306, , 
7.45,0.119324, , 
7.48,0.119471, , 
7.52,0.119494, , 
7.56,0.119552, , 
7.59,0.119677, , 
7.63,0.11997, , 
7.67,0.121048, , 
7.7,0.125608, , 
7.74,0.143052, , 
7.78,0.175226, , 
7.81,0.211597, , 
7.85,0.250405, , 
7.89,0.294015, , 
7.92,0.334122, , 
7.96,0.378248, , 
8,0.418505, , 
8.03,0.458824, , 
8.07,0.501607, , 
8.11,0.536113, , 
8.14,0.553339, , 
8.18,0.563436, , 
8.22,0.567956, , 
8.25,0.570663, , 
8.29,0.572899, , 
8.33,0.575277, , 
8.36,0.577519, , 
8.4,0.579891, , 
8.44,0.581984, , 
8.47,0.583727, , 
8.51,0.585624, , 
8.55,0.587295, , 
8.58,0.588642, , 
8.62,0.590226, , 
8.66,0.591618, , 
8.69,0.592841, , 
8.73,0.593847, , 
8.77,0.594786, , 
8.8,0.595696, , 
8.84,0.596491, , 
8.88,0.597169, , 
8.91,0.597655, , 
8.95,0.598234, , 
8.99,0.598644, , 
9.02,0.598941, , 
9.06,0.599236, , 
9.1,0.599408, , 
9.13,0.599556, , 
9.17,0.599597, , 
9.21,0.599646, , 
9.24,0.599637, , 
9.28,0.599508, , 
9.32,0.599397, , 
9.35,0.599157, , 
9.39,0.598915, , 
9.43,0.598514, , 
9.46,0.598096, , 
9.5,0.597657, , 
9.54,0.597023, , 
9.57,0.596463, , 
9.61,0.595639, , 
9.65,0.594941, , 
9.68,0.594051, , 
9.72,0.593047, , 
9.76,0.59206, , 
9.79,0.590899, , 
9.83,0.589567, , 
9.87,0.588029, , 
9.9,0.586625, , 
9.94,0.585154, , 
9.98,0.583417, , 
10.01,0.581778, , 
10.05,0.579995, , 
10.09,0.578077, , 
10.12,0.576165, , 
10.16,0.574026, , 
10.2,0.572048, , 
10.23,0.569961, , 
10.27,0.567711, , 
10.31,0.565361, , 
10.34,0.563199, , 
10.38,0.560869, , 
10.42,0.558215, , 
10.45,0.55569, , 
10.49,0.552722, , 
10.53,0.549976, , 
10.56,0.547043, , 
10.6,0.543757, , 
10.64,0.540332, , 
10.67,0.53733, , 
10.71,0.53366, , 
10.75,0.529886, , 
10.78,0.526517, , 
10.82,0.523046, , 
10.86,0.519209, , 
10.89,0.515723, , 
10.93,0.511816, , 
10.97,0.508345, , 
11,0.504738, , 
11.04,0.500757, , 
11.08,0.496766, , 
11.11,0.49346, , 
11.15,0.489373, , 
11.19,0.485184, , 
11.22,0.481436, , 
11.26,0.477581, , 
11.3,0.473381, , 
11.33,0.46953, , 
11.37,0.46522, , 
11.41,0.461303, , 
11.44,0.457374, , 
11.48,0.45308, , 
11.52,0.448699, , 
11.55,0.445151, , 
11.59,0.440826, , 
11.63,0.436424, , 
11.66,0.432474, , 
11.7,0.428536, , 
11.74,0.424198, , 
11.77,0.420218, , 
11.81,0.415896, , 
11.85,0.411956, , 
11.88,0.407915, , 
11.92,0.403579, , 
11.96,0.399215, , 
11.99,0.395642, , 
12.03,0.391281, , 
12.07,0.386864, , 
12.1,0.382853, , 
12.14,0.378795, , 
12.18,0.374411, , 
12.21,0.370388, , 
12.25,0.365966, , 
12.29,0.361974, , 
12.32,0.357979, , 
12.36,0.353659, , 
12.4,0.349232, , 
12.43,0.345657, , 
12.47,0.341248, , 
12.51,0.336894, , 
12.54,0.333013, , 
12.58,0.329055, , 
12.62,0.324804, , 
12.65,0.320949, , 
12.69,0.316743, , 
12.73,0.312927, , 
12.76,0.309085, , 
12.8,0.304935, , 
12.84,0.300801, , 
12.87,0.297496, , 
12.91,0.293444, , 
12.95,0.289419, , 
12.98,0.285804, , 
13.02,0.282209, , 
13.06,0.278341, , 
13.09,0.274766, , 
13.13,0.270913, , 
13.17,0.267355, , 
13.2,0.263919, , 
13.24,0.260169, , 
13.28,0.256377, , 
13.31,0.252982, , 
13.35,0.249559, , 
13.39,0.245927, , 
13.42,0.242647, , 
13.46,0.239369, , 
13.5,0.235909, , 
13.53,0.232749, , 
13.57,0.229343, , 
13.61,0.226207, , 
13.64,0.223168, , 
13.68,0.219908, , 
13.72,0.216681, , 
13.75,0.213759, , 
13.79,0.2108, , 
13.83,0.207686, , 
13.86,0.204835, , 
13.9,0.201743, , 
13.94,0.198935, , 
13.97,0.196121, , 
14.01,0.193152, , 
14.05,0.190053, , 
14.08,0.187609, , 
14.12,0.18464, , 
14.16,0.181689, , 
14.19,0.179115, , 
14.23,0.176473, , 
14.27,0.173675, , 
14.3,0.171085, , 
14.34,0.168396, , 
14.38,0.165979, , 
14.41,0.163558, , 
14.45,0.161029, , 
14.49,0.158502, , 
14.52,0.15654, , 
14.56,0.154113, , 
14.6,0.151692, , 
14.63,0.149576, , 
14.67,0.147479, , 
14.71,0.145264, , 
14.74,0.143211, , 
14.78,0.141135, , 
14.82,0.139168, , 
14.85,0.137228, , 
14.89,0.135281, , 
14.93,0.133285, , 
14.96,0.131748, , 
15,0.129822, , 
15.04,0.128053, , 
15.07,0.126449, , 
15.11,0.124837, , 
15.15,0.123174, , 
15.18,0.121672, , 
15.22,0.120123, , 
15.26,0.118712, , 
15.29,0.117336, , 
15.33,0.115905, , 
15.37,0.114406, , 
15.4,0.113275, , 
15.44,0.111841, , 
15.48,0.11047, , 
15.51,0.109195, , 
15.55,0.107994, , 
15.59,0.106781, , 
15.62,0.10559, , 
15.66,0.104298, , 
15.7,0.103117, , 
15.73,0.102047, , 
15.77,0.100944, , 
15.81,0.099844, , 
15.84,0.098997, , 
15.88,0.09793, , 
15.92,0.096947, , 
15.95,0.095972, , 
15.99,0.094989, , 
16.03,0.094, , 
16.06,0.093029, , 
16.1,0.092093, , 
16.14,0.091209, , 
16.17,0.090311, , 
16.21,0.08933, , 
16.25,0.088361, , 
16.28,0.087629, , 
16.32,0.086725, , 
16.36,0.085917, , 
16.39,0.085171, , 
16.43,0.084428, , 
16.47,0.08362, , 
16.5,0.082866, , 
16.54,0.082093, , 
16.58,0.081319, , 
16.61,0.080644, , 
16.65,0.079927, , 
16.69,0.079225, , 
16.72,0.078699, , 
16.76,0.078023, , 
16.8,0.077465, , 
16.83,0.076895, , 
16.87,0.076387, , 
16.91,0.075907, , 
16.94,0.07539, , 
16.98,0.074939, , 
17.02,0.074484, , 
17.05,0.074077, , 
17.09,0.073553, , 
17.13,0.073106, , 
17.16,0.072777, , 
17.2,0.072332, , 
17.24,0.071976, , 
17.27,0.071567, , 
17.31,0.071189, , 
17.35,0.070843, , 
17.38,0.070556, , 
17.42,0.070243, , 
17.46,0.069875, , 
17.49,0.069687, , 
17.53,0.069338, , 
17.57,0.069044, , 
17.6,0.068778, , 
17.64,0.068447, , 
17.68,0.0682, , 
17.71,0.067905, , 
17.75,0.067683, , 
17.79,0.067414, , 
17.82,0.067161, , 
17.86,0.066897, , 
17.9,0.066594, , 
17.93,0.066433, , 
17.97,0.066122, , 
18.01,0.065858, , 
18.04,0.065634, , 
18.08,0.065356, , 
18.12,0.065122, , 
18.15,0.06483, , 
18.19,0.06464, , 
18.23,0.064393, , 
18.26,0.064168, , 
18.3,0.063917, , 
18.34,0.063694, , 
18.37,0.063553, , 
18.41,0.063273, , 
18.45,0.063095, , 
18.48,0.062904, , 
18.52,0.062732, , 
18.56,0.062575, , 
18.59,0.062365, , 
18.63,0.062196, , 
18.67,0.061964, , 
18.7,0.061802, , 
18.74,0.061613, , 
18.78,0.06138, , 
18.81,0.06126, , 
18.85,0.061079, , 
18.89,0.060965, , 
18.92,0.060747, , 
18.96,0.060609, , 
19,0.060465, , 
19.03,0.060318, , 
19.07,0.0602, , 
19.11,0.060057, , 
19.14,0.060032, , 
19.18,0.059904, , 
19.22,0.059806, , 
19.25,0.059749, , 
19.29,0.059583, , 
19.33,0.059582, , 
19.36,0.059505, , 
19.4,0.059512, , 
19.44,0.059434, , 
19.47,0.059326, , 
19.51,0.059333, , 
19.55,0.059264, , 
19.58,0.059302, , 
19.62,0.059301, , 
19.66,0.059374, , 
19.69,0.059469, , 
19.73,0.059484, , 
19.77,0.059535, , 
19.8,0.05958, , 
19.84,0.059698, , 
19.88,0.059825, , 
19.91,0.059917, , 
19.95,0.06008, , 
19.99,0.060225, , 
20.02,0.060433, , 
20.06,0.060609, , 
20.1,0.060835, , 
20.13,0.061047, , 
20.17,0.06127, , 
20.21,0.061611, , 
20.24,0.061842, , 
20.28,0.062162, , 
20.32,0.06247, , 
20.35,0.062789, , 
20.39,0.063209, , 
20.43,0.063448, , 
20.46,0.063772, , 
20.5,0.064112, , 
20.54,0.064531, , 
20.57,0.06484, , 
20.61,0.06521, , 
20.65,0.065683, , 
20.68,0.065992, , 
20.72,0.066383, , 
20.76,0.066772, , 
20.79,0.06707, , 
20.83,0.067381, , 
20.87,0.067638, , 
20.9,0.067937, , 
20.94,0.068189, , 
20.98,0.068488, , 
21.01,0.068641, , 
21.05,0.068771, , 
21.09,0.068935, , 
21.12,0.069024, , 
21.16,0.069205, , 
21.2,0.069246, , 
21.23,0.069277, , 
21.27,0.069271, , 
21.31,0.069201, , 
21.34,0.069162, , 
21.38,0.069035, , 
21.42,0.068988, , 
21.45,0.068822, , 
21.49,0.068641, , 
21.53,0.068467, , 
21.56,0.068244, , 
21.6,0.068067, , 
21.64,0.067793, , 
21.67,0.067571, , 
21.71,0.067309, , 
21.75,0.067037, , 
21.78,0.066834, , 
21.82,0.06643, , 
21.86,0.066085, , 
21.89,0.065823, , 
21.93,0.065507, , 
21.97,0.065177, , 
22,0.064771, , 
22.04,0.064449, , 
22.08,0.064128, , 
22.11,0.063869, , 
22.15,0.063497, , 
22.19,0.063104, , 
22.22,0.062848, , 
22.26,0.062508, , 
22.3,0.062236, , 
22.33,0.061935, , 
22.37,0.061687, , 
22.41,0.061372, , 
22.44,0.061065, , 
22.48,0.06082, , 
22.52,0.06056, , 
22.55,0.060364, , 
22.59,0.060064, , 
22.63,0.05978, , 
22.66,0.059573, , 
22.7,0.059283, , 
22.74,0.059077, , 
22.77,0.05885, , 
22.81,0.058684, , 
22.85,0.058481, , 
22.88,0.058294, , 
22.92,0.058102, , 
22.96,0.057869, , 
22.99,0.057742, , 
23.03,0.057529, , 
23.07,0.057386, , 
23.1,0.057268, , 
23.14,0.057062, , 
23.18,0.056909, , 
23.21,0.056816, , 
23.25,0.056755, , 
23.29,0.056593, , 
23.32,0.056463, , 
23.36,0.056349, , 
23.4,0.056195, , 
23.43,0.056114, , 
23.47,0.055957, , 
23.51,0.055873, , 
23.54,0.055776, , 
23.58,0.055636, , 
23.62,0.055582, , 
23.65,0.055464, , 
23.69,0.055405, , 
23.73,0.05529, , 
23.76,0.055186, , 
23.8,0.055088, , 
23.84,0.055037, , 
23.87,0.054987, , 
23.91,0.054809, , 
23.95,0.054836, , 
23.98,0.054801, , 
24.02,0.054714, , 
24.06,0.054634, , 
24.09,0.054532, , 
24.13,0.054498, , 
24.17,0.054357, , 
24.2,0.054305, , 
24.24,0.054207, , 
24.28,0.054114, , 
24.31,0.054104, , 
24.35,0.053965, , 
24.39,0.053882, , 
24.42,0.053836, , 
24.46,0.053767, , 
24.5,0.053699, , 
24.53,0.053606, , 
24.57,0.053613, , 
24.61,0.053521, , 
24.64,0.053445, , 
24.68,0.053351, , 
24.72,0.0533, , 
24.75,0.053316, , 
24.79,0.053227, , 
24.83,0.053158, , 
24.86,0.053067, , 
24.9,0.053051, , 
24.94,0.053047, , 
24.97,0.052943, , 
25.01,0.05287, , 
25.05,0.052793, , 
25.08,0.052804, , 
25.12,0.052718, , 
25.16,0.052599, , 
25.19,0.052592, , 
25.23,0.052536, , 
25.27,0.052557, , 
25.3,0.05247, , 
25.34,0.052384, , 
25.38,0.052316, , 
25.41,0.052283, , 
25.45,0.052321, , 
25.49,0.052247, , 
25.52,0.052167, , 
25.56,0.052067, , 
25.6,0.052054, , 
25.63,0.052053, , 
25.67,0.051998, , 
25.71,0.051929, , 
25.74,0.051811, , 
25.78,0.051808, , 
25.82,0.051782, , 
25.85,0.051768, , 
25.89,0.051689, , 
25.93,0.05157, , 
25.96,0.051585, , 
26,0.051551, , 
26.04,0.051552, , 
26.07,0.051553, , 
26.11,0.051514, , 
26.15,0.051565, , 
26.18,0.051521, , 
26.22,0.051541, , 
26.26,0.05153, , 
26.29,0.051522, , 
26.33,0.051541, , 
26.37,0.05149, , 
26.4,0.051567, , 
26.44,0.051533, , 
26.48,0.051531, , 
26.51,0.051528, , 
26.55,0.051548, , 
26.59,0.051599, , 
26.62,0.051649, , 
26.66,0.05177, , 
26.7,0.051749, , 
26.73,0.05177, , 
26.77,0.051849, , 
26.81,0.051921, , 
26.84,0.052015, , 
26.88,0.052044, , 
26.92,0.052168, , 
26.95,0.052224, , 
26.99,0.052233, , 
27.03,0.052332, , 
27.06,0.05239, , 
27.1,0.052515, , 
27.14,0.052588, , 
27.17,0.052688, , 
27.21,0.052834, , 
27.25,0.05295, , 
27.28,0.053112, , 
27.32,0.053232, , 
27.36,0.053447, , 
27.39,0.053624, , 
27.43,0.053784, , 
27.47,0.054023, , 
27.5,0.054245, , 
27.54,0.05451, , 
27.58,0.054752, , 
27.61,0.054994, , 
27.65,0.05533, , 
27.69,0.055638, , 
27.72,0.055937, , 
27.76,0.05619, , 
27.8,0.056582, , 
27.83,0.056906, , 
27.87,0.057278, , 
27.91,0.057703, , 
27.94,0.058049, , 
27.98,0.058441, , 
28.02,0.05881, , 
28.05,0.059183, , 
28.09,0.059587, , 
28.13,0.059975, , 
28.16,0.060344, , 
28.2,0.060708, , 
28.24,0.061159, , 
28.27,0.061503, , 
28.31,0.061881, , 
28.35,0.062243, , 
28.38,0.062452, , 
28.42,0.06281, , 
28.46,0.063049, , 
28.49,0.063339, , 
28.53,0.063652, , 
28.57,0.063921, , 
28.6,0.064164, , 
28.64,0.064317, , 
28.68,0.064568, , 
28.71,0.064721, , 
28.75,0.064891, , 
28.79,0.065087, , 
28.82,0.0652, , 
28.86,0.065401, , 
28.9,0.065482, , 
28.93,0.065649, , 
28.97,0.06575, , 
29.01,0.065756, , 
29.04,0.065807, , 
29.08,0.06588, , 
29.12,0.066017, , 
29.15,0.066003, , 
29.19,0.066006, , 
29.23,0.066037, , 
29.26,0.065964, , 
29.3,0.0659, , 
29.34,0.065787, , 
29.37,0.065804, , 
29.41,0.065731, , 
29.45,0.06563, , 
29.48,0.065589, , 
29.52,0.065488, , 
29.56,0.065434, , 
29.59,0.065324, , 
29.63,0.065252, , 
29.67,0.065142, , 
29.7,0.064989, , 
29.74,0.064899, , 
29.78,0.064745, , 
29.81,0.064654, , 
29.85,0.064472, , 
29.89,0.064336, , 
29.92,0.064263, , 
29.96,0.064092, , 
30,0.063996, , 
30.03,0.063842, , 
30.07,0.063728, , 
30.11,0.063601, , 
30.14,0.063451, , 
30.18,0.063347, , 
30.22,0.063204, , 
30.25,0.063135, , 
30.29,0.063015, , 
30.33,0.062903, , 
30.36,0.062818, , 
30.4,0.062636, , 
30.44,0.062563, , 
30.47,0.062397, , 
30.51,0.062313, , 
30.55,0.062228, , 
30.58,0.062099, , 
30.62,0.062076, , 
30.66,0.061981, , 
30.69,0.061912, , 
30.73,0.061813, , 
30.77,0.061778, , 
30.8,0.061678, , 
30.84,0.061571, , 
30.88,0.061555, , 
30.91,0.06151, , 
30.95,0.06148, , 
30.99,0.061364, , 
31.02,0.061315, , 
31.06,0.06132, , 
31.1,0.061242, , 
31.13,0.061264, , 
31.17,0.061274, , 
31.21,0.061282, , 
31.24,0.061295, , 
31.28,0.061261, , 
31.32,0.061306, , 
31.35,0.061255, , 
31.39,0.061293, , 
31.43,0.061269, , 
31.46,0.061257, , 
31.5,0.061286, , 
31.54,0.06123, , 
31.57,0.061273, , 
31.61,0.061231, , 
31.65,0.061272, , 
31.68,0.061288, , 
31.72,0.061329, , 
31.76,0.061479, , 
31.79,0.06147, , 
31.83,0.061521, , 
31.87,0.061507, , 
31.9,0.061567, , 
31.94,0.06166, , 
31.98,0.061706, , 
32.01,0.061833, , 
32.05,0.061924, , 
32.09,0.06204, , 
32.12,0.062142, , 
32.16,0.062211, , 
32.2,0.062393, , 
32.23,0.062474, , 
32.27,0.062673, , 
32.31,0.062775, , 
32.34,0.062987, , 
32.38,0.063186, , 
32.42,0.06338, , 
32.45,0.063575, , 
32.49,0.063744, , 
32.53,0.063972, , 
32.56,0.064207, , 
32.6,0.064425, , 
32.64,0.064733, , 
32.67,0.065003, , 
32.71,0.065363, , 
32.75,0.065605, , 
32.78,0.06593, , 
32.82,0.066312, , 
32.86,0.066767, , 
32.89,0.067248, , 
32.93,0.067739, , 
32.97,0.06836, , 
33,0.068941, , 
33.04,0.069551, , 
33.08,0.070355, , 
33.11,0.071132, , 
33.15,0.072138, , 
33.19,0.073085, , 
33.22,0.074171, , 
33.26,0.075449, , 
33.3,0.076881, , 
33.33,0.078192, , 
33.37,0.079857, , 
33.41,0.081833, , 
33.44,0.083699, , 
33.48,0.085744, , 
33.52,0.088213, , 
33.55,0.090579, , 
33.59,0.093423, , 
33.63,0.096116, , 
33.66,0.09907, , 
33.7,0.102568, , 
33.74,0.106248, , 
33.77,0.10946, , 
33.81,0.113619, , 
33.85,0.118244, , 
33.88,0.122635, , 
33.92,0.127243, , 
33.96,0.132543, , 
33.99,0.137463, , 
34.03,0.143076, , 
34.07,0.148155, , 
34.1,0.153284, , 
34.14,0.158854, , 
34.18,0.164237, , 
34.21,0.16844, , 
34.25,0.173221, , 
34.29,0.177751, , 
34.32,0.181567, , 
34.36,0.185278, , 
34.4,0.18933, , 
34.43,0.192928, , 
34.47,0.196932, , 
34.51,0.20058, , 
34.54,0.204369, , 
34.58,0.20851, , 
34.62,0.212701, , 
34.65,0.21616, , 
34.69,0.220259, , 
34.73,0.22443, , 
34.76,0.228002, , 
34.8,0.23143, , 
34.84,0.234909, , 
34.87,0.237682, , 
34.91,0.240503, , 
34.95,0.242771, , 
34.98,0.244865, , 
35.02,0.246909, , 
35.06,0.24877, , 
35.09,0.250319, , 
35.13,0.251654, , 
35.17,0.252819, , 
35.2,0.253708, , 
35.24,0.254518, , 
35.28,0.254993, , 
35.31,0.255284, , 
35.35,0.255454, , 
35.39,0.255344, , 
35.42,0.255125, , 
35.46,0.254616, , 
35.5,0.253951, , 
35.53,0.253147, , 
35.57,0.252127, , 
35.61,0.251009, , 
35.64,0.249874, , 
35.68,0.24873, , 
35.72,0.247322, , 
35.75,0.245896, , 
35.79,0.244287, , 
35.83,0.242546, , 
35.86,0.2411, , 
35.9,0.239229, , 
35.94,0.237293, , 
35.97,0.235493, , 
36.01,0.233646, , 
36.05,0.231656, , 
36.08,0.229707, , 
36.12,0.227638, , 
36.16,0.225656, , 
36.19,0.223661, , 
36.23,0.221494, , 
36.27,0.219166, , 
36.3,0.217352, , 
36.34,0.215101, , 
36.38,0.21289, , 
36.41,0.210931, , 
36.45,0.208936, , 
36.49,0.206795, , 
36.52,0.204781, , 
36.56,0.202749, , 
36.6,0.200886, , 
36.63,0.199011, , 
36.67,0.197026, , 
36.71,0.194988, , 
36.74,0.193374, , 
36.78,0.191332, , 
36.82,0.189422, , 
36.85,0.187672, , 
36.89,0.185955, , 
36.93,0.184149, , 
36.96,0.182439, , 
37,0.180712, , 
37.04,0.179093, , 
37.07,0.177489, , 
37.11,0.175825, , 
37.15,0.174176, , 
37.18,0.172889, , 
37.22,0.171224, , 
37.26,0.169641, , 
37.29,0.168233, , 
37.33,0.16684, , 
37.37,0.165409, , 
37.4,0.163998, , 
37.44,0.162546, , 
37.48,0.161205, , 
37.51,0.15987, , 
37.55,0.15853, , 
37.59,0.157219, , 
37.62,0.156186, , 
37.66,0.154831, , 
37.7,0.153604, , 
37.73,0.152426, , 
37.77,0.151206, , 
37.81,0.149978, , 
37.84,0.148931, , 
37.88,0.147777, , 
37.92,0.146708, , 
37.95,0.145651, , 
37.99,0.144519, , 
38.03,0.143404, , 
38.06,0.142548, , 
38.1,0.141419, , 
38.14,0.140361, , 
38.17,0.139383, , 
38.21,0.138393, , 
38.25,0.13738, , 
38.28,0.136393, , 
38.32,0.13543, , 
38.36,0.134485, , 
38.39,0.133578, , 
38.43,0.13265, , 
38.47,0.131669, , 
38.5,0.130945, , 
38.54,0.129965, , 
38.58,0.12906, , 
38.61,0.128239, , 
38.65,0.127313, , 
38.69,0.126527, , 
38.72,0.125691, , 
38.76,0.124859, , 
38.8,0.124014, , 
38.83,0.123263, , 
38.87,0.122472, , 
38.91,0.121492, , 
38.94,0.120719, , 
38.98,0.119905, , 
39.02,0.119124, , 
39.05,0.118382, , 
39.09,0.117625, , 
39.13,0.116841, , 
39.16,0.116073, , 
39.2,0.11535, , 
39.24,0.114653, , 
39.27,0.114007, , 
39.31,0.11327, , 
39.35,0.11252, , 
39.38,0.11193, , 
39.42,0.111224, , 
39.46,0.110489, , 
39.49,0.109853, , 
39.53,0.109171, , 
39.57,0.108573, , 
39.6,0.107907, , 
39.64,0.10728, , 
39.68,0.106613, , 
39.71,0.106085, , 
39.75,0.10542, , 
39.79,0.104752, , 
39.82,0.104221, , 
39.86,0.103641, , 
39.9,0.103065, , 
39.93,0.10251, , 
39.97,0.101921, , 
40.01,0.101339, , 
40.04,0.100783, , 
40.08,0.100293, , 
40.12,0.099668, , 
40.15,0.099232, , 
40.19,0.098708, , 
40.23,0.098115, , 
40.26,0.097656, , 
40.3,0.097127, , 
40.34,0.096617, , 
40.37,0.096092, , 
40.41,0.095601, , 
40.45,0.0952, , 
40.48,0.09477, , 
40.52,0.094306, , 
40.56,0.093799, , 
40.59,0.093463, , 
40.63,0.093015, , 
40.67,0.092485, , 
40.7,0.092068, , 
40.74,0.09165, , 
40.78,0.091283, , 
40.81,0.090838, , 
40.85,0.090351, , 
40.89,0.08993, , 
40.92,0.089501, , 
40.96,0.089123, , 
41,0.088691, , 
41.03,0.08836, , 
41.07,0.087952, , 
41.11,0.087541, , 
41.14,0.087217, , 
41.18,0.086807, , 
41.22,0.086432, , 
41.25,0.086047, , 
41.29,0.085757, , 
41.33,0.085485, , 
41.36,0.085111, , 
41.4,0.084799, , 
41.44,0.084335, , 
41.47,0.084076, , 
41.51,0.083765, , 
41.55,0.083441, , 
41.58,0.083132, , 
41.62,0.082781, , 
41.66,0.082512, , 
41.69,0.082175, , 
41.73,0.081836, , 
41.77,0.0815, , 
41.8,0.081209, , 
41.84,0.080932, , 
41.88,0.080553, , 
41.91,0.080363, , 
41.95,0.080026, , 
41.99,0.079689, , 
42.02,0.079463, , 
42.06,0.079135, , 
42.1,0.078871, , 
42.13,0.0786, , 
42.17,0.078368, , 
42.21,0.078079, , 
42.24,0.077768, , 
42.28,0.07752, , 
42.32,0.077205, , 
42.35,0.077031, , 
42.39,0.076793, , 
42.43,0.076547, , 
42.46,0.07635, , 
42.5,0.076058, , 
42.54,0.07585, , 
42.57,0.075606, , 
42.61,0.075428, , 
42.65,0.07522, , 
42.68,0.074954, , 
42.72,0.074777, , 
42.76,0.074526, , 
42.79,0.074377, , 
42.83,0.074175, , 
42.87,0.073943, , 
42.9,0.073793, , 
42.94,0.073559, , 
42.98,0.073407, , 
43.01,0.073194, , 
43.05,0.073023, , 
43.09,0.072812, , 
43.12,0.072622, , 
43.16,0.07244, , 
43.2,0.072213, , 
43.23,0.072087, , 
43.27,0.071884, , 
43.31,0.071662, , 
43.34,0.071514, , 
43.38,0.071303, , 
43.42,0.071199, , 
43.45,0.07102, , 
43.49,0.07083, , 
43.53,0.070645, , 
43.56,0.070528, , 
43.6,0.070374, , 
43.64,0.070182, , 
43.67,0.070093, , 
43.71,0.069959, , 
43.75,0.069802, , 
43.78,0.069691, , 
43.82,0.06953, , 
43.86,0.069449, , 
43.89,0.069291, , 
43.93,0.06918, , 
43.97,0.069004, , 
44,0.068874, , 
44.04,0.068805, , 
44.08,0.068621, , 
44.11,0.068539, , 
44.15,0.068394, , 
44.19,0.068318, , 
44.22,0.068261, , 
44.26,0.068094, , 
44.3,0.068105, , 
44.33,0.067998, , 
44.37,0.067893, , 
44.41,0.067831, , 
44.44,0.067748, , 
44.48,0.067676, , 
44.52,0.067553, , 
44.55,0.067489, , 
44.59,0.06737, , 
44.63,0.067316, , 
44.66,0.067289, , 
44.7,0.067146, , 
44.74,0.067086, , 
44.77,0.067028, , 
44.81,0.066962, , 
44.85,0.066848, , 
44.88,0.066796, , 
44.92,0.066768, , 
44.96,0.066637, , 
44.99,0.066624, , 
45.03,0.066555, , 
45.07,0.066507, , 
45.1,0.066445, , 
45.14,0.06633, , 
45.18,0.066328, , 
45.21,0.066245, , 
45.25,0.06616, , 
45.29,0.066101, , 
45.32,0.066054, , 
45.36,0.066039, , 
45.4,0.065865, , 
45.43,0.065821, , 
45.47,0.065767, , 
45.51,0.065685, , 
45.54,0.065614, , 
45.58,0.065524, , 
45.62,0.06547, , 
45.65,0.065328, , 
45.69,0.065294, , 
45.73,0.065156, , 
45.76,0.065075, , 
45.8,0.065012, , 
45.84,0.064845, , 
45.87,0.064797, , 
45.91,0.064694, , 
45.95,0.064581, , 
45.98,0.064515, , 
46.02,0.064376, , 
46.06,0.064284, , 
46.09,0.064129, , 
46.13,0.064085, , 
46.17,0.063944, , 
46.2,0.063829, , 
46.24,0.063773, , 
46.28,0.063631, , 
46.31,0.063581, , 
46.35,0.063426, , 
46.39,0.063328, , 
46.42,0.063246, , 
46.46,0.063108, , 
46.5,0.062991, , 
46.53,0.06284, , 
46.57,0.062814, , 
46.61,0.062674, , 
46.64,0.062564, , 
46.68,0.062468, , 
46.72,0.062301, , 
46.75,0.062216, , 
46.79,0.062036, , 
46.83,0.061948, , 
46.86,0.061833, , 
46.9,0.061674, , 
46.94,0.061559, , 
46.97,0.061405, , 
47.01,0.061319, , 
47.05,0.061182, , 
47.08,0.061041, , 
47.12,0.060914, , 
47.16,0.060715, , 
47.19,0.060617, , 
47.23,0.060423, , 
47.27,0.060297, , 
47.3,0.06016, , 
47.34,0.059984, , 
47.38,0.059876, , 
47.41,0.059736, , 
47.45,0.059597, , 
47.49,0.05938, , 
47.52,0.059263, , 
47.56,0.059156, , 
47.6,0.059011, , 
47.63,0.058898, , 
47.67,0.058674, , 
47.71,0.058568, , 
47.74,0.058448, , 
47.78,0.058291, , 
47.82,0.058154, , 
47.85,0.057987, , 
47.89,0.057893, , 
47.93,0.057693, , 
47.96,0.057589, , 
48,0.057483, , 
48.04,0.057331, , 
48.07,0.057284, , 
48.11,0.057135, , 
48.15,0.057057, , 
48.18,0.056923, , 
48.22,0.05676, , 
48.26,0.056662, , 
48.29,0.056542, , 
48.33,0.056404, , 
48.37,0.056254, , 
48.4,0.056147, , 
48.44,0.056066, , 
48.48,0.055951, , 
48.51,0.055883, , 
48.55,0.055705, , 
48.59,0.055618, , 
48.62,0.055464, , 
48.66,0.05535, , 
48.7,0.055278, , 
48.73,0.055138, , 
48.77,0.055091, , 
48.81,0.054954, , 
48.84,0.054849, , 
48.88,0.054758, , 
48.92,0.054609, , 
48.95,0.054563, , 
48.99,0.054413, , 
49.03,0.054353, , 
49.06,0.054267, , 
49.1,0.054144, , 
49.14,0.054014, , 
49.17,0.053895, , 
49.21,0.053859, , 
49.25,0.053706, , 
49.28,0.053627, , 
49.32,0.053536, , 
49.36,0.053411, , 
49.39,0.053337, , 
49.43,0.053209, , 
49.47,0.053131, , 
49.5,0.052985, , 
49.54,0.05288, , 
49.58,0.052774, , 
49.61,0.052646, , 
49.65,0.052608, , 
49.69,0.052503, , 
49.72,0.052455, , 
49.76,0.052354, , 
49.8,0.052209, , 
49.83,0.052148, , 
49.87,0.052024, , 
49.91,0.051935, , 
49.94,0.051805, , 
49.98,0.051744, , 
50.02,0.05162, , 
50.05,0.051528, , 
50.09,0.051479, , 
50.13,0.051333, , 
50.16,0.051322, , 
50.2,0.051261, , 
50.24,0.051218, , 
50.27,0.051144, , 
50.31,0.051028, , 
50.35,0.051018, , 
50.38,0.050921, , 
50.42,0.050839, , 
50.46,0.050745, , 
50.49,0.050599, , 
50.53,0.050575, , 
50.57,0.050404, , 
50.6,0.050343, , 
50.64,0.050288, , 
50.68,0.050223, , 
50.71,0.050141, , 
50.75,0.050059, , 
50.79,0.050092, , 
50.82,0.050026, , 
50.86,0.049983, , 
50.9,0.049883, , 
50.93,0.04982, , 
50.97,0.04981, , 
51.01,0.049755, , 
51.04,0.049729, , 
51.08,0.049579, , 
51.12,0.04956, , 
51.15,0.049551, , 
51.19,0.049481, , 
51.23,0.049429, , 
51.26,0.049317, , 
51.3,0.049294, , 
51.34,0.049248, , 
51.37,0.049147, , 
51.41,0.0491, , 
51.45,0.04902, , 
51.48,0.049036, , 
51.52,0.04898, , 
51.56,0.048917, , 
51.59,0.048836, , 
51.63,0.048789, , 
51.67,0.04878, , 
51.7,0.048737, , 
51.74,0.048765, , 
51.78,0.048729, , 
51.81,0.048632, , 
51.85,0.048613, , 
51.89,0.048536, , 
51.92,0.048554, , 
51.96,0.048483, , 
52,0.048429, , 
52.03,0.048355, , 
52.07,0.048288, , 
52.11,0.048291, , 
52.14,0.048266, , 
52.18,0.048301, , 
52.22,0.048234, , 
52.25,0.048137, , 
52.29,0.048065, , 
52.33,0.047989, , 
52.36,0.048059, , 
52.4,0.047977, , 
52.44,0.047895, , 
52.47,0.047827, , 
52.51,0.047761, , 
52.55,0.047777, , 
52.58,0.04775, , 
52.62,0.047757, , 
52.66,0.04763, , 
52.69,0.047579, , 
52.73,0.047556, , 
52.77,0.047526, , 
52.8,0.047516, , 
52.84,0.047378, , 
52.88,0.047338, , 
52.91,0.047313, , 
52.95,0.047274, , 
52.99,0.047204, , 
53.02,0.047095, , 
53.06,0.047071, , 
53.1,0.047031, , 
53.13,0.047026, , 
53.17,0.047054, , 
53.21,0.047011, , 
53.24,0.046948, , 
53.28,0.046802, , 
53.32,0.0468, , 
53.35,0.046789, , 
53.39,0.046754, , 
53.43,0.046673, , 
53.46,0.046584, , 
53.5,0.046572, , 
53.54,0.04652, , 
53.57,0.046503, , 
53.61,0.046532, , 
53.65,0.046503, , 
53.68,0.046522, , 
53.72,0.046416, , 
53.76,0.046354, , 
53.79,0.046297, , 
53.83,0.046293, , 
53.87,0.046301, , 
53.9,0.046206, , 
53.94,0.046162, , 
53.98,0.046065, , 
54.01,0.046033, , 
54.05,0.046012, , 
54.09,0.046013, , 
54.12,0.04604, , 
54.16,0.046005, , 
54.2,0.046041, , 
54.23,0.045972, , 
54.27,0.045847, , 
54.31,0.045825, , 
54.34,0.045774, , 
54.38,0.045796, , 
54.42,0.045761, , 
54.45,0.045723, , 
54.49,0.045618, , 
54.53,0.045537, , 
54.56,0.045544, , 
54.6,0.045493, , 
54.64,0.045535, , 
54.67,0.045488, , 
54.71,0.045398, , 
54.75,0.045344, , 
54.78,0.04525, , 
54.82,0.045274, , 
54.86,0.045224, , 
54.89,0.045171, , 
54.93,0.045093, , 
54.97,0.045034, , 
55,0.045057, , 
55.04,0.044993, , 
55.08,0.044989, , 
55.11,0.044877, , 
55.15,0.044783, , 
55.19,0.044794, , 
55.22,0.044745, , 
55.26,0.044784, , 
55.3,0.044748, , 
55.33,0.044776, , 
55.37,0.044748, , 
55.41,0.044649, , 
55.44,0.044615, , 
55.48,0.044531, , 
55.52,0.044548, , 
55.55,0.044538, , 
55.59,0.044523, , 
55.63,0.044469, , 
55.66,0.044352, , 
55.7,0.044337, , 
55.74,0.044274, , 
55.77,0.044283, , 
55.81,0.044252, , 
55.85,0.04424, , 
55.88,0.044271, , 
55.92,0.044167, , 
55.96,0.044096, , 
55.99,0.044047, , 
56.03,0.044013, , 
56.07,0.044018, , 
56.1,0.043946, , 
56.14,0.043926, , 
56.18,0.043793, , 
56.21,0.043778, , 
56.25,0.043749, , 
56.29,0.043729, , 
56.32,0.043773, , 
56.36,0.043745, , 
56.4,0.043788, , 
56.43,0.043761, , 
56.47,0.043622, , 
56.51,0.043551, , 
56.54,0.043498, , 
56.58,0.043541, , 
56.62,0.043526, , 
56.65,0.043522, , 
56.69,0.043456, , 
56.73,0.043313, , 
56.76,0.043294, , 
56.8,0.043242, , 
56.84,0.043269, , 
56.87,0.043289, , 
56.91,0.04325, , 
56.95,0.043159, , 
56.98,0.043051, , 
57.02,0.043049, , 
57.06,0.043015, , 
57.09,0.043021, , 
57.13,0.043035, , 
57.17,0.042988, , 
57.2,0.043025, , 
57.24,0.042994, , 
57.28,0.043024, , 
57.31,0.042976, , 
57.35,0.042871, , 
57.39,0.042824, , 
57.42,0.042755, , 
57.46,0.042796, , 
57.5,0.042773, , 
57.53,0.042692, , 
57.57,0.04262, , 
57.57,0.04262, , 