Gradient Profiler Text Data File: 1_hrGFP_rich_potentiallyundigested.csv,,,
Version: 1.88,,,
Date: 2015-12-19,,,
Time: 18:41:55,,,
,,,
User: Alicia,,,
Experiment name: 20151219_rp_A_prep3,,,
UV Unit: EM-1,,,
Rotor Manufacturer: Beckman,,,
Rotor Model: SW41Ti,,,
Speed: 35000 rpm,,,
Gradient: sucrose 10.0% to 50.0% w/v,,,
Time: 150,,,
w2t:  x 10^0,,,
Sample Volume: 0.3 ml,,,
Number of Tubes: 0,,,
Volume per mm: 0.143 ml/mm,,,
Temperature: 4.0 deg C,,,
,,,
Absorbance Units Full Scale (AUFS): 1.00,,,
Manual-triggered gradient; (with distance; but no event marks),,,
Delay: No Delay,,,
UV Wavelength: 254 nm,,,
Samples / sec: 4 Hz,,,
EM1 Speed: 0.22 mm/sec,,,
Distance: 4.33 mm,,,
Number: 24,,,
Dead Volume: 0.000000 ml; Distance due to Dead Volume: 0.00 mm,,,
Length of Tubing: 0 mm,,,
Total Distance: 103.92 mm,,,
,,,
Data Columns:,,,
Distance, Absorbance,,
0.06,0.132301, , 
0.11,0.132285, , 
0.17,0.132289, , 
0.22,0.132252, , 
0.28,0.132161, , 
0.33,0.132093, , 
0.39,0.132065, , 
0.44,0.132061, , 
0.5,0.132083, , 
0.55,0.132058, , 
0.6,0.13206, , 
0.66,0.132057, , 
0.71,0.132056, , 
0.77,0.132057, , 
0.83,0.132052, , 
0.88,0.132046, , 
0.94,0.132063, , 
0.99,0.132064, , 
1.04,0.132076, , 
1.1,0.132981, , 
1.16,0.132249, , 
1.21,0.126421, , 
1.26,0.116915, , 
1.32,0.113208, , 
1.38,0.116075, , 
1.43,0.111506, , 
1.49,0.101076, , 
1.54,0.091709, , 
1.6,0.087071, , 
1.65,0.084065, , 
1.71,0.080641, , 
1.76,0.098693, , 
1.81,0.145816, , 
1.87,0.170148, , 
1.93,0.175651, , 
1.98,0.180295, , 
2.04,0.197129, , 
2.09,0.209675, , 
2.15,0.182708, , 
2.2,0.134224, , 
2.25,0.107584, , 
2.31,0.102358, , 
2.37,0.0984, , 
2.42,0.082004, , 
2.48,0.067704, , 
2.53,0.072011, , 
2.59,0.088542, , 
2.64,0.094998, , 
2.69,0.096957, , 
2.75,0.096582, , 
2.81,0.09602, , 
2.86,0.094736, , 
2.92,0.085997, , 
2.97,0.071304, , 
3.02,0.066293, , 
3.08,0.069809, , 
3.13,0.075845, , 
3.19,0.083046, , 
3.25,0.089207, , 
3.3,0.095749, , 
3.36,0.100241, , 
3.41,0.103812, , 
3.46,0.106472, , 
3.52,0.108248, , 
3.58,0.109625, , 
3.63,0.111149, , 
3.69,0.115788, , 
3.74,0.119715, , 
3.79,0.116895, , 
3.85,0.11006, , 
3.9,0.10338, , 
3.96,0.098124, , 
4.01,0.093882, , 
4.07,0.088376, , 
4.13,0.085602, , 
4.18,0.090224, , 
4.24,0.098687, , 
4.29,0.108452, , 
4.34,0.120006, , 
4.4,0.124794, , 
4.46,0.120377, , 
4.51,0.112469, , 
4.57,0.105725, , 
4.62,0.100068, , 
4.67,0.093589, , 
4.73,0.083898, , 
4.79,0.080485, , 
4.84,0.084244, , 
4.89,0.090224, , 
4.95,0.09541, , 
5,0.099178, , 
5.06,0.102584, , 
5.12,0.105484, , 
5.17,0.107661, , 
5.23,0.109296, , 
5.28,0.11018, , 
5.34,0.110711, , 
5.39,0.110964, , 
5.45,0.111143, , 
5.5,0.111348, , 
5.55,0.115766, , 
5.61,0.14888, , 
5.67,0.222347, , 
5.72,0.313327, , 
5.78,0.412528, , 
5.83,0.515054, , 
5.88,0.603305, , 
5.94,0.707052, , 
6,0.766934, , 
6.05,0.788013, , 
6.11,0.793687, , 
6.16,0.792009, , 
6.21,0.783928, , 
6.27,0.780567, , 
6.33,0.782806, , 
6.38,0.787027, , 
6.43,0.791518, , 
6.49,0.796081, , 
6.54,0.800958, , 
6.6,0.806235, , 
6.66,0.811364, , 
6.71,0.816839, , 
6.77,0.822731, , 
6.82,0.829033, , 
6.88,0.836043, , 
6.93,0.842874, , 
6.99,0.849432, , 
7.04,0.857928, , 
7.09,0.866305, , 
7.15,0.875382, , 
7.21,0.883712, , 
7.26,0.89363, , 
7.32,0.903668, , 
7.37,0.913393, , 
7.42,0.923462, , 
7.48,0.934071, , 
7.54,0.943758, , 
7.59,0.954461, , 
7.64,0.964187, , 
7.7,0.974284, , 
7.75,0.984473, , 
7.81,0.993334, , 
7.87,1.002283, , 
7.92,1.009438, , 
7.97,1.014621, , 
8.03,1.018962, , 
8.09,1.021152, , 
8.14,1.022669, , 
8.2,1.023212, , 
8.25,1.023362, , 
8.3,1.023446, , 
8.36,1.023476, , 
8.41,1.023499, , 
8.47,1.023529, , 
8.53,1.023533, , 
8.58,1.023533, , 
8.63,1.023528, , 
8.69,1.023549, , 
8.74,1.023583, , 
8.8,1.023623, , 
8.86,1.02362, , 
8.91,1.023578, , 
8.96,1.023595, , 
9.02,1.023593, , 
9.07,1.023578, , 
9.13,1.023623, , 
9.19,1.023638, , 
9.24,1.02365, , 
9.29,1.023614, , 
9.35,1.02367, , 
9.4,1.023695, , 
9.46,1.02365, , 
9.52,1.023637, , 
9.57,1.023671, , 
9.63,1.023699, , 
9.68,1.023673, , 
9.73,1.02365, , 
9.79,1.023645, , 
9.85,1.023688, , 
9.9,1.023675, , 
9.96,1.023673, , 
10.01,1.023725, , 
10.07,1.023727, , 
10.12,1.023377, , 
10.18,1.022242, , 
10.23,1.019552, , 
10.29,1.014806, , 
10.34,1.00816, , 
10.4,0.99879, , 
10.45,0.987312, , 
10.51,0.973714, , 
10.56,0.957664, , 
10.62,0.941534, , 
10.67,0.923452, , 
10.73,0.904723, , 
10.78,0.888519, , 
10.84,0.867099, , 
10.89,0.846552, , 
10.95,0.827439, , 
11,0.80678, , 
11.06,0.787825, , 
11.11,0.767139, , 
11.16,0.745318, , 
11.22,0.729353, , 
11.28,0.704133, , 
11.33,0.68324, , 
11.39,0.663834, , 
11.44,0.643427, , 
11.49,0.62752, , 
11.55,0.606169, , 
11.61,0.586366, , 
11.66,0.568807, , 
11.72,0.550586, , 
11.77,0.533898, , 
11.82,0.517419, , 
11.88,0.500505, , 
11.94,0.484847, , 
11.99,0.469128, , 
12.05,0.453912, , 
12.1,0.440263, , 
12.15,0.426317, , 
12.21,0.412888, , 
12.27,0.400833, , 
12.32,0.388579, , 
12.38,0.376803, , 
12.43,0.36624, , 
12.48,0.355415, , 
12.54,0.345635, , 
12.6,0.335639, , 
12.65,0.326077, , 
12.71,0.31771, , 
12.76,0.308854, , 
12.82,0.30022, , 
12.87,0.292835, , 
12.93,0.284672, , 
12.98,0.278059, , 
13.04,0.270383, , 
13.09,0.263672, , 
13.15,0.257239, , 
13.2,0.251094, , 
13.26,0.244933, , 
13.31,0.239571, , 
13.37,0.235351, , 
13.42,0.229378, , 
13.48,0.223871, , 
13.53,0.21911, , 
13.59,0.214413, , 
13.64,0.210023, , 
13.7,0.205405, , 
13.75,0.201548, , 
13.81,0.197377, , 
13.86,0.193385, , 
13.91,0.189515, , 
13.98,0.185979, , 
14.03,0.182247, , 
14.08,0.178651, , 
14.14,0.175525, , 
14.19,0.172292, , 
14.24,0.169312, , 
14.3,0.16603, , 
14.36,0.163408, , 
14.41,0.160775, , 
14.47,0.158337, , 
14.52,0.155819, , 
14.57,0.153133, , 
14.63,0.151048, , 
14.69,0.148476, , 
14.74,0.146172, , 
14.8,0.144052, , 
14.85,0.14191, , 
14.9,0.13999, , 
14.96,0.138008, , 
15.02,0.136114, , 
15.07,0.134429, , 
15.13,0.13269, , 
15.18,0.131059, , 
15.23,0.129601, , 
15.29,0.128147, , 
15.35,0.126839, , 
15.4,0.125366, , 
15.46,0.124089, , 
15.51,0.122895, , 
15.57,0.121665, , 
15.62,0.120478, , 
15.68,0.119421, , 
15.73,0.118186, , 
15.79,0.117087, , 
15.84,0.115913, , 
15.9,0.11474, , 
15.95,0.113712, , 
16,0.112454, , 
16.06,0.111355, , 
16.11,0.110398, , 
16.17,0.109383, , 
16.23,0.108343, , 
16.28,0.107401, , 
16.34,0.106444, , 
16.39,0.10554, , 
16.45,0.104484, , 
16.5,0.103526, , 
16.56,0.10253, , 
16.61,0.101543, , 
16.66,0.100453, , 
16.72,0.099566, , 
16.77,0.09861, , 
16.83,0.097689, , 
16.89,0.096816, , 
16.94,0.095921, , 
17,0.0951, , 
17.05,0.094229, , 
17.11,0.093375, , 
17.16,0.092638, , 
17.22,0.091921, , 
17.27,0.09116, , 
17.32,0.090424, , 
17.38,0.089767, , 
17.43,0.089181, , 
17.49,0.088661, , 
17.55,0.088171, , 
17.6,0.087707, , 
17.66,0.087325, , 
17.71,0.086862, , 
17.77,0.086499, , 
17.82,0.086115, , 
17.88,0.085774, , 
17.93,0.085355, , 
17.98,0.084967, , 
18.04,0.084601, , 
18.09,0.084244, , 
18.15,0.083988, , 
18.2,0.083654, , 
18.26,0.08337, , 
18.32,0.083166, , 
18.37,0.082961, , 
18.43,0.082749, , 
18.48,0.082608, , 
18.54,0.082444, , 
18.59,0.082319, , 
18.65,0.082185, , 
18.7,0.082015, , 
18.75,0.081844, , 
18.81,0.081663, , 
18.86,0.081514, , 
18.92,0.081356, , 
18.98,0.081209, , 
19.03,0.081106, , 
19.09,0.080997, , 
19.14,0.080898, , 
19.2,0.080844, , 
19.25,0.080787, , 
19.31,0.080666, , 
19.36,0.080617, , 
19.41,0.080619, , 
19.47,0.080743, , 
19.52,0.080805, , 
19.58,0.080881, , 
19.64,0.081025, , 
19.69,0.081123, , 
19.75,0.081417, , 
19.8,0.0817, , 
19.86,0.082028, , 
19.91,0.082436, , 
19.97,0.082886, , 
20.02,0.083533, , 
20.08,0.084297, , 
20.13,0.085053, , 
20.18,0.085966, , 
20.24,0.086907, , 
20.3,0.088103, , 
20.35,0.0894, , 
20.41,0.09073, , 
20.46,0.092356, , 
20.52,0.09409, , 
20.57,0.095886, , 
20.63,0.097962, , 
20.68,0.10006, , 
20.73,0.102486, , 
20.79,0.105144, , 
20.84,0.107548, , 
20.9,0.110519, , 
20.95,0.1135, , 
21.01,0.116564, , 
21.07,0.119565, , 
21.12,0.123019, , 
21.18,0.126395, , 
21.23,0.129483, , 
21.29,0.133027, , 
21.34,0.136476, , 
21.4,0.139827, , 
21.45,0.142854, , 
21.5,0.145954, , 
21.56,0.148882, , 
21.61,0.151451, , 
21.67,0.153845, , 
21.73,0.15613, , 
21.78,0.158168, , 
21.84,0.160048, , 
21.89,0.1615, , 
21.95,0.162763, , 
22,0.163702, , 
22.06,0.164315, , 
22.11,0.164759, , 
22.16,0.164861, , 
22.22,0.164698, , 
22.27,0.164348, , 
22.33,0.163727, , 
22.39,0.162853, , 
22.44,0.161806, , 
22.5,0.160626, , 
22.55,0.159175, , 
22.61,0.157698, , 
22.66,0.156029, , 
22.72,0.154193, , 
22.77,0.152379, , 
22.82,0.15035, , 
22.88,0.148316, , 
22.93,0.146455, , 
22.99,0.144492, , 
23.05,0.142259, , 
23.1,0.140168, , 
23.16,0.137869, , 
23.21,0.135796, , 
23.27,0.133608, , 
23.32,0.131368, , 
23.38,0.129292, , 
23.43,0.12722, , 
23.49,0.125123, , 
23.54,0.12318, , 
23.59,0.121296, , 
23.65,0.119198, , 
23.7,0.117264, , 
23.76,0.115625, , 
23.82,0.113576, , 
23.87,0.111748, , 
23.93,0.110027, , 
23.98,0.108343, , 
24.04,0.106646, , 
24.09,0.105165, , 
24.15,0.103646, , 
24.2,0.102117, , 
24.25,0.100949, , 
24.31,0.099482, , 
24.36,0.098286, , 
24.42,0.097053, , 
24.48,0.095854, , 
24.53,0.094713, , 
24.59,0.093583, , 
24.64,0.092487, , 
24.7,0.091488, , 
24.75,0.090423, , 
24.81,0.089421, , 
24.86,0.088445, , 
24.91,0.087517, , 
24.97,0.086639, , 
25.02,0.085756, , 
25.08,0.084865, , 
25.14,0.083971, , 
25.19,0.08317, , 
25.25,0.082399, , 
25.3,0.081797, , 
25.36,0.081033, , 
25.41,0.08031, , 
25.47,0.079619, , 
25.52,0.078951, , 
25.57,0.078408, , 
25.63,0.077914, , 
25.68,0.077257, , 
25.74,0.076825, , 
25.8,0.076338, , 
25.85,0.075826, , 
25.91,0.075406, , 
25.96,0.075019, , 
26.02,0.0746, , 
26.07,0.07417, , 
26.13,0.073738, , 
26.18,0.073434, , 
26.23,0.073125, , 
26.29,0.072905, , 
26.34,0.072576, , 
26.4,0.072252, , 
26.45,0.072005, , 
26.51,0.071797, , 
26.57,0.071632, , 
26.62,0.071382, , 
26.68,0.071219, , 
26.73,0.071028, , 
26.79,0.070886, , 
26.84,0.070828, , 
26.9,0.070851, , 
26.95,0.070961, , 
27,0.071072, , 
27.06,0.071184, , 
27.11,0.071395, , 
27.17,0.071679, , 
27.23,0.072024, , 
27.28,0.072443, , 
27.34,0.072887, , 
27.39,0.073409, , 
27.45,0.07411, , 
27.5,0.074814, , 
27.56,0.075728, , 
27.61,0.076667, , 
27.66,0.077697, , 
27.72,0.078906, , 
27.78,0.080296, , 
27.83,0.081757, , 
27.89,0.083417, , 
27.94,0.085163, , 
28,0.087106, , 
28.05,0.089227, , 
28.11,0.091322, , 
28.16,0.093595, , 
28.22,0.096089, , 
28.27,0.098402, , 
28.32,0.100989, , 
28.38,0.103477, , 
28.43,0.105783, , 
28.49,0.108842, , 
28.55,0.111386, , 
28.6,0.114047, , 
28.66,0.116612, , 
28.71,0.118684, , 
28.77,0.121192, , 
28.82,0.12333, , 
28.88,0.125214, , 
28.93,0.127167, , 
28.98,0.128843, , 
29.04,0.130289, , 
29.09,0.13156, , 
29.15,0.132603, , 
29.2,0.133599, , 
29.26,0.134291, , 
29.32,0.134693, , 
29.37,0.135031, , 
29.43,0.13523, , 
29.48,0.135215, , 
29.54,0.135029, , 
29.59,0.134728, , 
29.65,0.134251, , 
29.7,0.133599, , 
29.75,0.132903, , 
29.81,0.132002, , 
29.86,0.131074, , 
29.92,0.130083, , 
29.98,0.128959, , 
30.03,0.127738, , 
30.09,0.12653, , 
30.14,0.125228, , 
30.2,0.124054, , 
30.25,0.122553, , 
30.31,0.121254, , 
30.36,0.119889, , 
30.41,0.118394, , 
30.47,0.117158, , 
30.52,0.115744, , 
30.58,0.114302, , 
30.64,0.113158, , 
30.69,0.111674, , 
30.75,0.110423, , 
30.8,0.109113, , 
30.86,0.107881, , 
30.91,0.106718, , 
30.97,0.105581, , 
31.02,0.104535, , 
31.07,0.103587, , 
31.13,0.102565, , 
31.19,0.101531, , 
31.24,0.100656, , 
31.3,0.099826, , 
31.35,0.099092, , 
31.41,0.09835, , 
31.46,0.097705, , 
31.52,0.097085, , 
31.57,0.096493, , 
31.63,0.095947, , 
31.68,0.09552, , 
31.73,0.095157, , 
31.79,0.094846, , 
31.84,0.094528, , 
31.9,0.094283, , 
31.95,0.094102, , 
32.01,0.094056, , 
32.06,0.094052, , 
32.12,0.094052, , 
32.17,0.094073, , 
32.23,0.094141, , 
32.28,0.094357, , 
32.34,0.094647, , 
32.4,0.094937, , 
32.45,0.095341, , 
32.51,0.095872, , 
32.56,0.096466, , 
32.62,0.097339, , 
32.67,0.098241, , 
32.73,0.099293, , 
32.78,0.100833, , 
32.84,0.102377, , 
32.89,0.104352, , 
32.95,0.106823, , 
33,0.109434, , 
33.06,0.112926, , 
33.11,0.116702, , 
33.16,0.121144, , 
33.22,0.12691, , 
33.27,0.132332, , 
33.33,0.140111, , 
33.38,0.148588, , 
33.44,0.157178, , 
33.49,0.167431, , 
33.55,0.178253, , 
33.6,0.191629, , 
33.66,0.205272, , 
33.72,0.217011, , 
33.77,0.233401, , 
33.83,0.249869, , 
33.88,0.263971, , 
33.94,0.279991, , 
33.99,0.295713, , 
34.05,0.310203, , 
34.1,0.32319, , 
34.16,0.337005, , 
34.21,0.349271, , 
34.27,0.359923, , 
34.32,0.369172, , 
34.38,0.376766, , 
34.43,0.383843, , 
34.48,0.388719, , 
34.54,0.392897, , 
34.59,0.395465, , 
34.65,0.396988, , 
34.7,0.397423, , 
34.76,0.396881, , 
34.81,0.395167, , 
34.87,0.392432, , 
34.92,0.389188, , 
34.98,0.384913, , 
35.03,0.380408, , 
35.09,0.375388, , 
35.15,0.36991, , 
35.2,0.363176, , 
35.26,0.356279, , 
35.31,0.34895, , 
35.37,0.342278, , 
35.42,0.334299, , 
35.48,0.326278, , 
35.53,0.318363, , 
35.59,0.310265, , 
35.64,0.302299, , 
35.7,0.295011, , 
35.75,0.286907, , 
35.81,0.279573, , 
35.86,0.272121, , 
35.91,0.264677, , 
35.97,0.258323, , 
36.02,0.251839, , 
36.08,0.245906, , 
36.13,0.239604, , 
36.19,0.233723, , 
36.24,0.228651, , 
36.3,0.223066, , 
36.35,0.218317, , 
36.41,0.213398, , 
36.47,0.208834, , 
36.52,0.204828, , 
36.58,0.200043, , 
36.63,0.196018, , 
36.69,0.19221, , 
36.74,0.189117, , 
36.8,0.185155, , 
36.85,0.181319, , 
36.91,0.177844, , 
36.96,0.175048, , 
37.02,0.171633, , 
37.07,0.168626, , 
37.13,0.16558, , 
37.18,0.162892, , 
37.23,0.160264, , 
37.29,0.157537, , 
37.34,0.155196, , 
37.4,0.152748, , 
37.45,0.150433, , 
37.51,0.1482, , 
37.56,0.145912, , 
37.62,0.143936, , 
37.67,0.141707, , 
37.73,0.139913, , 
37.78,0.137855, , 
37.84,0.135832, , 
37.9,0.134185, , 
37.95,0.132414, , 
38.01,0.130727, , 
38.06,0.12906, , 
38.12,0.127467, , 
38.17,0.126003, , 
38.23,0.124478, , 
38.28,0.122789, , 
38.34,0.121509, , 
38.39,0.119902, , 
38.45,0.118293, , 
38.5,0.116948, , 
38.56,0.115418, , 
38.61,0.114074, , 
38.66,0.112691, , 
38.72,0.111224, , 
38.77,0.110016, , 
38.83,0.108573, , 
38.88,0.10729, , 
38.94,0.105984, , 
38.99,0.104746, , 
39.05,0.103763, , 
39.1,0.102526, , 
39.16,0.101358, , 
39.22,0.100375, , 
39.27,0.099378, , 
39.33,0.098438, , 
39.38,0.097302, , 
39.44,0.096263, , 
39.49,0.095345, , 
39.55,0.094383, , 
39.6,0.093452, , 
39.66,0.09248, , 
39.71,0.0916, , 
39.77,0.090897, , 
39.82,0.090337, , 
39.88,0.089718, , 
39.93,0.089161, , 
39.98,0.088475, , 
40.04,0.087676, , 
40.09,0.08682, , 
40.15,0.085929, , 
40.2,0.084828, , 
40.26,0.083822, , 
40.31,0.082944, , 
40.37,0.082291, , 
40.42,0.081711, , 
40.48,0.081153, , 
40.53,0.080709, , 
40.59,0.080284, , 
40.65,0.07977, , 
40.7,0.079366, , 
40.76,0.078922, , 
40.81,0.078434, , 
40.87,0.078, , 
40.92,0.077529, , 
40.98,0.077119, , 
41.03,0.076562, , 
41.09,0.076136, , 
41.14,0.075679, , 
41.2,0.075243, , 
41.25,0.074749, , 
41.31,0.074251, , 
41.36,0.073791, , 
41.41,0.073364, , 
41.47,0.072961, , 
41.52,0.07244, , 
41.58,0.072016, , 
41.63,0.071507, , 
41.69,0.070965, , 
41.74,0.07057, , 
41.8,0.070092, , 
41.85,0.069701, , 
41.91,0.069283, , 
41.97,0.068866, , 
42.02,0.068526, , 
42.08,0.06822, , 
42.13,0.067884, , 
42.19,0.067555, , 
42.24,0.067225, , 
42.3,0.066956, , 
42.35,0.066566, , 
42.41,0.066237, , 
42.46,0.065955, , 
42.52,0.065648, , 
42.57,0.065343, , 
42.63,0.065087, , 
42.68,0.064834, , 
42.73,0.064636, , 
42.79,0.064443, , 
42.84,0.064278, , 
42.9,0.064116, , 
42.95,0.063942, , 
43.01,0.063731, , 
43.06,0.06355, , 
43.12,0.063385, , 
43.17,0.063246, , 
43.23,0.063115, , 
43.28,0.063005, , 
43.34,0.062859, , 
43.4,0.06277, , 
43.45,0.062647, , 
43.51,0.062552, , 
43.56,0.062462, , 
43.62,0.062329, , 
43.67,0.062294, , 
43.73,0.06228, , 
43.78,0.062273, , 
43.84,0.062287, , 
43.89,0.062396, , 
43.95,0.062495, , 
44,0.062662, , 
44.06,0.06285, , 
44.11,0.063053, , 
44.16,0.063357, , 
44.22,0.063643, , 
44.27,0.064024, , 
44.33,0.064414, , 
44.38,0.064901, , 
44.44,0.065415, , 
44.49,0.065983, , 
44.55,0.066556, , 
44.6,0.067173, , 
44.66,0.06778, , 
44.72,0.068438, , 
44.77,0.069133, , 
44.83,0.069707, , 
44.88,0.070398, , 
44.94,0.071124, , 
44.99,0.071687, , 
45.05,0.072236, , 
45.1,0.072849, , 
45.16,0.073347, , 
45.21,0.073784, , 
45.27,0.074162, , 
45.32,0.074502, , 
45.38,0.074785, , 
45.43,0.075031, , 
45.48,0.075205, , 
45.54,0.075355, , 
45.59,0.075484, , 
45.65,0.075417, , 
45.7,0.075308, , 
45.76,0.075246, , 
45.81,0.075087, , 
45.87,0.074937, , 
45.92,0.074766, , 
45.98,0.074475, , 
46.03,0.074204, , 
46.09,0.073922, , 
46.15,0.073645, , 
46.2,0.073341, , 
46.26,0.072949, , 
46.31,0.072602, , 
46.37,0.072234, , 
46.42,0.071821, , 
46.48,0.071467, , 
46.53,0.071046, , 
46.59,0.070745, , 
46.64,0.07047, , 
46.7,0.070086, , 
46.75,0.069745, , 
46.81,0.069465, , 
46.86,0.069155, , 
46.91,0.06895, , 
46.97,0.06869, , 
47.02,0.068448, , 
47.08,0.068253, , 
47.13,0.068066, , 
47.19,0.067955, , 
47.24,0.067789, , 
47.3,0.067618, , 
47.35,0.067538, , 
47.41,0.06741, , 
47.47,0.067324, , 
47.52,0.067209, , 
47.58,0.067069, , 
47.63,0.066967, , 
47.69,0.066852, , 
47.74,0.066769, , 
47.8,0.06664, , 
47.85,0.066548, , 
47.91,0.066484, , 
47.96,0.066379, , 
48.02,0.06625, , 
48.07,0.066116, , 
48.13,0.065977, , 
48.18,0.065841, , 
48.23,0.06572, , 
48.29,0.065539, , 
48.34,0.065363, , 
48.4,0.065246, , 
48.45,0.065014, , 
48.51,0.064788, , 
48.56,0.064603, , 
48.62,0.064345, , 
48.67,0.064166, , 
48.73,0.063906, , 
48.78,0.063663, , 
48.84,0.063452, , 
48.9,0.063244, , 
48.95,0.063065, , 
49.01,0.062816, , 
49.06,0.062604, , 
49.12,0.062438, , 
49.17,0.062223, , 
49.23,0.062028, , 
49.28,0.061824, , 
49.34,0.061567, , 
49.39,0.061388, , 
49.45,0.061232, , 
49.5,0.061038, , 
49.56,0.060862, , 
49.61,0.060641, , 
49.66,0.060429, , 
49.72,0.060269, , 
49.77,0.060077, , 
49.83,0.059924, , 
49.89,0.059787, , 
49.94,0.059598, , 
49.99,0.059453, , 
50.05,0.059335, , 
50.1,0.059218, , 
50.16,0.059099, , 
50.22,0.058935, , 
50.27,0.058829, , 
50.33,0.058726, , 
50.38,0.058589, , 
50.44,0.058569, , 
50.49,0.058514, , 
50.55,0.0584, , 
50.6,0.058392, , 
50.66,0.058447, , 
50.71,0.058549, , 
50.77,0.058683, , 
50.82,0.058899, , 
50.88,0.05915, , 
50.93,0.059532, , 
50.98,0.060073, , 
51.04,0.060731, , 
51.09,0.061448, , 
51.15,0.062429, , 
51.2,0.063497, , 
51.26,0.064586, , 
51.31,0.066213, , 
51.37,0.06764, , 
51.42,0.06946, , 
51.48,0.071271, , 
51.53,0.073268, , 
51.59,0.075607, , 
51.65,0.077534, , 
51.7,0.079944, , 
51.76,0.082146, , 
51.81,0.084304, , 
51.87,0.086404, , 
51.92,0.088398, , 
51.98,0.090127, , 
52.03,0.092162, , 
52.09,0.093711, , 
52.14,0.095037, , 
52.2,0.09624, , 
52.25,0.0972, , 
52.31,0.097944, , 
52.36,0.098447, , 
52.41,0.098707, , 
52.47,0.098773, , 
52.52,0.098654, , 
52.58,0.098356, , 
52.63,0.097832, , 
52.69,0.097257, , 
52.74,0.096638, , 
52.8,0.095829, , 
52.85,0.094956, , 
52.91,0.093938, , 
52.97,0.093061, , 
53.02,0.092201, , 
53.08,0.09106, , 
53.13,0.090085, , 
53.19,0.08931, , 
53.24,0.088354, , 
53.3,0.087552, , 
53.35,0.086634, , 
53.41,0.08596, , 
53.46,0.085284, , 
53.52,0.084535, , 
53.57,0.083923, , 
53.63,0.083318, , 
53.68,0.082897, , 
53.73,0.082358, , 
53.79,0.081847, , 
53.84,0.081422, , 
53.9,0.080946, , 
53.95,0.080494, , 
54.01,0.079992, , 
54.06,0.079484, , 
54.12,0.078863, , 
54.17,0.078349, , 
54.23,0.077716, , 
54.28,0.077212, , 
54.34,0.076598, , 
54.4,0.076001, , 
54.45,0.075485, , 
54.51,0.074716, , 
54.56,0.074051, , 
54.62,0.073566, , 
54.67,0.072897, , 
54.73,0.072288, , 
54.78,0.071607, , 
54.84,0.071005, , 
54.89,0.070392, , 
54.95,0.069878, , 
55,0.069238, , 
55.06,0.06867, , 
55.11,0.0682, , 
55.16,0.06776, , 
55.22,0.067191, , 
55.27,0.066739, , 
55.33,0.066316, , 
55.38,0.06592, , 
55.44,0.065525, , 
55.49,0.065268, , 
55.55,0.065065, , 
55.61,0.064876, , 
55.66,0.064854, , 
55.72,0.064996, , 
55.77,0.065187, , 
55.83,0.065425, , 
55.88,0.065866, , 
55.94,0.066431, , 
55.99,0.067372, , 
56.05,0.068458, , 
56.1,0.069401, , 
56.16,0.070814, , 
56.21,0.072566, , 
56.27,0.074261, , 
56.32,0.076644, , 
56.38,0.078667, , 
56.43,0.081106, , 
56.48,0.08396, , 
56.54,0.08651, , 
56.59,0.089022, , 
56.65,0.091756, , 
56.7,0.094479, , 
56.76,0.097094, , 
56.81,0.099281, , 
56.87,0.101562, , 
56.92,0.10387, , 
56.98,0.105735, , 
57.03,0.107176, , 
57.09,0.108544, , 
57.15,0.109755, , 
57.2,0.110584, , 
57.26,0.111194, , 
57.31,0.111747, , 
57.37,0.111999, , 
57.42,0.111969, , 
57.48,0.111793, , 
57.53,0.11148, , 
57.59,0.111032, , 
57.64,0.110371, , 
57.7,0.109671, , 
57.75,0.108729, , 
57.81,0.107732, , 
57.86,0.106912, , 
57.91,0.105875, , 
57.97,0.104891, , 
58.03,0.103838, , 
58.08,0.102809, , 
58.13,0.101863, , 
58.19,0.10073, , 
58.24,0.099769, , 
58.3,0.098709, , 
58.35,0.097922, , 
58.41,0.096788, , 
58.47,0.095857, , 
58.52,0.095087, , 
58.58,0.094037, , 
58.63,0.093126, , 
58.69,0.092203, , 
58.74,0.091526, , 
58.8,0.090528, , 
58.85,0.089674, , 
58.91,0.088895, , 
58.96,0.088158, , 
59.02,0.087301, , 
59.07,0.086639, , 
59.13,0.085789, , 
59.18,0.085066, , 
59.23,0.084528, , 
59.29,0.084382, , 
59.34,0.08473, , 
59.4,0.085215, , 
59.46,0.0856, , 
59.51,0.08614, , 
59.56,0.086901, , 
59.62,0.086744, , 
59.67,0.085617, , 
59.73,0.083989, , 
59.78,0.082524, , 
59.84,0.080858, , 
59.9,0.079027, , 
59.95,0.077697, , 
60.01,0.077186, , 
60.06,0.077325, , 
60.12,0.077855, , 
60.17,0.078537, , 
60.23,0.079409, , 
60.28,0.08056, , 
60.34,0.081838, , 
60.39,0.08332, , 
60.45,0.085016, , 
60.5,0.086719, , 
60.56,0.088826, , 
60.61,0.091384, , 
60.66,0.093866, , 
60.72,0.096246, , 
60.77,0.099465, , 
60.83,0.101926, , 
60.88,0.10499, , 
60.94,0.107819, , 
60.99,0.11035, , 
61.05,0.113143, , 
61.1,0.115573, , 
61.16,0.117598, , 
61.22,0.119699, , 
61.27,0.121295, , 
61.33,0.122732, , 
61.38,0.123872, , 
61.44,0.124669, , 
61.49,0.125151, , 
61.55,0.12541, , 
61.6,0.125305, , 
61.66,0.125045, , 
61.71,0.124543, , 
61.77,0.123912, , 
61.82,0.122999, , 
61.88,0.122109, , 
61.93,0.121044, , 
61.98,0.119853, , 
62.04,0.118719, , 
62.09,0.117367, , 
62.15,0.116186, , 
62.2,0.114814, , 
62.26,0.113388, , 
62.31,0.11211, , 
62.37,0.110621, , 
62.42,0.109458, , 
62.48,0.107905, , 
62.53,0.10652, , 
62.59,0.105454, , 
62.65,0.103956, , 
62.7,0.102724, , 
62.76,0.101678, , 
62.81,0.100491, , 
62.87,0.099598, , 
62.92,0.098784, , 
62.98,0.098086, , 
63.03,0.097581, , 
63.09,0.097119, , 
63.14,0.096965, , 
63.2,0.097093, , 
63.25,0.097542, , 
63.31,0.098226, , 
63.36,0.099186, , 
63.41,0.100698, , 
63.47,0.102314, , 
63.52,0.104315, , 
63.58,0.106611, , 
63.63,0.109203, , 
63.69,0.112089, , 
63.75,0.114841, , 
63.8,0.11795, , 
63.85,0.120894, , 
63.91,0.123602, , 
63.97,0.126383, , 
64.02,0.128627, , 
64.08,0.130769, , 
64.13,0.13236, , 
64.19,0.133911, , 
64.24,0.134866, , 
64.3,0.135443, , 
64.35,0.135689, , 
64.41,0.135577, , 
64.46,0.135077, , 
64.52,0.134378, , 
64.57,0.133509, , 
64.63,0.132295, , 
64.68,0.131086, , 
64.73,0.129742, , 
64.79,0.12851, , 
64.84,0.127245, , 
64.9,0.1259, , 
64.95,0.124854, , 
65.01,0.12397, , 
65.06,0.122704, , 
65.12,0.121843, , 
65.17,0.121007, , 
65.23,0.120157, , 
65.28,0.119699, , 
65.34,0.119401, , 
65.39,0.119398, , 
65.45,0.11959, , 
65.5,0.120192, , 
65.56,0.120954, , 
65.61,0.122125, , 
65.67,0.123428, , 
65.72,0.124887, , 
65.78,0.126611, , 
65.83,0.128449, , 
65.89,0.13002, , 
65.94,0.132208, , 
66,0.134081, , 
66.06,0.135846, , 
66.11,0.137455, , 
66.17,0.138808, , 
66.22,0.139882, , 
66.28,0.140753, , 
66.33,0.141336, , 
66.39,0.141606, , 
66.44,0.141607, , 
66.5,0.141358, , 
66.55,0.140976, , 
66.61,0.140342, , 
66.66,0.139648, , 
66.72,0.139026, , 
66.77,0.138328, , 
66.83,0.137802, , 
66.88,0.13736, , 
66.94,0.137138, , 
66.99,0.137106, , 
67.05,0.137302, , 
67.1,0.137744, , 
67.16,0.138379, , 
67.21,0.138984, , 
67.27,0.139972, , 
67.32,0.140713, , 
67.38,0.141789, , 
67.43,0.14282, , 
67.48,0.143626, , 
67.54,0.144526, , 
67.59,0.145352, , 
67.65,0.145894, , 
67.7,0.146399, , 
67.76,0.146741, , 
67.81,0.146982, , 
67.87,0.147124, , 
67.92,0.147253, , 
67.98,0.147274, , 
68.03,0.147307, , 
68.09,0.147425, , 
68.14,0.147542, , 
68.2,0.147742, , 
68.25,0.148008, , 
68.31,0.148311, , 
68.36,0.148719, , 
68.42,0.149093, , 
68.47,0.149539, , 
68.53,0.149943, , 
68.58,0.150478, , 
68.64,0.150882, , 
68.69,0.15122, , 
68.75,0.151559, , 
68.81,0.151782, , 
68.86,0.151956, , 
68.92,0.152146, , 
68.97,0.152309, , 
69.03,0.152463, , 
69.08,0.152592, , 
69.14,0.152758, , 
69.19,0.152951, , 
69.25,0.153151, , 
69.3,0.153345, , 
69.36,0.153594, , 
69.41,0.153806, , 
69.47,0.154013, , 
69.52,0.154193, , 
69.58,0.154326, , 
69.63,0.154482, , 
69.69,0.154543, , 
69.74,0.154581, , 
69.8,0.154667, , 
69.85,0.154747, , 
69.91,0.15471, , 
69.96,0.154601, , 
70.02,0.154572, , 
70.07,0.154518, , 
70.13,0.154405, , 
70.18,0.154345, , 
70.23,0.154277, , 
70.29,0.154162, , 
70.34,0.154065, , 
70.4,0.153945, , 
70.45,0.153855, , 
70.51,0.153741, , 
70.56,0.153623, , 
70.62,0.153459, , 
70.67,0.153238, , 
70.73,0.153032, , 
70.78,0.152644, , 
70.84,0.152106, , 
70.89,0.151548, , 
70.95,0.150735, , 
71,0.14975, , 
71.06,0.148665, , 
71.11,0.147092, , 
71.17,0.145527, , 
71.23,0.143911, , 
71.28,0.141926, , 
71.33,0.140296, , 
71.39,0.138094, , 
71.44,0.136434, , 
71.51,0.134522, , 
71.56,0.132562, , 
71.61,0.130791, , 
71.67,0.12888, , 
71.72,0.126911, , 
71.78,0.125051, , 
71.83,0.123245, , 
71.89,0.121418, , 
71.94,0.119794, , 
72,0.118093, , 
72.05,0.116676, , 
72.11,0.115368, , 
72.16,0.114041, , 
72.22,0.113021, , 
72.27,0.111846, , 
72.33,0.110584, , 
72.38,0.109562, , 
72.44,0.108426, , 
72.49,0.107491, , 
72.55,0.106531, , 
72.6,0.105582, , 
72.66,0.104866, , 
72.71,0.104091, , 
72.77,0.103392, , 
72.82,0.102637, , 
72.88,0.101997, , 
72.93,0.101301, , 
72.98,0.100706, , 
73.04,0.100038, , 
73.09,0.09957, , 
73.15,0.09906, , 
73.2,0.098633, , 
73.26,0.098209, , 
73.31,0.097859, , 
73.37,0.097487, , 
73.42,0.097135, , 
73.48,0.096704, , 
73.53,0.096315, , 
73.59,0.095832, , 
73.64,0.095398, , 
73.7,0.094897, , 
73.75,0.094486, , 
73.81,0.094004, , 
73.86,0.093675, , 
73.92,0.093339, , 
73.97,0.093004, , 
74.03,0.092685, , 
74.08,0.092376, , 
74.14,0.092097, , 
74.19,0.091779, , 
74.25,0.09142, , 
74.31,0.09108, , 
74.36,0.090709, , 
74.42,0.090389, , 
74.47,0.090046, , 
74.53,0.089771, , 
74.58,0.089452, , 
74.64,0.08922, , 
74.69,0.088961, , 
74.75,0.088753, , 
74.8,0.088533, , 
74.86,0.088323, , 
74.91,0.088129, , 
74.97,0.087944, , 
75.02,0.087735, , 
75.08,0.087589, , 
75.13,0.087478, , 
75.19,0.087369, , 
75.24,0.087317, , 
75.3,0.087307, , 
75.35,0.087295, , 
75.41,0.087308, , 
75.46,0.087207, , 
75.52,0.087096, , 
75.57,0.086959, , 
75.63,0.086856, , 
75.68,0.086786, , 
75.73,0.086642, , 
75.79,0.086509, , 
75.84,0.086367, , 
75.9,0.086315, , 
75.95,0.086275, , 
76.01,0.086169, , 
76.06,0.086062, , 
76.12,0.086037, , 
76.17,0.086023, , 
76.23,0.086035, , 
76.28,0.086056, , 
76.34,0.086048, , 
76.39,0.086044, , 
76.45,0.086049, , 
76.5,0.086078, , 
76.56,0.086187, , 
76.61,0.086281, , 
76.67,0.086265, , 
76.72,0.086279, , 
76.78,0.086286, , 
76.83,0.086294, , 
76.89,0.086314, , 
76.94,0.086296, , 
77,0.086307, , 
77.06,0.086315, , 
77.11,0.086261, , 
77.17,0.086164, , 
77.22,0.086048, , 
77.28,0.08592, , 
77.33,0.085739, , 
77.39,0.085602, , 
77.44,0.085508, , 
77.5,0.085397, , 
77.55,0.08533, , 
77.61,0.085323, , 
77.66,0.085298, , 
77.72,0.085299, , 
77.77,0.08531, , 
77.83,0.085309, , 
77.88,0.08529, , 
77.94,0.085222, , 
77.99,0.085094, , 
78.05,0.085061, , 
78.1,0.084996, , 
78.16,0.084877, , 
78.21,0.08482, , 
78.27,0.0848, , 
78.32,0.084804, , 
78.38,0.0848, , 
78.43,0.084837, , 
78.48,0.084991, , 
78.54,0.085093, , 
78.59,0.085246, , 
78.65,0.085478, , 
78.7,0.085704, , 
78.76,0.085923, , 
78.81,0.086173, , 
78.87,0.086454, , 
78.92,0.086793, , 
78.98,0.087118, , 
79.03,0.087329, , 
79.09,0.087486, , 
79.14,0.087653, , 
79.2,0.08775, , 
79.25,0.087908, , 
79.31,0.08813, , 
79.36,0.088366, , 
79.42,0.08872, , 
79.47,0.088974, , 
79.53,0.089234, , 
79.59,0.089553, , 
79.64,0.089792, , 
79.69,0.089985, , 
79.75,0.090036, , 
79.81,0.09004, , 
79.86,0.090054, , 
79.92,0.090032, , 
79.97,0.09004, , 
80.03,0.090066, , 
80.08,0.089991, , 
80.14,0.089865, , 
80.19,0.089821, , 
80.25,0.089801, , 
80.3,0.089796, , 
80.36,0.08973, , 
80.41,0.089624, , 
80.47,0.089539, , 
80.52,0.089511, , 
80.58,0.08945, , 
80.63,0.089356, , 
80.69,0.089306, , 
80.74,0.089236, , 
80.8,0.089076, , 
80.85,0.088932, , 
80.91,0.088844, , 
80.96,0.088702, , 
81.02,0.088568, , 
81.07,0.088427, , 
81.13,0.088261, , 
81.18,0.088173, , 
81.23,0.088063, , 
81.29,0.087918, , 
81.34,0.087831, , 
81.4,0.087793, , 
81.45,0.087786, , 
81.51,0.087811, , 
81.56,0.08779, , 
81.62,0.087796, , 
81.67,0.087875, , 
81.73,0.087991, , 
81.78,0.088161, , 
81.84,0.08825, , 
81.89,0.088347, , 
81.95,0.088506, , 
82.01,0.088538, , 
82.06,0.088529, , 
82.11,0.088549, , 
82.17,0.088551, , 
82.22,0.088564, , 
82.28,0.088573, , 
82.33,0.088539, , 
82.39,0.088533, , 
82.44,0.088571, , 
82.5,0.088668, , 
82.56,0.088833, , 
82.61,0.088966, , 
82.67,0.089047, , 
82.72,0.089157, , 
82.78,0.089249, , 
82.83,0.089423, , 
82.89,0.089716, , 
82.94,0.090212, , 
83,0.090951, , 
83.05,0.091753, , 
83.11,0.094715, , 
83.16,0.102946, , 
83.22,0.11302, , 
83.27,0.113657, , 
83.33,0.109621, , 
83.38,0.111403, , 
83.44,0.11748, , 
83.49,0.115333, , 
83.55,0.098741, , 
83.6,0.086194, , 
83.66,0.080323, , 
83.71,0.078555, , 
83.77,0.071181, , 
83.82,0.05729, , 
83.88,0.051473, , 
83.93,0.05033, , 
83.98,0.049961, , 
84.04,0.04986, , 
84.09,0.049832, , 
84.15,0.049751, , 
84.2,0.049642, , 
84.26,0.049558, , 
84.32,0.049553, , 
84.37,0.049559, , 
84.43,0.049539, , 
84.48,0.049539, , 
84.53,0.049424, , 
84.59,0.049327, , 
84.64,0.049299, , 
84.7,0.049288, , 
84.75,0.049262, , 
84.81,0.049184, , 
84.86,0.049077, , 
84.92,0.049058, , 
84.97,0.048952, , 
85.03,0.048838, , 
85.08,0.04881, , 
85.14,0.048723, , 
85.19,0.048612, , 
85.25,0.048583, , 
85.31,0.04856, , 
85.36,0.048483, , 
85.42,0.048344, , 
85.47,0.04816, , 
85.53,0.048081, , 
85.58,0.04807, , 
85.64,0.048092, , 
85.69,0.048186, , 
85.75,0.04839, , 
85.8,0.048822, , 
85.86,0.049171, , 
85.91,0.049551, , 
85.97,0.04979, , 
86.02,0.049882, , 
86.08,0.049832, , 
86.13,0.049707, , 
86.19,0.049416, , 
86.24,0.048994, , 
86.3,0.04862, , 
86.35,0.048166, , 
86.41,0.047701, , 
86.46,0.047149, , 
86.52,0.046576, , 
86.57,0.046138, , 
86.63,0.045692, , 
86.68,0.045169, , 
86.73,0.044788, , 
86.79,0.044331, , 
86.84,0.043971, , 
86.9,0.043646, , 
86.95,0.043326, , 
87.01,0.043125, , 
87.06,0.042919, , 
87.12,0.042708, , 
87.17,0.042617, , 
87.23,0.042472, , 
87.28,0.042365, , 
87.34,0.042324, , 
87.39,0.042218, , 
87.45,0.042149, , 
87.5,0.042092, , 
87.56,0.042055, , 
87.61,0.042057, , 
87.67,0.042061, , 
87.73,0.042073, , 
87.78,0.042159, , 
87.83,0.042241, , 
87.89,0.042293, , 
87.94,0.042292, , 
88,0.042287, , 
88.06,0.042315, , 
88.11,0.042407, , 
88.17,0.042523, , 
88.22,0.042565, , 
88.28,0.042571, , 
88.33,0.042564, , 
88.39,0.04255, , 
88.44,0.042538, , 
88.5,0.042556, , 
88.55,0.042552, , 
88.61,0.042561, , 
88.66,0.042569, , 
88.72,0.042534, , 
88.77,0.042541, , 
88.83,0.04255, , 
88.88,0.042533, , 
88.94,0.042529, , 
88.99,0.042523, , 
89.05,0.042536, , 
89.1,0.042621, , 
89.16,0.042714, , 
89.21,0.042775, , 
89.27,0.042862, , 
89.32,0.042964, , 
89.38,0.043031, , 
89.43,0.043141, , 
89.48,0.043279, , 
89.54,0.043389, , 
89.59,0.043553, , 
89.65,0.043683, , 
89.7,0.04391, , 
89.76,0.044114, , 
89.81,0.044412, , 
89.87,0.044624, , 
89.92,0.044851, , 
89.98,0.045099, , 
90.03,0.045317, , 
90.09,0.045598, , 
90.14,0.045878, , 
90.2,0.046138, , 
90.25,0.046412, , 
90.31,0.046751, , 
90.36,0.047156, , 
90.42,0.047575, , 
90.47,0.048032, , 
90.53,0.048584, , 
90.58,0.049327, , 
90.64,0.05011, , 
90.69,0.050804, , 
90.75,0.051834, , 
90.81,0.052807, , 
90.86,0.053741, , 
90.92,0.054864, , 
90.97,0.055946, , 
91.03,0.057014, , 
91.08,0.058095, , 
91.14,0.05942, , 
91.19,0.060598, , 
91.25,0.061979, , 
91.3,0.063269, , 
91.36,0.064645, , 
91.41,0.066099, , 
91.47,0.067235, , 
91.52,0.068639, , 
91.58,0.070068, , 
91.63,0.071214, , 
91.69,0.072495, , 
91.74,0.073567, , 
91.8,0.074867, , 
91.85,0.076026, , 
91.91,0.077118, , 
91.96,0.07828, , 
92.02,0.079359, , 
92.07,0.080616, , 
92.13,0.081616, , 
92.18,0.082881, , 
92.23,0.083991, , 
92.29,0.085048, , 
92.34,0.08623, , 
92.4,0.087344, , 
92.45,0.088339, , 
92.51,0.089461, , 
92.56,0.09056, , 
92.62,0.091553, , 
92.62,0.091553, , 
92.75,0.091691, , 