Gradient Profiler Text Data File: ragBq99l_leu.csv,,,
Version: 1.88,,,
Date: 2016-02-12,,,
Time: 21:24:07,,,
,,,
User: Alicia,,,
Experiment name: 20160212_rpa5_456789,,,
UV Unit: EM-1,,,
Rotor Manufacturer: Beckman,,,
Rotor Model: SW41Ti,,,
Speed: 35000 rpm,,,
Gradient: sucrose 10.0% to 50.0% w/v,,,
Time: 180,,,
w2t:  x 10^0,,,
Sample Volume: 0.41 ml,,,
Number of Tubes: 6,,,
Volume per mm: 0.143 ml/mm,,,
Temperature: 4.0 deg C,,,
,,,
Absorbance Units Full Scale (AUFS): 1.00,,,
Manual-triggered gradient; (with distance; but no event marks),,,
Delay: No Delay,,,
UV Wavelength: 254 nm,,,
Samples / sec: 6 Hz,,,
EM1 Speed: 0.22 mm/sec,,,
Distance: 2.02 mm,,,
Number: 52,,,
Dead Volume: 0.000000 ml; Distance due to Dead Volume: 0.00 mm,,,
Length of Tubing: 0 mm,,,
Total Distance: 105.04 mm,,,
,,,
Data Columns:,,,
Distance, Absorbance,,
0.04,0.064606, , 
0.08,0.064407, , 
0.11,0.064344, , 
0.15,0.064248, , 
0.19,0.064151, , 
0.22,0.064104, , 
0.26,0.06406, , 
0.3,0.064087, , 
0.33,0.06403, , 
0.37,0.064088, , 
0.41,0.064057, , 
0.44,0.064075, , 
0.48,0.064033, , 
0.52,0.063936, , 
0.55,0.063905, , 
0.59,0.063819, , 
0.63,0.063823, , 
0.66,0.06382, , 
0.7,0.063786, , 
0.74,0.063792, , 
0.77,0.063762, , 
0.81,0.063807, , 
0.85,0.063771, , 
0.88,0.063814, , 
0.92,0.06379, , 
0.96,0.063781, , 
0.99,0.063807, , 
1.03,0.063771, , 
1.07,0.063815, , 
1.1,0.063871, , 
1.14,0.063968, , 
1.18,0.064027, , 
1.21,0.063946, , 
1.25,0.063874, , 
1.29,0.063784, , 
1.32,0.06379, , 
1.36,0.063767, , 
1.4,0.063785, , 
1.43,0.063787, , 
1.47,0.063634, , 
1.51,0.063595, , 
1.54,0.063547, , 
1.58,0.063557, , 
1.62,0.063539, , 
1.65,0.063506, , 
1.69,0.063552, , 
1.73,0.063493, , 
1.76,0.063504, , 
1.8,0.063485, , 
1.84,0.063516, , 
1.87,0.063523, , 
1.91,0.063477, , 
1.95,0.063529, , 
1.98,0.063495, , 
2.02,0.063504, , 
2.06,0.063495, , 
2.09,0.063475, , 
2.13,0.06353, , 
2.17,0.063491, , 
2.2,0.063496, , 
2.24,0.063491, , 
2.28,0.063528, , 
2.31,0.063524, , 
2.35,0.063517, , 
2.39,0.063559, , 
2.42,0.063517, , 
2.46,0.063538, , 
2.5,0.063403, , 
2.53,0.063327, , 
2.57,0.063301, , 
2.61,0.063254, , 
2.64,0.063282, , 
2.68,0.063227, , 
2.72,0.063274, , 
2.75,0.063249, , 
2.79,0.063264, , 
2.83,0.063281, , 
2.86,0.063223, , 
2.9,0.063272, , 
2.94,0.063221, , 
2.97,0.063237, , 
3.01,0.063263, , 
3.05,0.063237, , 
3.08,0.063271, , 
3.12,0.063243, , 
3.16,0.063276, , 
3.19,0.063242, , 
3.23,0.063276, , 
3.27,0.06328, , 
3.3,0.063232, , 
3.34,0.063282, , 
3.38,0.063238, , 
3.41,0.063271, , 
3.45,0.063251, , 
3.49,0.063243, , 
3.52,0.063275, , 
3.56,0.063246, , 
3.6,0.063285, , 
3.63,0.063255, , 
3.67,0.063275, , 
3.71,0.063282, , 
3.74,0.063264, , 
3.78,0.063285, , 
3.82,0.06323, , 
3.85,0.063279, , 
3.89,0.063255, , 
3.93,0.063247, , 
3.96,0.063283, , 
4,0.063267, , 
4.04,0.063291, , 
4.07,0.063229, , 
4.11,0.063278, , 
4.15,0.063258, , 
4.18,0.063255, , 
4.22,0.063265, , 
4.26,0.063245, , 
4.29,0.063282, , 
4.33,0.063269, , 
4.37,0.063295, , 
4.4,0.063265, , 
4.44,0.063253, , 
4.48,0.063256, , 
4.51,0.063183, , 
4.55,0.063244, , 
4.59,0.063203, , 
4.62,0.063215, , 
4.66,0.06324, , 
4.7,0.063229, , 
4.73,0.063273, , 
4.77,0.063243, , 
4.81,0.063269, , 
4.84,0.063271, , 
4.88,0.063266, , 
4.92,0.063284, , 
4.95,0.063226, , 
4.99,0.063262, , 
5.03,0.063179, , 
5.06,0.063159, , 
5.1,0.063047, , 
5.14,0.062989, , 
5.17,0.063005, , 
5.21,0.062976, , 
5.25,0.063018, , 
5.28,0.063008, , 
5.32,0.063004, , 
5.36,0.063031, , 
5.39,0.063001, , 
5.43,0.063038, , 
5.47,0.062992, , 
5.5,0.063021, , 
5.54,0.062998, , 
5.58,0.063013, , 
5.61,0.063055, , 
5.65,0.063006, , 
5.69,0.063028, , 
5.72,0.063016, , 
5.76,0.06302, , 
5.8,0.062996, , 
5.83,0.062988, , 
5.87,0.06301, , 
5.91,0.062971, , 
5.94,0.063016, , 
5.98,0.062991, , 
6.02,0.063031, , 
6.05,0.063029, , 
6.09,0.062998, , 
6.13,0.063045, , 
6.16,0.063022, , 
6.2,0.063058, , 
6.24,0.063003, , 
6.27,0.063023, , 
6.31,0.063055, , 
6.35,0.063013, , 
6.38,0.06303, , 
6.42,0.062987, , 
6.46,0.063025, , 
6.49,0.063021, , 
6.53,0.063002, , 
6.57,0.063037, , 
6.6,0.063004, , 
6.64,0.063033, , 
6.68,0.063003, , 
6.71,0.063056, , 
6.75,0.063032, , 
6.79,0.063011, , 
6.82,0.063011, , 
6.86,0.062982, , 
6.9,0.063041, , 
6.93,0.063014, , 
6.97,0.063018, , 
7.01,0.063011, , 
7.04,0.062997, , 
7.08,0.063021, , 
7.12,0.062988, , 
7.15,0.063014, , 
7.19,0.063023, , 
7.23,0.06301, , 
7.26,0.063022, , 
7.3,0.062982, , 
7.34,0.063003, , 
7.37,0.062952, , 
7.41,0.062989, , 
7.45,0.062995, , 
7.48,0.063028, , 
7.52,0.063663, , 
7.56,0.067635, , 
7.59,0.083189, , 
7.63,0.127686, , 
7.67,0.19443, , 
7.7,0.269311, , 
7.74,0.363871, , 
7.78,0.45813, , 
7.81,0.544078, , 
7.85,0.630442, , 
7.89,0.725542, , 
7.92,0.810871, , 
7.96,0.898234, , 
8,0.960385, , 
8.03,0.996704, , 
8.07,1.013654, , 
8.11,1.01963, , 
8.14,1.0214, , 
8.18,1.022244, , 
8.22,1.022582, , 
8.25,1.022726, , 
8.29,1.022915, , 
8.33,1.022968, , 
8.36,1.023069, , 
8.4,1.023143, , 
8.44,1.023166, , 
8.47,1.023214, , 
8.51,1.023225, , 
8.55,1.023324, , 
8.58,1.023294, , 
8.62,1.02336, , 
8.66,1.023355, , 
8.69,1.023397, , 
8.73,1.02344, , 
8.77,1.023403, , 
8.8,1.023454, , 
8.84,1.023448, , 
8.88,1.023495, , 
8.91,1.023466, , 
8.95,1.02344, , 
8.99,1.023577, , 
9.02,1.023572, , 
9.06,1.02357, , 
9.1,1.023565, , 
9.13,1.023576, , 
9.17,1.023588, , 
9.21,1.023526, , 
9.24,1.023583, , 
9.28,1.023584, , 
9.32,1.023585, , 
9.35,1.023579, , 
9.39,1.023581, , 
9.43,1.023647, , 
9.46,1.02361, , 
9.5,1.023645, , 
9.54,1.023616, , 
9.57,1.023621, , 
9.61,1.023661, , 
9.65,1.023598, , 
9.68,1.023598, , 
9.72,1.023595, , 
9.76,1.02359, , 
9.79,1.023583, , 
9.83,1.023646, , 
9.87,1.023667, , 
9.9,1.023647, , 
9.94,1.023616, , 
9.98,1.02359, , 
10.01,1.02365, , 
10.05,1.023626, , 
10.09,1.023626, , 
10.12,1.023436, , 
10.16,1.022912, , 
10.2,1.021817, , 
10.23,1.020356, , 
10.27,1.018057, , 
10.31,1.015167, , 
10.34,1.012033, , 
10.38,1.008281, , 
10.42,1.003481, , 
10.45,0.998699, , 
10.49,0.99284, , 
10.53,0.987284, , 
10.56,0.981603, , 
10.6,0.975452, , 
10.64,0.969468, , 
10.67,0.964567, , 
10.71,0.958807, , 
10.75,0.953053, , 
10.78,0.947916, , 
10.82,0.942895, , 
10.86,0.937396, , 
10.89,0.932447, , 
10.93,0.926843, , 
10.97,0.921785, , 
11,0.916621, , 
11.04,0.910827, , 
11.08,0.904848, , 
11.11,0.899827, , 
11.15,0.893585, , 
11.19,0.887128, , 
11.22,0.88115, , 
11.26,0.874976, , 
11.3,0.868083, , 
11.33,0.861743, , 
11.37,0.854513, , 
11.41,0.847955, , 
11.44,0.841285, , 
11.48,0.83389, , 
11.52,0.826429, , 
11.55,0.820254, , 
11.59,0.812717, , 
11.63,0.805017, , 
11.66,0.798129, , 
11.7,0.791164, , 
11.74,0.78354, , 
11.77,0.776573, , 
11.81,0.768836, , 
11.85,0.761853, , 
11.88,0.754751, , 
11.92,0.747005, , 
11.96,0.739293, , 
11.99,0.733037, , 
12.03,0.725339, , 
12.07,0.71762, , 
12.1,0.710635, , 
12.14,0.703578, , 
12.18,0.695947, , 
12.21,0.688986, , 
12.25,0.681304, , 
12.29,0.674379, , 
12.32,0.667386, , 
12.36,0.65979, , 
12.4,0.652127, , 
12.43,0.645888, , 
12.47,0.638201, , 
12.51,0.630626, , 
12.54,0.623819, , 
12.58,0.616936, , 
12.62,0.609453, , 
12.65,0.602578, , 
12.69,0.595124, , 
12.73,0.587696, , 
12.76,0.581615, , 
12.8,0.57433, , 
12.84,0.567049, , 
12.87,0.560518, , 
12.91,0.55396, , 
12.95,0.546855, , 
12.98,0.540471, , 
13.02,0.533483, , 
13.06,0.527249, , 
13.09,0.520966, , 
13.13,0.514169, , 
13.17,0.507428, , 
13.2,0.501947, , 
13.24,0.495373, , 
13.28,0.488757, , 
13.31,0.482831, , 
13.35,0.476889, , 
13.39,0.470468, , 
13.42,0.464616, , 
13.46,0.458252, , 
13.5,0.452576, , 
13.53,0.446866, , 
13.57,0.440722, , 
13.61,0.434634, , 
13.64,0.429692, , 
13.68,0.42371, , 
13.72,0.417761, , 
13.75,0.412553, , 
13.79,0.407296, , 
13.83,0.401715, , 
13.86,0.396647, , 
13.9,0.39115, , 
13.94,0.386265, , 
13.97,0.381425, , 
14.01,0.376194, , 
14.05,0.371033, , 
14.08,0.366865, , 
14.12,0.361872, , 
14.16,0.356838, , 
14.19,0.352363, , 
14.23,0.347876, , 
14.27,0.343081, , 
14.3,0.338641, , 
14.34,0.333847, , 
14.38,0.329549, , 
14.41,0.325284, , 
14.45,0.320692, , 
14.49,0.316118, , 
14.52,0.312476, , 
14.56,0.30801, , 
14.6,0.3036, , 
14.63,0.299675, , 
14.67,0.295883, , 
14.71,0.291836, , 
14.74,0.288122, , 
14.78,0.284151, , 
14.82,0.280583, , 
14.85,0.277123, , 
14.89,0.273434, , 
14.93,0.269723, , 
14.96,0.266778, , 
15,0.263189, , 
15.04,0.259764, , 
15.07,0.256671, , 
15.11,0.253632, , 
15.15,0.250411, , 
15.18,0.247409, , 
15.22,0.244303, , 
15.26,0.241428, , 
15.29,0.238627, , 
15.33,0.235673, , 
15.37,0.232777, , 
15.4,0.230529, , 
15.44,0.227751, , 
15.48,0.225042, , 
15.51,0.222503, , 
15.55,0.220105, , 
15.59,0.217525, , 
15.62,0.215151, , 
15.66,0.212645, , 
15.7,0.210264, , 
15.73,0.208003, , 
15.77,0.205546, , 
15.81,0.203103, , 
15.84,0.201126, , 
15.88,0.198663, , 
15.92,0.196269, , 
15.95,0.194016, , 
15.99,0.191737, , 
16.03,0.189258, , 
16.06,0.187053, , 
16.1,0.184818, , 
16.14,0.182607, , 
16.17,0.180949, , 
16.21,0.17893, , 
16.25,0.177065, , 
16.28,0.17552, , 
16.32,0.174052, , 
16.36,0.172533, , 
16.39,0.171127, , 
16.43,0.169671, , 
16.47,0.168248, , 
16.5,0.166753, , 
16.54,0.165031, , 
16.58,0.163193, , 
16.61,0.161693, , 
16.65,0.159797, , 
16.69,0.157943, , 
16.72,0.156258, , 
16.76,0.154628, , 
16.8,0.153024, , 
16.83,0.151478, , 
16.87,0.149906, , 
16.91,0.148517, , 
16.94,0.14707, , 
16.98,0.145645, , 
17.02,0.144233, , 
17.05,0.143162, , 
17.09,0.141867, , 
17.13,0.140617, , 
17.16,0.139373, , 
17.2,0.138261, , 
17.24,0.137022, , 
17.27,0.135982, , 
17.31,0.134893, , 
17.35,0.133809, , 
17.38,0.132689, , 
17.42,0.131528, , 
17.46,0.130415, , 
17.49,0.129574, , 
17.53,0.128363, , 
17.57,0.127363, , 
17.6,0.126408, , 
17.64,0.125537, , 
17.68,0.124541, , 
17.71,0.12362, , 
17.75,0.122727, , 
17.79,0.121892, , 
17.82,0.121007, , 
17.86,0.120109, , 
17.9,0.119206, , 
17.93,0.118515, , 
17.97,0.117581, , 
18.01,0.116781, , 
18.04,0.11594, , 
18.08,0.115113, , 
18.12,0.114244, , 
18.15,0.11358, , 
18.19,0.112853, , 
18.23,0.112125, , 
18.26,0.111467, , 
18.3,0.11066, , 
18.34,0.109974, , 
18.37,0.109458, , 
18.41,0.108716, , 
18.45,0.108067, , 
18.48,0.107459, , 
18.52,0.106943, , 
18.56,0.106445, , 
18.59,0.106045, , 
18.63,0.105625, , 
18.67,0.10529, , 
18.7,0.105081, , 
18.74,0.104625, , 
18.78,0.10414, , 
18.81,0.103756, , 
18.85,0.103283, , 
18.89,0.102859, , 
18.92,0.102343, , 
18.96,0.101854, , 
19,0.101233, , 
19.03,0.100711, , 
19.07,0.100121, , 
19.11,0.099596, , 
19.14,0.099146, , 
19.18,0.098626, , 
19.22,0.098223, , 
19.25,0.097875, , 
19.29,0.097422, , 
19.33,0.097114, , 
19.36,0.096816, , 
19.4,0.096517, , 
19.44,0.096074, , 
19.47,0.095726, , 
19.51,0.095351, , 
19.55,0.095023, , 
19.58,0.094791, , 
19.62,0.094423, , 
19.66,0.094191, , 
19.69,0.093887, , 
19.73,0.09368, , 
19.77,0.093436, , 
19.8,0.093242, , 
19.84,0.093044, , 
19.88,0.092795, , 
19.91,0.092591, , 
19.95,0.092365, , 
19.99,0.092189, , 
20.02,0.092085, , 
20.06,0.091924, , 
20.1,0.091826, , 
20.13,0.091656, , 
20.17,0.091537, , 
20.21,0.091406, , 
20.24,0.091343, , 
20.28,0.091249, , 
20.32,0.09112, , 
20.35,0.091118, , 
20.39,0.09108, , 
20.43,0.091094, , 
20.46,0.091101, , 
20.5,0.09107, , 
20.54,0.09108, , 
20.57,0.09106, , 
20.61,0.091105, , 
20.65,0.09108, , 
20.68,0.091152, , 
20.72,0.091262, , 
20.76,0.09131, , 
20.79,0.091459, , 
20.83,0.091564, , 
20.87,0.091728, , 
20.9,0.091855, , 
20.94,0.092071, , 
20.98,0.092273, , 
21.01,0.092424, , 
21.05,0.092679, , 
21.09,0.092962, , 
21.12,0.093208, , 
21.16,0.093535, , 
21.2,0.09385, , 
21.23,0.094233, , 
21.27,0.094656, , 
21.31,0.095208, , 
21.34,0.095532, , 
21.38,0.096091, , 
21.42,0.096672, , 
21.45,0.097168, , 
21.49,0.09778, , 
21.53,0.098386, , 
21.56,0.09897, , 
21.6,0.09966, , 
21.64,0.100351, , 
21.67,0.101039, , 
21.71,0.101764, , 
21.75,0.102481, , 
21.78,0.103045, , 
21.82,0.103884, , 
21.86,0.104699, , 
21.89,0.105337, , 
21.93,0.106045, , 
21.97,0.106723, , 
22,0.107386, , 
22.04,0.108174, , 
22.08,0.108858, , 
22.11,0.109445, , 
22.15,0.110118, , 
22.19,0.110779, , 
22.22,0.111225, , 
22.26,0.111884, , 
22.3,0.112428, , 
22.33,0.11286, , 
22.37,0.113395, , 
22.41,0.113872, , 
22.44,0.114278, , 
22.48,0.114616, , 
22.52,0.114909, , 
22.55,0.115201, , 
22.59,0.115475, , 
22.63,0.115724, , 
22.66,0.115841, , 
22.7,0.116088, , 
22.74,0.116208, , 
22.77,0.116299, , 
22.81,0.116434, , 
22.85,0.116498, , 
22.88,0.116569, , 
22.92,0.11649, , 
22.96,0.116402, , 
22.99,0.116339, , 
23.03,0.116241, , 
23.07,0.116146, , 
23.1,0.115973, , 
23.14,0.115873, , 
23.18,0.115682, , 
23.21,0.115559, , 
23.25,0.115349, , 
23.29,0.115142, , 
23.32,0.114958, , 
23.36,0.114667, , 
23.4,0.114473, , 
23.43,0.114188, , 
23.47,0.113885, , 
23.51,0.113598, , 
23.54,0.113302, , 
23.58,0.113017, , 
23.62,0.112571, , 
23.65,0.11228, , 
23.69,0.111793, , 
23.73,0.111445, , 
23.76,0.111116, , 
23.8,0.110674, , 
23.84,0.11032, , 
23.87,0.109975, , 
23.91,0.109617, , 
23.95,0.109136, , 
23.98,0.108733, , 
24.02,0.108327, , 
24.06,0.107809, , 
24.09,0.107443, , 
24.13,0.10701, , 
24.17,0.106667, , 
24.2,0.106263, , 
24.24,0.105747, , 
24.28,0.105504, , 
24.31,0.104947, , 
24.35,0.104479, , 
24.39,0.103957, , 
24.42,0.103498, , 
24.46,0.10311, , 
24.5,0.102613, , 
24.53,0.102216, , 
24.57,0.101678, , 
24.61,0.10131, , 
24.64,0.100913, , 
24.68,0.100351, , 
24.72,0.099923, , 
24.75,0.099556, , 
24.79,0.099074, , 
24.83,0.098541, , 
24.86,0.098107, , 
24.9,0.097668, , 
24.94,0.097121, , 
24.97,0.096758, , 
25.01,0.096234, , 
25.05,0.095774, , 
25.08,0.095336, , 
25.12,0.094913, , 
25.16,0.094517, , 
25.19,0.094141, , 
25.23,0.093779, , 
25.27,0.093272, , 
25.3,0.092818, , 
25.34,0.092434, , 
25.38,0.091969, , 
25.41,0.091627, , 
25.45,0.091212, , 
25.49,0.09088, , 
25.52,0.090484, , 
25.56,0.090116, , 
25.6,0.089735, , 
25.63,0.089361, , 
25.67,0.088996, , 
25.71,0.088538, , 
25.74,0.08826, , 
25.78,0.087968, , 
25.82,0.087618, , 
25.85,0.087326, , 
25.89,0.08694, , 
25.93,0.086584, , 
25.96,0.086162, , 
26,0.085856, , 
26.04,0.085543, , 
26.07,0.085231, , 
26.11,0.084924, , 
26.15,0.084559, , 
26.18,0.084338, , 
26.22,0.084027, , 
26.26,0.0837, , 
26.29,0.083456, , 
26.33,0.083116, , 
26.37,0.082887, , 
26.4,0.082611, , 
26.44,0.082374, , 
26.48,0.082067, , 
26.51,0.081845, , 
26.55,0.081637, , 
26.59,0.081361, , 
26.62,0.081172, , 
26.66,0.080922, , 
26.7,0.080729, , 
26.73,0.080484, , 
26.77,0.080254, , 
26.81,0.080066, , 
26.84,0.079841, , 
26.88,0.079644, , 
26.92,0.079331, , 
26.95,0.079147, , 
26.99,0.079008, , 
27.03,0.078755, , 
27.06,0.078598, , 
27.1,0.078369, , 
27.14,0.07829, , 
27.17,0.078122, , 
27.21,0.077911, , 
27.25,0.077751, , 
27.28,0.077598, , 
27.32,0.07745, , 
27.36,0.077233, , 
27.39,0.077129, , 
27.43,0.077012, , 
27.47,0.076849, , 
27.5,0.076737, , 
27.54,0.07657, , 
27.58,0.076499, , 
27.61,0.076365, , 
27.65,0.07632, , 
27.69,0.07628, , 
27.72,0.076158, , 
27.76,0.076119, , 
27.8,0.075989, , 
27.83,0.075897, , 
27.87,0.075839, , 
27.91,0.075805, , 
27.94,0.075823, , 
27.98,0.075787, , 
28.02,0.075814, , 
28.05,0.075798, , 
28.09,0.075793, , 
28.13,0.075807, , 
28.16,0.075772, , 
28.2,0.075832, , 
28.24,0.075854, , 
28.27,0.075981, , 
28.31,0.07603, , 
28.35,0.076128, , 
28.38,0.076244, , 
28.42,0.07628, , 
28.46,0.076455, , 
28.49,0.076599, , 
28.53,0.076801, , 
28.57,0.076976, , 
28.6,0.077131, , 
28.64,0.077422, , 
28.68,0.07762, , 
28.71,0.077932, , 
28.75,0.078203, , 
28.79,0.078472, , 
28.82,0.078755, , 
28.86,0.079074, , 
28.9,0.079459, , 
28.93,0.079782, , 
28.97,0.080221, , 
29.01,0.080614, , 
29.04,0.080943, , 
29.08,0.081428, , 
29.12,0.081872, , 
29.15,0.08236, , 
29.19,0.082816, , 
29.23,0.083331, , 
29.26,0.083829, , 
29.3,0.084382, , 
29.34,0.084902, , 
29.37,0.085451, , 
29.41,0.086029, , 
29.45,0.086569, , 
29.48,0.087085, , 
29.52,0.087696, , 
29.56,0.08826, , 
29.59,0.088855, , 
29.63,0.089395, , 
29.67,0.09005, , 
29.7,0.090614, , 
29.74,0.091228, , 
29.78,0.091766, , 
29.81,0.092313, , 
29.85,0.092977, , 
29.89,0.0935, , 
29.92,0.094031, , 
29.96,0.09466, , 
30,0.095217, , 
30.03,0.095826, , 
30.07,0.096402, , 
30.11,0.096961, , 
30.14,0.097505, , 
30.18,0.098064, , 
30.22,0.098652, , 
30.25,0.099068, , 
30.29,0.099686, , 
30.33,0.100193, , 
30.36,0.100667, , 
30.4,0.101098, , 
30.44,0.101626, , 
30.47,0.102058, , 
30.51,0.102452, , 
30.55,0.102844, , 
30.58,0.1032, , 
30.62,0.103636, , 
30.66,0.104023, , 
30.69,0.104295, , 
30.73,0.104684, , 
30.77,0.10495, , 
30.8,0.105283, , 
30.84,0.105616, , 
30.88,0.105886, , 
30.91,0.106141, , 
30.95,0.106408, , 
30.99,0.106703, , 
31.02,0.106864, , 
31.06,0.107097, , 
31.1,0.107315, , 
31.13,0.107447, , 
31.17,0.107687, , 
31.21,0.10779, , 
31.24,0.107939, , 
31.28,0.108033, , 
31.32,0.108169, , 
31.35,0.108284, , 
31.39,0.108412, , 
31.43,0.108513, , 
31.46,0.108496, , 
31.5,0.108595, , 
31.54,0.108701, , 
31.57,0.108747, , 
31.61,0.10883, , 
31.65,0.108768, , 
31.68,0.108799, , 
31.72,0.108803, , 
31.76,0.108826, , 
31.79,0.10882, , 
31.83,0.10881, , 
31.87,0.10884, , 
31.9,0.108794, , 
31.94,0.108847, , 
31.98,0.108798, , 
32.01,0.108796, , 
32.05,0.108827, , 
32.09,0.108812, , 
32.12,0.108855, , 
32.16,0.108791, , 
32.2,0.108767, , 
32.23,0.108795, , 
32.27,0.108777, , 
32.31,0.10883, , 
32.34,0.108785, , 
32.38,0.108799, , 
32.42,0.10877, , 
32.45,0.108786, , 
32.49,0.108784, , 
32.53,0.10879, , 
32.56,0.108851, , 
32.6,0.108801, , 
32.64,0.108833, , 
32.67,0.108826, , 
32.71,0.108819, , 
32.75,0.10887, , 
32.78,0.108935, , 
32.82,0.109043, , 
32.86,0.109025, , 
32.89,0.10909, , 
32.93,0.109204, , 
32.97,0.109264, , 
33,0.109388, , 
33.04,0.109457, , 
33.08,0.10962, , 
33.11,0.109741, , 
33.15,0.109957, , 
33.19,0.110141, , 
33.22,0.110317, , 
33.26,0.110558, , 
33.3,0.110754, , 
33.33,0.111017, , 
33.37,0.111308, , 
33.41,0.111683, , 
33.44,0.11209, , 
33.48,0.11242, , 
33.52,0.112838, , 
33.55,0.113223, , 
33.59,0.113745, , 
33.63,0.114179, , 
33.66,0.114707, , 
33.7,0.115371, , 
33.74,0.115966, , 
33.77,0.116617, , 
33.81,0.117395, , 
33.85,0.118307, , 
33.88,0.119288, , 
33.92,0.120403, , 
33.96,0.121462, , 
33.99,0.122583, , 
34.03,0.123986, , 
34.07,0.125386, , 
34.1,0.126918, , 
34.14,0.128897, , 
34.18,0.130903, , 
34.21,0.13291, , 
34.25,0.135173, , 
34.29,0.137833, , 
34.32,0.140292, , 
34.36,0.143488, , 
34.4,0.146559, , 
34.43,0.149712, , 
34.47,0.153879, , 
34.51,0.158094, , 
34.54,0.161577, , 
34.58,0.166608, , 
34.62,0.171757, , 
34.65,0.176794, , 
34.69,0.181906, , 
34.73,0.188371, , 
34.76,0.19424, , 
34.8,0.20108, , 
34.84,0.207337, , 
34.87,0.214326, , 
34.91,0.222046, , 
34.95,0.230052, , 
34.98,0.236528, , 
35.02,0.24549, , 
35.06,0.254341, , 
35.09,0.262561, , 
35.13,0.27045, , 
35.17,0.279953, , 
35.2,0.288294, , 
35.24,0.297559, , 
35.28,0.305895, , 
35.31,0.315224, , 
35.35,0.325028, , 
35.39,0.334098, , 
35.42,0.341964, , 
35.46,0.350981, , 
35.5,0.359744, , 
35.53,0.368359, , 
35.57,0.376685, , 
35.61,0.385673, , 
35.64,0.39429, , 
35.68,0.403343, , 
35.72,0.411053, , 
35.75,0.419579, , 
35.79,0.428758, , 
35.83,0.437589, , 
35.86,0.445408, , 
35.9,0.454337, , 
35.94,0.462811, , 
35.97,0.470822, , 
36.01,0.478202, , 
36.05,0.485673, , 
36.08,0.492461, , 
36.12,0.499288, , 
36.16,0.504866, , 
36.19,0.510621, , 
36.23,0.516333, , 
36.27,0.521535, , 
36.3,0.525902, , 
36.34,0.530551, , 
36.38,0.534748, , 
36.41,0.538478, , 
36.45,0.541866, , 
36.49,0.545269, , 
36.52,0.548333, , 
36.56,0.551387, , 
36.6,0.553755, , 
36.63,0.556127, , 
36.67,0.558406, , 
36.71,0.560355, , 
36.74,0.561877, , 
36.78,0.563399, , 
36.82,0.56481, , 
36.85,0.566009, , 
36.89,0.566986, , 
36.93,0.567821, , 
36.96,0.568382, , 
37,0.568795, , 
37.04,0.568887, , 
37.07,0.568791, , 
37.11,0.568347, , 
37.15,0.567701, , 
37.18,0.566868, , 
37.22,0.565762, , 
37.26,0.564435, , 
37.29,0.562926, , 
37.33,0.561221, , 
37.37,0.559525, , 
37.4,0.557475, , 
37.44,0.555214, , 
37.48,0.553016, , 
37.51,0.550955, , 
37.55,0.54831, , 
37.59,0.545715, , 
37.62,0.543394, , 
37.66,0.540753, , 
37.7,0.537914, , 
37.73,0.535359, , 
37.77,0.53228, , 
37.81,0.529504, , 
37.84,0.526817, , 
37.88,0.523456, , 
37.92,0.520057, , 
37.95,0.517449, , 
37.99,0.513777, , 
38.03,0.510362, , 
38.06,0.507133, , 
38.1,0.503978, , 
38.14,0.500702, , 
38.17,0.496786, , 
38.21,0.493038, , 
38.25,0.489657, , 
38.28,0.485919, , 
38.32,0.481961, , 
38.36,0.47799, , 
38.39,0.47546, , 
38.43,0.470812, , 
38.47,0.466857, , 
38.5,0.463274, , 
38.54,0.459917, , 
38.58,0.456003, , 
38.61,0.452595, , 
38.65,0.449497, , 
38.69,0.445785, , 
38.72,0.442828, , 
38.76,0.439142, , 
38.8,0.43568, , 
38.83,0.432887, , 
38.87,0.42941, , 
38.91,0.426349, , 
38.94,0.423132, , 
38.98,0.420355, , 
39.02,0.417392, , 
39.05,0.414895, , 
39.09,0.411914, , 
39.13,0.409168, , 
39.16,0.406605, , 
39.2,0.403441, , 
39.24,0.400238, , 
39.27,0.397655, , 
39.31,0.393856, , 
39.35,0.390054, , 
39.38,0.386494, , 
39.42,0.3831, , 
39.46,0.379006, , 
39.49,0.37541, , 
39.53,0.37188, , 
39.57,0.368227, , 
39.6,0.365159, , 
39.64,0.36196, , 
39.68,0.358758, , 
39.71,0.356428, , 
39.75,0.353748, , 
39.79,0.350905, , 
39.82,0.348302, , 
39.86,0.345887, , 
39.9,0.342981, , 
39.93,0.340496, , 
39.97,0.337885, , 
40.01,0.3353, , 
40.04,0.332938, , 
40.08,0.330307, , 
40.12,0.327471, , 
40.15,0.32529, , 
40.19,0.322895, , 
40.23,0.320504, , 
40.26,0.318354, , 
40.3,0.316408, , 
40.34,0.314099, , 
40.37,0.312088, , 
40.41,0.310005, , 
40.45,0.308036, , 
40.48,0.306246, , 
40.52,0.304252, , 
40.56,0.302174, , 
40.59,0.300246, , 
40.63,0.29852, , 
40.67,0.296283, , 
40.7,0.294384, , 
40.74,0.292588, , 
40.78,0.290599, , 
40.81,0.28869, , 
40.85,0.286654, , 
40.89,0.284953, , 
40.92,0.282882, , 
40.96,0.280774, , 
41,0.27885, , 
41.03,0.276936, , 
41.07,0.275103, , 
41.11,0.273184, , 
41.14,0.271234, , 
41.18,0.269435, , 
41.22,0.26752, , 
41.25,0.265744, , 
41.29,0.263835, , 
41.33,0.262302, , 
41.36,0.260456, , 
41.4,0.258533, , 
41.44,0.256734, , 
41.47,0.254917, , 
41.51,0.253239, , 
41.55,0.25145, , 
41.58,0.249721, , 
41.62,0.247911, , 
41.66,0.246268, , 
41.69,0.244538, , 
41.73,0.2427, , 
41.77,0.240883, , 
41.8,0.239504, , 
41.84,0.237566, , 
41.88,0.235823, , 
41.91,0.234243, , 
41.95,0.232935, , 
41.99,0.231155, , 
42.02,0.229643, , 
42.06,0.228104, , 
42.1,0.226815, , 
42.13,0.225395, , 
42.17,0.224104, , 
42.21,0.223704, , 
42.24,0.224652, , 
42.28,0.226384, , 
42.32,0.227036, , 
42.35,0.226478, , 
42.39,0.225478, , 
42.43,0.223613, , 
42.46,0.221796, , 
42.5,0.219773, , 
42.54,0.217667, , 
42.57,0.215379, , 
42.61,0.211448, , 
42.65,0.205917, , 
42.68,0.201906, , 
42.72,0.198377, , 
42.76,0.195693, , 
42.79,0.19382, , 
42.83,0.192504, , 
42.87,0.19091, , 
42.9,0.189746, , 
42.94,0.188637, , 
42.98,0.187594, , 
43.01,0.186757, , 
43.05,0.18581, , 
43.09,0.184832, , 
43.12,0.184091, , 
43.16,0.183219, , 
43.2,0.182452, , 
43.23,0.181761, , 
43.27,0.181153, , 
43.31,0.180297, , 
43.34,0.179517, , 
43.38,0.178589, , 
43.42,0.177599, , 
43.45,0.176673, , 
43.49,0.175584, , 
43.53,0.174581, , 
43.56,0.173802, , 
43.6,0.17286, , 
43.64,0.17197, , 
43.67,0.171184, , 
43.71,0.170584, , 
43.75,0.169785, , 
43.78,0.169131, , 
43.82,0.168532, , 
43.86,0.167926, , 
43.89,0.167336, , 
43.93,0.166582, , 
43.97,0.16572, , 
44,0.164889, , 
44.04,0.164091, , 
44.08,0.163142, , 
44.11,0.162236, , 
44.15,0.16143, , 
44.19,0.160573, , 
44.22,0.159754, , 
44.26,0.159031, , 
44.3,0.15841, , 
44.33,0.157738, , 
44.37,0.15699, , 
44.41,0.15636, , 
44.44,0.155752, , 
44.48,0.155193, , 
44.52,0.154684, , 
44.55,0.154115, , 
44.59,0.153591, , 
44.63,0.152989, , 
44.66,0.152332, , 
44.7,0.151685, , 
44.74,0.15111, , 
44.77,0.150459, , 
44.81,0.149741, , 
44.85,0.149152, , 
44.88,0.14845, , 
44.92,0.147783, , 
44.96,0.147121, , 
44.99,0.146421, , 
45.03,0.145782, , 
45.07,0.14519, , 
45.1,0.144517, , 
45.14,0.143844, , 
45.18,0.143143, , 
45.21,0.142695, , 
45.25,0.141927, , 
45.29,0.1413, , 
45.32,0.140721, , 
45.36,0.140219, , 
45.4,0.13958, , 
45.43,0.138999, , 
45.47,0.13846, , 
45.51,0.137982, , 
45.54,0.137412, , 
45.58,0.136859, , 
45.62,0.136271, , 
45.65,0.135921, , 
45.69,0.135316, , 
45.73,0.134846, , 
45.76,0.13436, , 
45.8,0.133954, , 
45.84,0.133445, , 
45.87,0.132958, , 
45.91,0.132544, , 
45.95,0.132081, , 
45.98,0.13173, , 
46.02,0.131286, , 
46.06,0.130727, , 
46.09,0.130374, , 
46.13,0.129959, , 
46.17,0.129538, , 
46.2,0.129145, , 
46.24,0.128799, , 
46.28,0.128292, , 
46.31,0.127793, , 
46.35,0.127416, , 
46.39,0.126995, , 
46.42,0.126646, , 
46.46,0.126234, , 
46.5,0.125675, , 
46.53,0.125311, , 
46.57,0.124877, , 
46.61,0.124435, , 
46.64,0.123951, , 
46.68,0.123541, , 
46.72,0.123057, , 
46.75,0.122628, , 
46.79,0.122293, , 
46.83,0.121833, , 
46.86,0.121407, , 
46.9,0.120936, , 
46.94,0.120474, , 
46.97,0.120183, , 
47.01,0.119772, , 
47.05,0.119352, , 
47.08,0.118941, , 
47.12,0.118546, , 
47.16,0.118039, , 
47.19,0.117568, , 
47.23,0.117188, , 
47.27,0.116729, , 
47.3,0.116291, , 
47.34,0.115812, , 
47.38,0.11522, , 
47.41,0.114869, , 
47.45,0.114379, , 
47.49,0.113838, , 
47.52,0.113421, , 
47.56,0.113048, , 
47.6,0.112518, , 
47.63,0.111999, , 
47.67,0.111543, , 
47.71,0.111024, , 
47.74,0.110554, , 
47.78,0.110093, , 
47.82,0.109569, , 
47.85,0.109171, , 
47.89,0.108691, , 
47.93,0.108156, , 
47.96,0.107659, , 
48,0.107227, , 
48.04,0.106667, , 
48.07,0.106169, , 
48.11,0.105746, , 
48.15,0.105216, , 
48.18,0.104749, , 
48.22,0.104242, , 
48.26,0.103639, , 
48.29,0.10323, , 
48.33,0.102713, , 
48.37,0.102197, , 
48.4,0.101745, , 
48.44,0.1013, , 
48.48,0.100816, , 
48.51,0.100335, , 
48.55,0.09988, , 
48.59,0.099318, , 
48.62,0.098963, , 
48.66,0.098448, , 
48.7,0.097876, , 
48.73,0.097431, , 
48.77,0.096976, , 
48.81,0.096445, , 
48.84,0.095922, , 
48.88,0.095467, , 
48.92,0.095067, , 
48.95,0.094541, , 
48.99,0.094113, , 
49.03,0.093662, , 
49.06,0.093354, , 
49.1,0.092814, , 
49.14,0.092336, , 
49.17,0.091996, , 
49.21,0.091629, , 
49.25,0.091216, , 
49.28,0.090817, , 
49.32,0.090423, , 
49.36,0.090035, , 
49.39,0.089507, , 
49.43,0.089077, , 
49.47,0.088601, , 
49.5,0.088354, , 
49.54,0.08789, , 
49.58,0.087484, , 
49.61,0.087148, , 
49.65,0.086869, , 
49.69,0.086481, , 
49.72,0.086001, , 
49.76,0.085636, , 
49.8,0.085241, , 
49.83,0.084839, , 
49.87,0.084476, , 
49.91,0.084026, , 
49.94,0.083727, , 
49.98,0.083344, , 
50.02,0.082888, , 
50.05,0.082558, , 
50.09,0.08221, , 
50.13,0.081793, , 
50.16,0.081405, , 
50.2,0.081107, , 
50.24,0.080842, , 
50.27,0.0805, , 
50.31,0.080139, , 
50.35,0.079738, , 
50.38,0.079402, , 
50.42,0.078988, , 
50.46,0.078619, , 
50.49,0.078244, , 
50.53,0.077849, , 
50.57,0.077564, , 
50.6,0.077238, , 
50.64,0.07694, , 
50.68,0.076697, , 
50.71,0.076394, , 
50.75,0.07617, , 
50.79,0.075896, , 
50.82,0.075687, , 
50.86,0.075385, , 
50.9,0.075138, , 
50.93,0.074879, , 
50.97,0.074617, , 
51.01,0.074354, , 
51.04,0.074027, , 
51.08,0.073787, , 
51.12,0.073519, , 
51.15,0.073227, , 
51.19,0.072975, , 
51.23,0.07273, , 
51.26,0.072472, , 
51.3,0.072127, , 
51.34,0.071886, , 
51.37,0.071638, , 
51.41,0.071349, , 
51.45,0.071108, , 
51.48,0.070799, , 
51.52,0.070564, , 
51.56,0.07032, , 
51.59,0.070033, , 
51.63,0.069814, , 
51.67,0.069593, , 
51.7,0.069416, , 
51.74,0.069181, , 
51.78,0.069075, , 
51.81,0.068851, , 
51.85,0.068609, , 
51.89,0.068458, , 
51.92,0.06824, , 
51.96,0.068054, , 
52,0.067859, , 
52.03,0.067712, , 
52.07,0.067485, , 
52.11,0.067284, , 
52.14,0.067141, , 
52.18,0.066986, , 
52.22,0.066869, , 
52.25,0.066634, , 
52.29,0.06646, , 
52.33,0.066316, , 
52.36,0.066077, , 
52.4,0.065935, , 
52.44,0.065744, , 
52.47,0.065724, , 
52.51,0.065476, , 
52.55,0.065239, , 
52.58,0.065067, , 
52.62,0.064898, , 
52.66,0.064784, , 
52.69,0.064551, , 
52.73,0.064521, , 
52.77,0.064264, , 
52.8,0.064084, , 
52.84,0.063966, , 
52.88,0.063758, , 
52.91,0.063628, , 
52.95,0.063432, , 
52.99,0.063359, , 
53.02,0.06314, , 
53.06,0.062945, , 
53.1,0.062796, , 
53.13,0.06262, , 
53.17,0.062494, , 
53.21,0.062304, , 
53.24,0.062269, , 
53.28,0.062044, , 
53.32,0.061823, , 
53.35,0.061728, , 
53.39,0.061558, , 
53.43,0.061382, , 
53.46,0.061221, , 
53.5,0.061196, , 
53.54,0.060984, , 
53.57,0.060788, , 
53.61,0.060654, , 
53.65,0.060532, , 
53.68,0.060371, , 
53.72,0.060259, , 
53.76,0.060081, , 
53.79,0.059922, , 
53.83,0.05976, , 
53.87,0.059632, , 
53.9,0.059452, , 
53.94,0.059302, , 
53.98,0.059186, , 
54.01,0.059022, , 
54.05,0.058929, , 
54.09,0.058806, , 
54.12,0.058676, , 
54.16,0.058573, , 
54.2,0.058442, , 
54.23,0.058334, , 
54.27,0.058117, , 
54.31,0.058037, , 
54.34,0.057908, , 
54.38,0.057773, , 
54.42,0.057674, , 
54.45,0.057552, , 
54.49,0.057497, , 
54.53,0.057365, , 
54.56,0.057227, , 
54.6,0.057098, , 
54.64,0.056977, , 
54.67,0.056903, , 
54.71,0.056748, , 
54.75,0.05668, , 
54.78,0.056528, , 
54.82,0.056425, , 
54.86,0.056373, , 
54.89,0.056218, , 
54.93,0.056137, , 
54.97,0.056024, , 
55,0.055916, , 
55.04,0.055775, , 
55.08,0.055649, , 
55.11,0.05553, , 
55.15,0.055364, , 
55.19,0.055327, , 
55.22,0.055181, , 
55.26,0.055085, , 
55.3,0.054954, , 
55.33,0.054817, , 
55.37,0.054768, , 
55.41,0.054657, , 
55.44,0.054542, , 
55.48,0.054382, , 
55.52,0.054259, , 
55.55,0.054152, , 
55.59,0.054039, , 
55.63,0.053976, , 
55.66,0.053819, , 
55.7,0.053705, , 
55.74,0.053595, , 
55.77,0.053433, , 
55.81,0.053343, , 
55.85,0.053164, , 
55.88,0.053095, , 
55.92,0.052915, , 
55.96,0.052839, , 
55.99,0.052736, , 
56.03,0.052604, , 
56.07,0.052519, , 
56.1,0.052357, , 
56.14,0.052257, , 
56.18,0.052159, , 
56.21,0.052051, , 
56.25,0.051927, , 
56.29,0.05179, , 
56.32,0.051726, , 
56.36,0.051548, , 
56.4,0.051438, , 
56.43,0.051323, , 
56.47,0.051251, , 
56.51,0.05115, , 
56.54,0.051049, , 
56.58,0.050969, , 
56.62,0.050852, , 
56.65,0.050779, , 
56.69,0.050689, , 
56.73,0.050583, , 
56.76,0.050526, , 
56.8,0.050375, , 
56.84,0.050354, , 
56.87,0.050268, , 
56.91,0.050189, , 
56.95,0.050111, , 
56.98,0.049975, , 
57.02,0.049898, , 
57.06,0.0498, , 
57.09,0.049688, , 
57.13,0.049604, , 
57.17,0.049538, , 
57.2,0.049497, , 
57.24,0.049343, , 
57.28,0.049323, , 
57.31,0.049199, , 
57.35,0.049118, , 
57.39,0.049087, , 
57.42,0.049021, , 
57.46,0.048939, , 
57.5,0.048827, , 
57.53,0.048797, , 
57.57,0.04868, , 
57.61,0.048636, , 
57.64,0.048622, , 
57.68,0.048555, , 
57.72,0.048504, , 
57.75,0.048387, , 
57.79,0.048352, , 
57.83,0.048245, , 
57.86,0.048138, , 
57.9,0.048109, , 
57.94,0.048017, , 
57.97,0.04798, , 
58.01,0.047884, , 
58.05,0.047813, , 
58.08,0.047802, , 
58.12,0.047699, , 
58.16,0.047645, , 
58.19,0.047557, , 
58.23,0.047535, , 
58.27,0.047451, , 
58.3,0.04736, , 
58.34,0.04733, , 
58.38,0.047214, , 
58.41,0.047158, , 
58.45,0.047046, , 
58.49,0.047059, , 
58.52,0.047018, , 
58.56,0.046861, , 
58.6,0.046827, , 
58.63,0.046775, , 
58.67,0.046792, , 
58.71,0.046721, , 
58.74,0.046634, , 
58.78,0.04659, , 
58.82,0.046534, , 
58.85,0.046542, , 
58.89,0.046426, , 
58.93,0.046352, , 
58.96,0.046314, , 
59,0.046286, , 
59.04,0.046306, , 
59.07,0.046212, , 
59.11,0.046144, , 
59.15,0.046065, , 
59.18,0.046053, , 
59.22,0.046052, , 
59.26,0.045984, , 
59.29,0.045933, , 
59.33,0.045815, , 
59.37,0.045823, , 
59.4,0.045808, , 
59.44,0.045798, , 
59.48,0.045726, , 
59.51,0.045581, , 
59.55,0.045581, , 
59.59,0.045553, , 
59.62,0.04553, , 
59.66,0.045452, , 
59.7,0.045343, , 
59.73,0.045336, , 
59.77,0.045296, , 
59.81,0.045264, , 
59.84,0.045128, , 
59.88,0.045089, , 
59.92,0.045069, , 
59.95,0.045027, , 
59.99,0.045057, , 
60.03,0.044952, , 
60.06,0.044882, , 
60.1,0.044821, , 
60.14,0.044812, , 
60.17,0.044854, , 
60.21,0.044813, , 
60.25,0.044845, , 
60.28,0.044781, , 
60.32,0.044769, , 
60.36,0.044691, , 
60.39,0.044585, , 
60.43,0.044576, , 
60.47,0.04455, , 
60.5,0.044568, , 
60.54,0.044549, , 
60.58,0.044566, , 
60.61,0.044566, , 
60.65,0.044432, , 
60.69,0.044384, , 
60.72,0.044296, , 
60.76,0.044321, , 
60.8,0.044319, , 
60.83,0.044302, , 
60.87,0.044303, , 
60.91,0.04428, , 
60.94,0.044335, , 
60.98,0.044313, , 
61.02,0.04425, , 
61.05,0.044165, , 
61.09,0.044099, , 
61.13,0.044082, , 
61.16,0.044025, , 
61.2,0.044039, , 
61.24,0.044038, , 
61.27,0.044011, , 
61.31,0.043984, , 
61.35,0.043853, , 
61.38,0.043841, , 
61.42,0.043793, , 
61.46,0.043807, , 
61.49,0.043781, , 
61.53,0.043745, , 
61.57,0.043781, , 
61.6,0.043729, , 
61.64,0.043754, , 
61.68,0.043725, , 
61.71,0.043768, , 
61.75,0.043775, , 
61.79,0.043739, , 
61.82,0.043739, , 
61.86,0.043623, , 
61.9,0.043584, , 
61.93,0.043546, , 
61.97,0.043548, , 
62.01,0.043542, , 
62.04,0.043506, , 
62.08,0.043528, , 
62.12,0.043519, , 
62.15,0.04355, , 
62.19,0.043531, , 
62.23,0.043437, , 
62.26,0.043367, , 
62.3,0.043305, , 
62.34,0.043325, , 
62.37,0.043269, , 
62.41,0.043301, , 
62.45,0.043274, , 
62.48,0.043273, , 
62.52,0.043308, , 
62.56,0.043264, , 
62.59,0.043311, , 
62.63,0.043254, , 
62.67,0.043202, , 
62.7,0.04314, , 
62.74,0.043072, , 
62.78,0.043094, , 
62.81,0.043025, , 
62.85,0.043042, , 
62.89,0.043045, , 
62.92,0.043035, , 
62.96,0.043057, , 
63,0.043045, , 
63.03,0.043082, , 
63.07,0.043041, , 
63.11,0.043049, , 
63.11,0.043049, , 