Gradient Profiler Text Data File: 8_ragbq99l_leucine_potentiallyundigested.csv,,,
Version: 1.88,,,
Date: 2015-12-19,,,
Time: 18:55:24,,,
,,,
User: Alicia,,,
Experiment name: 20151219_rp_A_prep3,,,
UV Unit: EM-1,,,
Rotor Manufacturer: Beckman,,,
Rotor Model: SW41Ti,,,
Speed: 35000 rpm,,,
Gradient: sucrose 10.0% to 50.0% w/v,,,
Time: 150,,,
w2t:  x 10^0,,,
Sample Volume: 0.3 ml,,,
Number of Tubes: 0,,,
Volume per mm: 0.143 ml/mm,,,
Temperature: 4.0 deg C,,,
,,,
Absorbance Units Full Scale (AUFS): 1.00,,,
Manual-triggered gradient; (with distance; but no event marks),,,
Delay: No Delay,,,
UV Wavelength: 254 nm,,,
Samples / sec: 4 Hz,,,
EM1 Speed: 0.22 mm/sec,,,
Distance: 4.33 mm,,,
Number: 24,,,
Dead Volume: 0.000000 ml; Distance due to Dead Volume: 0.00 mm,,,
Length of Tubing: 0 mm,,,
Total Distance: 103.92 mm,,,
,,,
Data Columns:,,,
Distance, Absorbance,,
0.06,0.728172, , 
0.11,0.728159, , 
0.17,0.728159, , 
0.22,0.728169, , 
0.28,0.728156, , 
0.33,0.728105, , 
0.39,0.72798, , 
0.44,0.727667, , 
0.5,0.72711, , 
0.55,0.726426, , 
0.6,0.727894, , 
0.66,0.730278, , 
0.71,0.726058, , 
0.77,0.711841, , 
0.82,0.686786, , 
0.88,0.654347, , 
0.94,0.621905, , 
0.99,0.579481, , 
1.04,0.537154, , 
1.1,0.50251, , 
1.16,0.473476, , 
1.21,0.459127, , 
1.26,0.448656, , 
1.32,0.442284, , 
1.38,0.437704, , 
1.43,0.431632, , 
1.49,0.422596, , 
1.54,0.409746, , 
1.6,0.39413, , 
1.65,0.380186, , 
1.71,0.364308, , 
1.76,0.346056, , 
1.81,0.330674, , 
1.87,0.314942, , 
1.93,0.300282, , 
1.98,0.287814, , 
2.04,0.275991, , 
2.09,0.266003, , 
2.15,0.256287, , 
2.2,0.247452, , 
2.25,0.239937, , 
2.31,0.233132, , 
2.37,0.226316, , 
2.42,0.221072, , 
2.48,0.215395, , 
2.53,0.210123, , 
2.59,0.205139, , 
2.64,0.200649, , 
2.69,0.196034, , 
2.75,0.191856, , 
2.81,0.187544, , 
2.86,0.183626, , 
2.92,0.179693, , 
2.97,0.176237, , 
3.02,0.172926, , 
3.08,0.169563, , 
3.13,0.166719, , 
3.19,0.163918, , 
3.25,0.161293, , 
3.3,0.158991, , 
3.36,0.156632, , 
3.41,0.154504, , 
3.46,0.152371, , 
3.52,0.150317, , 
3.58,0.148438, , 
3.63,0.146491, , 
3.69,0.144635, , 
3.74,0.142959, , 
3.79,0.141183, , 
3.85,0.13942, , 
3.9,0.13777, , 
3.96,0.136083, , 
4.01,0.134602, , 
4.07,0.133059, , 
4.13,0.131576, , 
4.18,0.130214, , 
4.24,0.128812, , 
4.29,0.127502, , 
4.34,0.126244, , 
4.4,0.124987, , 
4.46,0.123868, , 
4.51,0.122697, , 
4.57,0.121549, , 
4.62,0.120539, , 
4.67,0.119466, , 
4.73,0.118409, , 
4.79,0.117402, , 
4.84,0.116312, , 
4.89,0.115336, , 
4.95,0.114306, , 
5,0.11328, , 
5.06,0.112288, , 
5.12,0.111299, , 
5.17,0.110314, , 
5.22,0.109404, , 
5.28,0.108525, , 
5.34,0.10763, , 
5.39,0.106808, , 
5.45,0.105957, , 
5.5,0.105171, , 
5.55,0.104348, , 
5.61,0.103563, , 
5.67,0.102813, , 
5.72,0.10202, , 
5.78,0.101259, , 
5.83,0.100562, , 
5.88,0.099815, , 
5.94,0.099164, , 
6,0.098457, , 
6.05,0.097764, , 
6.11,0.097163, , 
6.16,0.096594, , 
6.21,0.09598, , 
6.27,0.095412, , 
6.33,0.094845, , 
6.38,0.094353, , 
6.43,0.093908, , 
6.49,0.093382, , 
6.54,0.092906, , 
6.6,0.092457, , 
6.66,0.092019, , 
6.71,0.091592, , 
6.76,0.091139, , 
6.82,0.090747, , 
6.88,0.090326, , 
6.93,0.089914, , 
6.99,0.089548, , 
7.04,0.089181, , 
7.09,0.088848, , 
7.15,0.088506, , 
7.21,0.088192, , 
7.26,0.087923, , 
7.32,0.087639, , 
7.37,0.087332, , 
7.42,0.08707, , 
7.48,0.086841, , 
7.54,0.086632, , 
7.59,0.086459, , 
7.64,0.086281, , 
7.7,0.086077, , 
7.75,0.085986, , 
7.81,0.085881, , 
7.87,0.085857, , 
7.92,0.085854, , 
7.97,0.08583, , 
8.03,0.085836, , 
8.09,0.085972, , 
8.14,0.086256, , 
8.2,0.086497, , 
8.25,0.086761, , 
8.3,0.0872, , 
8.36,0.087787, , 
8.41,0.088514, , 
8.47,0.08943, , 
8.53,0.090446, , 
8.58,0.091602, , 
8.63,0.093061, , 
8.69,0.094779, , 
8.74,0.096626, , 
8.8,0.098892, , 
8.86,0.101312, , 
8.91,0.104121, , 
8.96,0.107204, , 
9.02,0.110343, , 
9.07,0.114055, , 
9.13,0.117743, , 
9.19,0.122062, , 
9.24,0.125774, , 
9.29,0.130274, , 
9.35,0.13468, , 
9.4,0.13921, , 
9.46,0.144307, , 
9.52,0.14819, , 
9.57,0.153438, , 
9.63,0.157966, , 
9.68,0.162231, , 
9.73,0.166581, , 
9.79,0.170332, , 
9.85,0.174331, , 
9.9,0.178139, , 
9.96,0.181437, , 
10.01,0.184749, , 
10.07,0.187742, , 
10.12,0.190437, , 
10.18,0.192322, , 
10.23,0.195063, , 
10.29,0.19709, , 
10.34,0.198908, , 
10.4,0.200329, , 
10.45,0.201338, , 
10.51,0.202676, , 
10.56,0.203539, , 
10.62,0.204124, , 
10.67,0.204599, , 
10.73,0.204858, , 
10.78,0.204908, , 
10.84,0.204766, , 
10.89,0.204425, , 
10.95,0.203924, , 
11,0.203292, , 
11.06,0.202432, , 
11.11,0.201472, , 
11.16,0.200419, , 
11.22,0.199081, , 
11.28,0.19769, , 
11.33,0.196052, , 
11.39,0.194336, , 
11.44,0.192739, , 
11.49,0.190751, , 
11.55,0.188618, , 
11.61,0.186668, , 
11.66,0.184329, , 
11.72,0.182136, , 
11.77,0.179643, , 
11.82,0.17726, , 
11.88,0.174815, , 
11.94,0.172435, , 
11.99,0.170014, , 
12.05,0.167488, , 
12.1,0.165093, , 
12.15,0.162643, , 
12.21,0.160313, , 
12.27,0.157651, , 
12.32,0.155252, , 
12.38,0.152918, , 
12.43,0.150511, , 
12.48,0.148297, , 
12.54,0.146041, , 
12.6,0.143973, , 
12.65,0.141804, , 
12.71,0.139785, , 
12.76,0.137647, , 
12.82,0.135728, , 
12.87,0.133835, , 
12.93,0.131999, , 
12.98,0.13006, , 
13.04,0.128269, , 
13.09,0.12647, , 
13.15,0.124642, , 
13.2,0.123115, , 
13.26,0.121422, , 
13.31,0.119834, , 
13.37,0.11824, , 
13.42,0.116818, , 
13.48,0.115248, , 
13.53,0.114017, , 
13.59,0.112531, , 
13.64,0.111334, , 
13.7,0.109986, , 
13.75,0.10856, , 
13.81,0.107309, , 
13.86,0.106144, , 
13.91,0.104846, , 
13.97,0.103812, , 
14.03,0.102631, , 
14.08,0.10153, , 
14.14,0.100359, , 
14.19,0.09934, , 
14.24,0.098279, , 
14.3,0.097199, , 
14.36,0.096261, , 
14.41,0.095301, , 
14.47,0.094397, , 
14.52,0.093484, , 
14.57,0.09261, , 
14.63,0.091779, , 
14.69,0.090924, , 
14.74,0.090097, , 
14.8,0.089357, , 
14.85,0.08861, , 
14.9,0.087916, , 
14.96,0.087274, , 
15.02,0.086704, , 
15.07,0.086118, , 
15.13,0.085536, , 
15.18,0.084955, , 
15.23,0.084394, , 
15.29,0.083911, , 
15.35,0.083489, , 
15.4,0.083034, , 
15.46,0.082711, , 
15.51,0.082397, , 
15.57,0.082156, , 
15.62,0.081948, , 
15.68,0.08184, , 
15.73,0.081824, , 
15.79,0.081821, , 
15.84,0.081857, , 
15.9,0.082003, , 
15.95,0.082238, , 
16,0.082609, , 
16.06,0.083114, , 
16.11,0.083645, , 
16.17,0.084398, , 
16.23,0.085356, , 
16.28,0.086517, , 
16.34,0.087879, , 
16.39,0.089514, , 
16.45,0.091331, , 
16.5,0.093508, , 
16.56,0.095799, , 
16.61,0.098591, , 
16.66,0.101473, , 
16.72,0.104567, , 
16.77,0.108063, , 
16.83,0.111603, , 
16.89,0.115649, , 
16.94,0.119662, , 
17,0.123603, , 
17.05,0.127995, , 
17.11,0.132531, , 
17.16,0.136804, , 
17.22,0.141432, , 
17.27,0.145728, , 
17.32,0.150521, , 
17.38,0.154341, , 
17.43,0.158654, , 
17.49,0.162818, , 
17.55,0.166837, , 
17.6,0.170505, , 
17.66,0.173901, , 
17.71,0.176985, , 
17.77,0.180111, , 
17.82,0.182842, , 
17.88,0.185084, , 
17.93,0.187345, , 
17.98,0.189304, , 
18.04,0.19085, , 
18.09,0.192338, , 
18.15,0.193432, , 
18.2,0.19432, , 
18.26,0.194998, , 
18.32,0.195434, , 
18.37,0.195656, , 
18.43,0.195778, , 
18.48,0.195748, , 
18.54,0.195546, , 
18.59,0.195136, , 
18.65,0.194591, , 
18.7,0.194056, , 
18.75,0.193382, , 
18.81,0.192534, , 
18.86,0.191579, , 
18.92,0.19062, , 
18.98,0.189594, , 
19.03,0.188559, , 
19.09,0.187234, , 
19.14,0.186174, , 
19.2,0.18498, , 
19.25,0.183779, , 
19.31,0.182544, , 
19.36,0.181382, , 
19.41,0.180038, , 
19.47,0.178692, , 
19.52,0.177301, , 
19.58,0.176155, , 
19.64,0.174923, , 
19.69,0.173754, , 
19.75,0.17262, , 
19.8,0.171485, , 
19.86,0.170478, , 
19.91,0.169529, , 
19.97,0.168594, , 
20.02,0.167696, , 
20.07,0.166878, , 
20.13,0.166117, , 
20.18,0.165536, , 
20.24,0.164941, , 
20.3,0.164519, , 
20.35,0.164112, , 
20.41,0.163809, , 
20.46,0.163637, , 
20.52,0.163603, , 
20.57,0.163721, , 
20.63,0.163921, , 
20.68,0.16429, , 
20.73,0.164775, , 
20.79,0.165328, , 
20.84,0.166005, , 
20.9,0.166858, , 
20.96,0.167863, , 
21.01,0.169215, , 
21.07,0.170405, , 
21.12,0.172002, , 
21.18,0.173856, , 
21.23,0.175836, , 
21.29,0.177954, , 
21.34,0.180432, , 
21.4,0.1832, , 
21.45,0.186137, , 
21.5,0.189432, , 
21.56,0.193259, , 
21.61,0.197599, , 
21.67,0.202102, , 
21.73,0.207052, , 
21.78,0.212827, , 
21.84,0.220514, , 
21.89,0.228199, , 
21.95,0.23682, , 
22,0.247473, , 
22.06,0.259523, , 
22.11,0.27341, , 
22.16,0.289974, , 
22.22,0.30681, , 
22.27,0.328376, , 
22.33,0.352648, , 
22.39,0.378591, , 
22.44,0.407899, , 
22.5,0.439832, , 
22.55,0.468901, , 
22.61,0.5017, , 
22.66,0.53184, , 
22.72,0.562102, , 
22.77,0.59373, , 
22.82,0.61856, , 
22.88,0.644011, , 
22.93,0.666207, , 
22.99,0.685456, , 
23.05,0.704641, , 
23.1,0.720644, , 
23.16,0.734049, , 
23.21,0.745785, , 
23.27,0.753812, , 
23.32,0.761259, , 
23.38,0.766003, , 
23.43,0.76922, , 
23.48,0.770766, , 
23.54,0.770555, , 
23.59,0.768987, , 
23.65,0.766227, , 
23.7,0.762676, , 
23.76,0.757556, , 
23.82,0.751051, , 
23.87,0.744083, , 
23.93,0.736426, , 
23.98,0.727326, , 
24.04,0.718523, , 
24.09,0.708662, , 
24.15,0.700455, , 
24.2,0.690847, , 
24.25,0.676392, , 
24.31,0.665183, , 
24.36,0.654189, , 
24.42,0.641115, , 
24.48,0.631263, , 
24.53,0.618447, , 
24.59,0.606605, , 
24.64,0.59359, , 
24.7,0.581791, , 
24.75,0.570453, , 
24.81,0.557561, , 
24.86,0.54494, , 
24.91,0.533989, , 
24.97,0.524479, , 
25.02,0.510809, , 
25.08,0.49933, , 
25.14,0.488446, , 
25.19,0.478302, , 
25.25,0.469316, , 
25.3,0.457423, , 
25.36,0.448444, , 
25.41,0.440431, , 
25.47,0.430433, , 
25.52,0.422568, , 
25.57,0.414774, , 
25.63,0.4076, , 
25.68,0.400256, , 
25.74,0.393373, , 
25.8,0.386696, , 
25.85,0.380234, , 
25.91,0.374877, , 
25.96,0.368569, , 
26.02,0.362887, , 
26.07,0.357808, , 
26.13,0.352967, , 
26.18,0.347778, , 
26.23,0.343505, , 
26.29,0.339111, , 
26.34,0.334797, , 
26.4,0.330582, , 
26.45,0.326558, , 
26.51,0.322607, , 
26.57,0.318694, , 
26.62,0.314866, , 
26.68,0.311022, , 
26.73,0.307211, , 
26.79,0.303432, , 
26.84,0.300167, , 
26.9,0.29637, , 
26.95,0.293127, , 
27,0.289459, , 
27.06,0.28585, , 
27.11,0.282668, , 
27.17,0.279072, , 
27.23,0.275852, , 
27.28,0.273015, , 
27.34,0.269388, , 
27.39,0.26573, , 
27.45,0.2628, , 
27.5,0.259521, , 
27.56,0.256665, , 
27.61,0.253381, , 
27.66,0.250065, , 
27.72,0.247316, , 
27.77,0.244188, , 
27.83,0.241215, , 
27.89,0.238069, , 
27.94,0.235226, , 
28,0.232633, , 
28.05,0.229689, , 
28.11,0.226979, , 
28.16,0.22421, , 
28.22,0.221694, , 
28.27,0.219176, , 
28.32,0.216935, , 
28.38,0.214517, , 
28.43,0.211974, , 
28.49,0.20957, , 
28.55,0.207252, , 
28.6,0.205074, , 
28.66,0.202708, , 
28.71,0.200338, , 
28.77,0.198271, , 
28.82,0.196057, , 
28.88,0.194204, , 
28.93,0.192206, , 
28.98,0.190162, , 
29.04,0.188247, , 
29.09,0.186334, , 
29.15,0.184607, , 
29.2,0.182793, , 
29.26,0.180852, , 
29.32,0.17954, , 
29.37,0.177414, , 
29.43,0.175762, , 
29.48,0.174179, , 
29.54,0.172659, , 
29.59,0.170996, , 
29.65,0.169543, , 
29.7,0.167924, , 
29.75,0.166301, , 
29.81,0.164875, , 
29.86,0.163388, , 
29.92,0.161841, , 
29.98,0.160411, , 
30.03,0.158908, , 
30.09,0.15754, , 
30.14,0.156205, , 
30.2,0.15488, , 
30.25,0.153676, , 
30.31,0.152448, , 
30.36,0.151358, , 
30.41,0.150274, , 
30.47,0.149192, , 
30.52,0.148145, , 
30.58,0.146892, , 
30.64,0.145913, , 
30.69,0.1448, , 
30.75,0.143485, , 
30.8,0.14248, , 
30.86,0.141591, , 
30.91,0.140038, , 
30.97,0.139042, , 
31.02,0.137744, , 
31.07,0.136412, , 
31.13,0.135268, , 
31.18,0.134029, , 
31.24,0.132893, , 
31.3,0.131925, , 
31.35,0.130951, , 
31.41,0.130157, , 
31.46,0.129054, , 
31.52,0.128142, , 
31.57,0.127401, , 
31.63,0.126508, , 
31.68,0.125419, , 
31.73,0.124489, , 
31.79,0.123391, , 
31.84,0.122623, , 
31.9,0.121891, , 
31.95,0.121129, , 
32.01,0.120507, , 
32.06,0.119993, , 
32.12,0.119466, , 
32.17,0.118932, , 
32.23,0.11831, , 
32.28,0.11773, , 
32.34,0.116937, , 
32.4,0.116085, , 
32.45,0.115394, , 
32.51,0.114767, , 
32.56,0.114138, , 
32.62,0.113622, , 
32.67,0.113093, , 
32.73,0.112653, , 
32.78,0.112222, , 
32.84,0.111899, , 
32.89,0.111683, , 
32.95,0.111639, , 
33,0.111599, , 
33.06,0.111678, , 
33.11,0.11183, , 
33.16,0.112045, , 
33.22,0.112317, , 
33.27,0.112587, , 
33.33,0.112876, , 
33.38,0.113219, , 
33.44,0.113567, , 
33.49,0.114026, , 
33.55,0.114739, , 
33.6,0.115508, , 
33.66,0.11625, , 
33.72,0.117043, , 
33.77,0.1178, , 
33.83,0.118663, , 
33.88,0.119354, , 
33.94,0.120052, , 
33.99,0.120656, , 
34.05,0.121149, , 
34.1,0.121544, , 
34.16,0.121899, , 
34.21,0.122292, , 
34.27,0.122591, , 
34.32,0.122829, , 
34.38,0.12298, , 
34.43,0.123084, , 
34.48,0.123199, , 
34.54,0.123299, , 
34.59,0.123301, , 
34.65,0.123311, , 
34.7,0.123248, , 
34.76,0.12311, , 
34.81,0.122999, , 
34.87,0.122803, , 
34.92,0.122564, , 
34.98,0.1223, , 
35.03,0.122015, , 
35.09,0.121724, , 
35.15,0.121477, , 
35.2,0.121043, , 
35.26,0.120652, , 
35.31,0.120217, , 
35.37,0.119793, , 
35.42,0.119355, , 
35.48,0.118802, , 
35.53,0.118295, , 
35.59,0.11786, , 
35.64,0.117338, , 
35.7,0.116793, , 
35.75,0.116188, , 
35.81,0.115703, , 
35.86,0.115233, , 
35.91,0.114684, , 
35.97,0.114134, , 
36.02,0.113593, , 
36.08,0.113003, , 
36.13,0.112429, , 
36.19,0.111853, , 
36.24,0.111278, , 
36.3,0.110728, , 
36.35,0.110157, , 
36.41,0.109543, , 
36.47,0.109011, , 
36.52,0.108415, , 
36.58,0.10789, , 
36.63,0.107328, , 
36.69,0.106792, , 
36.74,0.106355, , 
36.8,0.105722, , 
36.85,0.105054, , 
36.91,0.104561, , 
36.96,0.104086, , 
37.02,0.103537, , 
37.07,0.102938, , 
37.13,0.102401, , 
37.18,0.101929, , 
37.23,0.101491, , 
37.29,0.100983, , 
37.34,0.100496, , 
37.4,0.100044, , 
37.45,0.099552, , 
37.51,0.099141, , 
37.56,0.098557, , 
37.62,0.098209, , 
37.67,0.097619, , 
37.73,0.097049, , 
37.78,0.096669, , 
37.84,0.09623, , 
37.9,0.095657, , 
37.95,0.095306, , 
38.01,0.094807, , 
38.06,0.094463, , 
38.12,0.093988, , 
38.17,0.093562, , 
38.23,0.093179, , 
38.28,0.092789, , 
38.34,0.092345, , 
38.39,0.091974, , 
38.45,0.091515, , 
38.5,0.091154, , 
38.56,0.090759, , 
38.61,0.090449, , 
38.66,0.090104, , 
38.72,0.089736, , 
38.77,0.089471, , 
38.83,0.089131, , 
38.88,0.088758, , 
38.94,0.088482, , 
38.99,0.088165, , 
39.05,0.087873, , 
39.1,0.087613, , 
39.16,0.087311, , 
39.22,0.087074, , 
39.27,0.08687, , 
39.33,0.086612, , 
39.38,0.086364, , 
39.44,0.086199, , 
39.49,0.086001, , 
39.55,0.085892, , 
39.6,0.085802, , 
39.66,0.085792, , 
39.71,0.085819, , 
39.77,0.085887, , 
39.82,0.086011, , 
39.88,0.086283, , 
39.93,0.086638, , 
39.98,0.087056, , 
40.04,0.087666, , 
40.09,0.088516, , 
40.15,0.089367, , 
40.2,0.090543, , 
40.26,0.092053, , 
40.31,0.093523, , 
40.37,0.095223, , 
40.42,0.097291, , 
40.48,0.099437, , 
40.53,0.101892, , 
40.59,0.104421, , 
40.65,0.107156, , 
40.7,0.109938, , 
40.76,0.112587, , 
40.81,0.115637, , 
40.87,0.118377, , 
40.92,0.120908, , 
40.98,0.123924, , 
41.03,0.126607, , 
41.09,0.129079, , 
41.14,0.13133, , 
41.2,0.13338, , 
41.25,0.135541, , 
41.31,0.137144, , 
41.36,0.138774, , 
41.41,0.140123, , 
41.47,0.141201, , 
41.52,0.142255, , 
41.58,0.143042, , 
41.63,0.143436, , 
41.69,0.143731, , 
41.74,0.143828, , 
41.8,0.143736, , 
41.85,0.143463, , 
41.91,0.143152, , 
41.97,0.142696, , 
42.02,0.142017, , 
42.08,0.141411, , 
42.13,0.140605, , 
42.19,0.139765, , 
42.24,0.138879, , 
42.3,0.138029, , 
42.35,0.137082, , 
42.41,0.136195, , 
42.46,0.135039, , 
42.52,0.134132, , 
42.57,0.13306, , 
42.63,0.131867, , 
42.68,0.130927, , 
42.73,0.12979, , 
42.79,0.128736, , 
42.84,0.127743, , 
42.9,0.126526, , 
42.95,0.125434, , 
43.01,0.124469, , 
43.08,0.123384, , 
43.12,0.122542, , 
43.17,0.121435, , 
43.23,0.120471, , 
43.28,0.119466, , 
43.34,0.118533, , 
43.4,0.117671, , 
43.45,0.11661, , 
43.51,0.115561, , 
43.56,0.114762, , 
43.62,0.113731, , 
43.67,0.112812, , 
43.73,0.112109, , 
43.78,0.111223, , 
43.84,0.110371, , 
43.89,0.10962, , 
43.95,0.108716, , 
44,0.108083, , 
44.06,0.107286, , 
44.11,0.106544, , 
44.16,0.105868, , 
44.22,0.105099, , 
44.27,0.104484, , 
44.33,0.103737, , 
44.38,0.10312, , 
44.44,0.102495, , 
44.49,0.101995, , 
44.55,0.101371, , 
44.6,0.100852, , 
44.66,0.100452, , 
44.72,0.100182, , 
44.77,0.099939, , 
44.83,0.099826, , 
44.88,0.099834, , 
44.94,0.099927, , 
44.99,0.100213, , 
45.05,0.1007, , 
45.1,0.101522, , 
45.16,0.102562, , 
45.21,0.10372, , 
45.27,0.105342, , 
45.32,0.107031, , 
45.38,0.109135, , 
45.43,0.111358, , 
45.48,0.113708, , 
45.54,0.116062, , 
45.59,0.118875, , 
45.65,0.12158, , 
45.7,0.124513, , 
45.76,0.127143, , 
45.81,0.129891, , 
45.87,0.132716, , 
45.92,0.134946, , 
45.98,0.137707, , 
46.04,0.140066, , 
46.09,0.141943, , 
46.15,0.144133, , 
46.2,0.145729, , 
46.26,0.147402, , 
46.31,0.148744, , 
46.37,0.149754, , 
46.42,0.150803, , 
46.48,0.151509, , 
46.53,0.151961, , 
46.59,0.152365, , 
46.65,0.152505, , 
46.7,0.152462, , 
46.75,0.152294, , 
46.81,0.151984, , 
46.86,0.151506, , 
46.91,0.15092, , 
46.97,0.150307, , 
47.02,0.149538, , 
47.08,0.148617, , 
47.13,0.14785, , 
47.19,0.146733, , 
47.24,0.145744, , 
47.3,0.144577, , 
47.35,0.143305, , 
47.41,0.142202, , 
47.47,0.140994, , 
47.52,0.139615, , 
47.58,0.138484, , 
47.63,0.137238, , 
47.69,0.136108, , 
47.74,0.134846, , 
47.8,0.133556, , 
47.85,0.132577, , 
47.91,0.131295, , 
47.96,0.13013, , 
48.02,0.129189, , 
48.07,0.128047, , 
48.13,0.127065, , 
48.18,0.126102, , 
48.23,0.12508, , 
48.29,0.124247, , 
48.34,0.123313, , 
48.4,0.122509, , 
48.45,0.121666, , 
48.51,0.12075, , 
48.56,0.120079, , 
48.62,0.119315, , 
48.67,0.118689, , 
48.73,0.118153, , 
48.78,0.117532, , 
48.84,0.116978, , 
48.9,0.116561, , 
48.95,0.116155, , 
49.01,0.115854, , 
49.06,0.115646, , 
49.12,0.115547, , 
49.17,0.115519, , 
49.23,0.115558, , 
49.28,0.115758, , 
49.34,0.116106, , 
49.39,0.116544, , 
49.45,0.117333, , 
49.5,0.118237, , 
49.56,0.119402, , 
49.61,0.12064, , 
49.66,0.122302, , 
49.72,0.124113, , 
49.77,0.126065, , 
49.83,0.128184, , 
49.88,0.13065, , 
49.94,0.132827, , 
49.99,0.135532, , 
50.05,0.138385, , 
50.1,0.140901, , 
50.16,0.143911, , 
50.22,0.1462, , 
50.27,0.148934, , 
50.33,0.151421, , 
50.38,0.153458, , 
50.44,0.155819, , 
50.49,0.15757, , 
50.55,0.159505, , 
50.6,0.161014, , 
50.66,0.162282, , 
50.71,0.163379, , 
50.77,0.164344, , 
50.82,0.16488, , 
50.88,0.165316, , 
50.93,0.165473, , 
50.98,0.165514, , 
51.04,0.165428, , 
51.09,0.165155, , 
51.15,0.164713, , 
51.2,0.16396, , 
51.26,0.163233, , 
51.31,0.162432, , 
51.37,0.161374, , 
51.42,0.160326, , 
51.48,0.159185, , 
51.53,0.158096, , 
51.59,0.156914, , 
51.65,0.15554, , 
51.7,0.154314, , 
51.76,0.153171, , 
51.81,0.15186, , 
51.87,0.150585, , 
51.92,0.149286, , 
51.98,0.148185, , 
52.03,0.147151, , 
52.09,0.146156, , 
52.14,0.145327, , 
52.2,0.14449, , 
52.25,0.14375, , 
52.31,0.143293, , 
52.36,0.142986, , 
52.41,0.14287, , 
52.47,0.143056, , 
52.52,0.143513, , 
52.58,0.144196, , 
52.63,0.145046, , 
52.69,0.146493, , 
52.74,0.148022, , 
52.8,0.14975, , 
52.85,0.152012, , 
52.91,0.154168, , 
52.97,0.156914, , 
53.02,0.159175, , 
53.08,0.161966, , 
53.13,0.165182, , 
53.19,0.167882, , 
53.24,0.170843, , 
53.3,0.173514, , 
53.35,0.175758, , 
53.41,0.178152, , 
53.46,0.180122, , 
53.52,0.181871, , 
53.57,0.182959, , 
53.63,0.184303, , 
53.68,0.185173, , 
53.73,0.185709, , 
53.79,0.185939, , 
53.84,0.185927, , 
53.9,0.185657, , 
53.95,0.185135, , 
54.01,0.184428, , 
54.06,0.183626, , 
54.12,0.18262, , 
54.17,0.181503, , 
54.23,0.180562, , 
54.28,0.179493, , 
54.34,0.178777, , 
54.4,0.177777, , 
54.45,0.177128, , 
54.51,0.176773, , 
54.56,0.176625, , 
54.62,0.176753, , 
54.67,0.17718, , 
54.73,0.177881, , 
54.78,0.178952, , 
54.84,0.180083, , 
54.89,0.181416, , 
54.95,0.183446, , 
55,0.185269, , 
55.06,0.187593, , 
55.11,0.189644, , 
55.16,0.19157, , 
55.22,0.194089, , 
55.27,0.195882, , 
55.33,0.197737, , 
55.38,0.19935, , 
55.44,0.200817, , 
55.49,0.201923, , 
55.55,0.202687, , 
55.6,0.203204, , 
55.66,0.203493, , 
55.72,0.203504, , 
55.77,0.203343, , 
55.83,0.203074, , 
55.88,0.202723, , 
55.94,0.202443, , 
55.99,0.202244, , 
56.05,0.20218, , 
56.1,0.202328, , 
56.16,0.202622, , 
56.21,0.203156, , 
56.27,0.203775, , 
56.32,0.204523, , 
56.38,0.205423, , 
56.43,0.206337, , 
56.48,0.207366, , 
56.54,0.208341, , 
56.59,0.209325, , 
56.65,0.210209, , 
56.71,0.211106, , 
56.76,0.211787, , 
56.81,0.21241, , 
56.87,0.212902, , 
56.92,0.213289, , 
56.98,0.213581, , 
57.03,0.213814, , 
57.09,0.214082, , 
57.15,0.214316, , 
57.2,0.214638, , 
57.26,0.214952, , 
57.31,0.215361, , 
57.37,0.215799, , 
57.42,0.216292, , 
57.48,0.216787, , 
57.53,0.217272, , 
57.59,0.217691, , 
57.64,0.218075, , 
57.7,0.218345, , 
57.75,0.218579, , 
57.81,0.218772, , 
57.86,0.218931, , 
57.91,0.219036, , 
57.97,0.219063, , 
58.02,0.219077, , 
58.08,0.219089, , 
58.13,0.219078, , 
58.19,0.219091, , 
58.24,0.219087, , 
58.3,0.219087, , 
58.35,0.219067, , 
58.41,0.218929, , 
58.47,0.218821, , 
58.52,0.21868, , 
58.58,0.218442, , 
58.63,0.218234, , 
58.69,0.21793, , 
58.74,0.217609, , 
58.8,0.217319, , 
58.85,0.216977, , 
58.91,0.216585, , 
58.96,0.216238, , 
59.02,0.21583, , 
59.07,0.215478, , 
59.13,0.215077, , 
59.18,0.214654, , 
59.23,0.214224, , 
59.29,0.213688, , 
59.34,0.212924, , 
59.4,0.212086, , 
59.45,0.21088, , 
59.51,0.20955, , 
59.56,0.207754, , 
59.62,0.20571, , 
59.67,0.203352, , 
59.73,0.20094, , 
59.78,0.198402, , 
59.84,0.196156, , 
59.9,0.193284, , 
59.95,0.190699, , 
60.01,0.187978, , 
60.06,0.185327, , 
60.12,0.182259, , 
60.17,0.179696, , 
60.23,0.176683, , 
60.28,0.174168, , 
60.34,0.171729, , 
60.39,0.169144, , 
60.45,0.167153, , 
60.5,0.16478, , 
60.56,0.162676, , 
60.61,0.160446, , 
60.66,0.15838, , 
60.72,0.156265, , 
60.77,0.154311, , 
60.83,0.152217, , 
60.88,0.150611, , 
60.94,0.148762, , 
60.99,0.147236, , 
61.05,0.145679, , 
61.1,0.144278, , 
61.16,0.142864, , 
61.22,0.14145, , 
61.27,0.139958, , 
61.33,0.138678, , 
61.38,0.137125, , 
61.44,0.135765, , 
61.49,0.134291, , 
61.55,0.132922, , 
61.6,0.131619, , 
61.66,0.130476, , 
61.71,0.129224, , 
61.77,0.128205, , 
61.82,0.127044, , 
61.88,0.126092, , 
61.93,0.125121, , 
61.98,0.124208, , 
62.04,0.123331, , 
62.09,0.1226, , 
62.15,0.121834, , 
62.2,0.121233, , 
62.26,0.12058, , 
62.31,0.120051, , 
62.37,0.119575, , 
62.42,0.119223, , 
62.48,0.11884, , 
62.53,0.118526, , 
62.59,0.118176, , 
62.65,0.117933, , 
62.7,0.117716, , 
62.76,0.117599, , 
62.81,0.117601, , 
62.87,0.117756, , 
62.92,0.118233, , 
62.92,0.118233, , 
63.09,0.119064, , 