Gradient Profiler Text Data File: 110_andreev2.csv,,,
Version: 1.88,,,
Date: 2016-01-12,,,
Time: 16:29:35,,,
,,,
User: Alicia,,,
Experiment name: 20160112_rnasecheck3,,,
UV Unit: EM-1,,,
Rotor Manufacturer: Beckman,,,
Rotor Model: SW41Ti,,,
Speed: 35000 rpm,,,
Gradient: sucrose 10.0% to 50.0% w/v,,,
Time: 180,,,
w2t:  x 10^0,,,
Sample Volume: 0.12 ml,,,
Number of Tubes: 8,,,
Volume per mm: 0.143 ml/mm,,,
Temperature: 4.0 deg C,,,
,,,
Absorbance Units Full Scale (AUFS): 0.50,,,
Manual-triggered gradient; (with distance; but no event marks),,,
Delay: No Delay,,,
UV Wavelength: 254 nm,,,
Samples / sec: 8 Hz,,,
EM1 Speed: 0.22 mm/sec,,,
Distance: 2.02 mm,,,
Number: 52,,,
Dead Volume: 0.000000 ml; Distance due to Dead Volume: 0.00 mm,,,
Length of Tubing: 0 mm,,,
Total Distance: 105.04 mm,,,
,,,
Data Columns:,,,
Distance, Absorbance,,
0.03,0.030757,,
0.06,0.030749,,
0.08,0.030767, , 
0.11,0.030753, , 
0.14,0.030751, , 
0.17,0.030762, , 
0.19,0.03076, , 
0.22,0.030749, , 
0.25,0.030753, , 
0.28,0.03075, , 
0.3,0.030747, , 
0.33,0.030763, , 
0.36,0.030766, , 
0.39,0.030755, , 
0.41,0.030755, , 
0.44,0.030767, , 
0.47,0.030754, , 
0.5,0.030751, , 
0.52,0.030769, , 
0.55,0.030746, , 
0.58,0.030755, , 
0.6,0.030782, , 
0.63,0.030759, , 
0.66,0.030759, , 
0.69,0.030772, , 
0.71,0.030762, , 
0.74,0.030741, , 
0.77,0.03076, , 
0.8,0.030764, , 
0.82,0.030759, , 
0.85,0.030788, , 
0.88,0.030766, , 
0.91,0.030747, , 
0.94,0.030758, , 
0.96,0.030764, , 
0.99,0.030755, , 
1.02,0.03075, , 
1.04,0.03077, , 
1.07,0.03076, , 
1.1,0.030748, , 
1.13,0.03076, , 
1.16,0.030757, , 
1.19,0.030755, , 
1.21,0.030753, , 
1.24,0.030755, , 
1.26,0.03073, , 
1.29,0.030747, , 
1.32,0.030748, , 
1.35,0.030747, , 
1.38,0.030761, , 
1.4,0.030769, , 
1.43,0.030745, , 
1.46,0.030741, , 
1.49,0.030716, , 
1.51,0.030658, , 
1.54,0.030644, , 
1.57,0.030651, , 
1.6,0.030625, , 
1.62,0.03064, , 
1.65,0.030651, , 
1.68,0.030638, , 
1.71,0.030624, , 
1.73,0.030641, , 
1.76,0.030613, , 
1.79,0.030549, , 
1.81,0.030545, , 
1.84,0.030538, , 
1.87,0.030491, , 
1.9,0.030525, , 
1.93,0.030564, , 
1.95,0.030591, , 
1.98,0.030676, , 
2.01,0.030763, , 
2.04,0.030846, , 
2.06,0.030971, , 
2.09,0.031061, , 
2.12,0.031145, , 
2.15,0.031285, , 
2.17,0.031461, , 
2.2,0.031583, , 
2.23,0.031707, , 
2.25,0.03185, , 
2.28,0.032034, , 
2.31,0.032422, , 
2.34,0.03295, , 
2.37,0.033343, , 
2.39,0.033627, , 
2.42,0.034127, , 
2.45,0.034961, , 
2.48,0.036216, , 
2.5,0.037913, , 
2.53,0.039711, , 
2.56,0.042, , 
2.59,0.044489, , 
2.61,0.047185, , 
2.64,0.050039, , 
2.67,0.052916, , 
2.69,0.055201, , 
2.72,0.057567, , 
2.75,0.059974, , 
2.78,0.062403, , 
2.81,0.064507, , 
2.83,0.065917, , 
2.86,0.066951, , 
2.89,0.067398, , 
2.92,0.067426, , 
2.94,0.067266, , 
2.97,0.066997, , 
3,0.066255, , 
3.02,0.066264, , 
3.05,0.071363, , 
3.08,0.081004, , 
3.11,0.089411, , 
3.13,0.093649, , 
3.16,0.095677, , 
3.19,0.096005, , 
3.22,0.095631, , 
3.25,0.094997, , 
3.27,0.09439, , 
3.3,0.093662, , 
3.33,0.092743, , 
3.36,0.091642, , 
3.38,0.090604, , 
3.41,0.088174, , 
3.44,0.081461, , 
3.46,0.069411, , 
3.49,0.058441, , 
3.52,0.051249, , 
3.55,0.047101, , 
3.58,0.044863, , 
3.6,0.043083, , 
3.63,0.04177, , 
3.66,0.040657, , 
3.69,0.039623, , 
3.71,0.038831, , 
3.74,0.038104, , 
3.77,0.037535, , 
3.79,0.037102, , 
3.82,0.036837, , 
3.85,0.036679, , 
3.88,0.036577, , 
3.9,0.036562, , 
3.93,0.036578, , 
3.96,0.036606, , 
3.99,0.036693, , 
4.01,0.036753, , 
4.04,0.03682, , 
4.07,0.036929, , 
4.1,0.037024, , 
4.13,0.037071, , 
4.16,0.037159, , 
4.18,0.037225, , 
4.21,0.03724, , 
4.24,0.037305, , 
4.26,0.037387, , 
4.29,0.037445, , 
4.32,0.037471, , 
4.34,0.037521, , 
4.37,0.037562, , 
4.4,0.03759, , 
4.43,0.037652, , 
4.46,0.037688, , 
4.48,0.037715, , 
4.51,0.037753, , 
4.54,0.03778, , 
4.57,0.037795, , 
4.6,0.037844, , 
4.62,0.037885, , 
4.65,0.037872, , 
4.67,0.037881, , 
4.7,0.037917, , 
4.73,0.037946, , 
4.76,0.037928, , 
4.79,0.037862, , 
4.81,0.037733, , 
4.84,0.037607, , 
4.87,0.037512, , 
4.9,0.037397, , 
4.92,0.037284, , 
4.95,0.037196, , 
4.98,0.037078, , 
5,0.036966, , 
5.03,0.036911, , 
5.06,0.036852, , 
5.09,0.036757, , 
5.12,0.036716, , 
5.14,0.036697, , 
5.17,0.036711, , 
5.2,0.036786, , 
5.22,0.036982, , 
5.25,0.039063, , 
5.28,0.047268, , 
5.31,0.059141, , 
5.34,0.068443, , 
5.36,0.073487, , 
5.39,0.076867, , 
5.42,0.078884, , 
5.45,0.080323, , 
5.47,0.081591, , 
5.5,0.082601, , 
5.53,0.083766, , 
5.55,0.085042, , 
5.58,0.086313, , 
5.61,0.08728, , 
5.64,0.086632, , 
5.67,0.08448, , 
5.69,0.08481, , 
5.72,0.088494, , 
5.75,0.091857, , 
5.78,0.093733, , 
5.8,0.09457, , 
5.83,0.095038, , 
5.86,0.095216, , 
5.88,0.095291, , 
5.91,0.095308, , 
5.94,0.095216, , 
5.97,0.095116, , 
6,0.095147, , 
6.02,0.094626, , 
6.05,0.089698, , 
6.08,0.078262, , 
6.11,0.067888, , 
6.13,0.060339, , 
6.16,0.059332, , 
6.19,0.068199, , 
6.21,0.087629, , 
6.24,0.109447, , 
6.27,0.135106, , 
6.3,0.159861, , 
6.33,0.18363, , 
6.35,0.207048, , 
6.38,0.227395, , 
6.41,0.250725, , 
6.43,0.273967, , 
6.46,0.297132, , 
6.49,0.320382, , 
6.52,0.34346, , 
6.54,0.361625, , 
6.57,0.376031, , 
6.6,0.381216, , 
6.63,0.380498, , 
6.66,0.378705, , 
6.68,0.377958, , 
6.71,0.377984, , 
6.74,0.378516, , 
6.76,0.379247, , 
6.79,0.380055, , 
6.82,0.380901, , 
6.85,0.381687, , 
6.88,0.382584, , 
6.9,0.3834, , 
6.93,0.384181, , 
6.96,0.384963, , 
6.99,0.385575, , 
7.01,0.386188, , 
7.04,0.386774, , 
7.07,0.387309, , 
7.09,0.387805, , 
7.12,0.38825, , 
7.15,0.388745, , 
7.18,0.389162, , 
7.21,0.389566, , 
7.23,0.389884, , 
7.26,0.39013, , 
7.29,0.390338, , 
7.32,0.390548, , 
7.34,0.390734, , 
7.37,0.39093, , 
7.4,0.391088, , 
7.42,0.391191, , 
7.45,0.391294, , 
7.48,0.391351, , 
7.51,0.3913, , 
7.54,0.391192, , 
7.57,0.39114, , 
7.59,0.391105, , 
7.62,0.391098, , 
7.64,0.391162, , 
7.67,0.391159, , 
7.7,0.391108, , 
7.73,0.391098, , 
7.75,0.391061, , 
7.78,0.390981, , 
7.81,0.390872, , 
7.84,0.39075, , 
7.87,0.390669, , 
7.89,0.390649, , 
7.92,0.39064, , 
7.95,0.390544, , 
7.97,0.390371, , 
8.01,0.39012, , 
8.03,0.389831, , 
8.06,0.389466, , 
8.09,0.38915, , 
8.11,0.388793, , 
8.14,0.388464, , 
8.17,0.388238, , 
8.2,0.388012, , 
8.22,0.387812, , 
8.25,0.387621, , 
8.28,0.387393, , 
8.31,0.387133, , 
8.33,0.386941, , 
8.36,0.386689, , 
8.39,0.38638, , 
8.41,0.386146, , 
8.44,0.385941, , 
8.47,0.385744, , 
8.5,0.385487, , 
8.53,0.385165, , 
8.55,0.384747, , 
8.58,0.384299, , 
8.61,0.383855, , 
8.63,0.383262, , 
8.66,0.38265, , 
8.69,0.382026, , 
8.72,0.381362, , 
8.75,0.380678, , 
8.77,0.380068, , 
8.8,0.379299, , 
8.83,0.378446, , 
8.86,0.377611, , 
8.88,0.376705, , 
8.91,0.375853, , 
8.94,0.374833, , 
8.96,0.373743, , 
8.99,0.372568, , 
9.02,0.37136, , 
9.05,0.370063, , 
9.07,0.368869, , 
9.1,0.3675, , 
9.13,0.36607, , 
9.16,0.36451, , 
9.19,0.362946, , 
9.21,0.361548, , 
9.24,0.359809, , 
9.27,0.358045, , 
9.29,0.356275, , 
9.32,0.354397, , 
9.35,0.352675, , 
9.38,0.350684, , 
9.4,0.348627, , 
9.43,0.346486, , 
9.46,0.344333, , 
9.49,0.342084, , 
9.52,0.340051, , 
9.54,0.337713, , 
9.57,0.335333, , 
9.6,0.333027, , 
9.63,0.330414, , 
9.65,0.328271, , 
9.68,0.32575, , 
9.71,0.323221, , 
9.73,0.320739, , 
9.76,0.318207, , 
9.79,0.315988, , 
9.82,0.313478, , 
9.85,0.31092, , 
9.87,0.308283, , 
9.9,0.30564, , 
9.93,0.302916, , 
9.96,0.300504, , 
9.98,0.29774, , 
10.01,0.294903, , 
10.04,0.291957, , 
10.07,0.289052, , 
10.09,0.28645, , 
10.12,0.283389, , 
10.15,0.280313, , 
10.18,0.277224, , 
10.2,0.274083, , 
10.23,0.27136, , 
10.26,0.268248, , 
10.29,0.265145, , 
10.31,0.262022, , 
10.34,0.258916, , 
10.37,0.25576, , 
10.4,0.253032, , 
10.42,0.24995, , 
10.45,0.246829, , 
10.48,0.243889, , 
10.51,0.240647, , 
10.53,0.237982, , 
10.56,0.234905, , 
10.59,0.231867, , 
10.62,0.228895, , 
10.64,0.225932, , 
10.67,0.223027, , 
10.7,0.220706, , 
10.73,0.217659, , 
10.75,0.214887, , 
10.78,0.212143, , 
10.81,0.209391, , 
10.84,0.207026, , 
10.86,0.204382, , 
10.89,0.201734, , 
10.92,0.19911, , 
10.95,0.196531, , 
10.98,0.193924, , 
11,0.191718, , 
11.03,0.189277, , 
11.06,0.187067, , 
11.08,0.186549, , 
11.11,0.182858, , 
11.14,0.17997, , 
11.16,0.177653, , 
11.19,0.175419, , 
11.22,0.173215, , 
11.25,0.171006, , 
11.28,0.169138, , 
11.3,0.167045, , 
11.33,0.164954, , 
11.36,0.163217, , 
11.39,0.161038, , 
11.42,0.159105, , 
11.44,0.157425, , 
11.47,0.155554, , 
11.49,0.15367, , 
11.52,0.151818, , 
11.55,0.15007, , 
11.58,0.148647, , 
11.61,0.148285, , 
11.63,0.145475, , 
11.66,0.143436, , 
11.69,0.141776, , 
11.72,0.140375, , 
11.74,0.138796, , 
11.77,0.137328, , 
11.8,0.13572, , 
11.82,0.134214, , 
11.86,0.133905, , 
11.88,0.132322, , 
11.91,0.130092, , 
11.94,0.128678, , 
11.96,0.127321, , 
11.99,0.126007, , 
12.02,0.124862, , 
12.05,0.123581, , 
12.07,0.122376, , 
12.1,0.121154, , 
12.13,0.120345, , 
12.15,0.118974, , 
12.18,0.117765, , 
12.21,0.116604, , 
12.24,0.115501, , 
12.27,0.114376, , 
12.29,0.113265, , 
12.32,0.112336, , 
12.35,0.111302, , 
12.38,0.110315, , 
12.4,0.109262, , 
12.43,0.108282, , 
12.46,0.10741, , 
12.48,0.106516, , 
12.51,0.105558, , 
12.54,0.104608, , 
12.57,0.103698, , 
12.6,0.102839, , 
12.62,0.102087, , 
12.65,0.10121, , 
12.68,0.100386, , 
12.71,0.099595, , 
12.73,0.098732, , 
12.76,0.098076, , 
12.79,0.097286, , 
12.82,0.096527, , 
12.84,0.095723, , 
12.87,0.094984, , 
12.9,0.094315, , 
12.93,0.093625, , 
12.95,0.092877, , 
12.98,0.09217, , 
13.01,0.091459, , 
13.04,0.090826, , 
13.06,0.09018, , 
13.09,0.089515, , 
13.12,0.088902, , 
13.15,0.088278, , 
13.17,0.087602, , 
13.2,0.087085, , 
13.23,0.086478, , 
13.26,0.08593, , 
13.28,0.085365, , 
13.31,0.084823, , 
13.34,0.084333, , 
13.37,0.083843, , 
13.39,0.083301, , 
13.42,0.082803, , 
13.45,0.08232, , 
13.48,0.081856, , 
13.5,0.081463, , 
13.53,0.081044, , 
13.56,0.08065, , 
13.59,0.080256, , 
13.61,0.079831, , 
13.64,0.079519, , 
13.67,0.079173, , 
13.7,0.07886, , 
13.72,0.078547, , 
13.75,0.078242, , 
13.78,0.07793, , 
13.81,0.077712, , 
13.83,0.07743, , 
13.86,0.077162, , 
13.89,0.076964, , 
13.91,0.076773, , 
13.94,0.076588, , 
13.97,0.076392, , 
14,0.07623, , 
14.03,0.076078, , 
14.05,0.07598, , 
14.08,0.075893, , 
14.11,0.075764, , 
14.14,0.075659, , 
14.16,0.075592, , 
14.19,0.075492, , 
14.22,0.0754, , 
14.24,0.075366, , 
14.27,0.075298, , 
14.3,0.075236, , 
14.33,0.07523, , 
14.36,0.075205, , 
14.38,0.075181, , 
14.41,0.07519, , 
14.44,0.07517, , 
14.47,0.075114, , 
14.49,0.075113, , 
14.52,0.075096, , 
14.55,0.075064, , 
14.57,0.075063, , 
14.6,0.075067, , 
14.63,0.07502, , 
14.66,0.074978, , 
14.69,0.07497, , 
14.71,0.07494, , 
14.74,0.074905, , 
14.77,0.074895, , 
14.8,0.074848, , 
14.82,0.0748, , 
14.85,0.07477, , 
14.88,0.074716, , 
14.9,0.074642, , 
14.93,0.074579, , 
14.96,0.074513, , 
14.99,0.074433, , 
15.02,0.074362, , 
15.04,0.074296, , 
15.07,0.074168, , 
15.1,0.074034, , 
15.13,0.073929, , 
15.15,0.07377, , 
15.18,0.073607, , 
15.21,0.073488, , 
15.23,0.073333, , 
15.26,0.073189, , 
15.29,0.073065, , 
15.32,0.072891, , 
15.35,0.072697, , 
15.37,0.072499, , 
15.4,0.072263, , 
15.43,0.07206, , 
15.46,0.071854, , 
15.48,0.07165, , 
15.51,0.071411, , 
15.54,0.07121, , 
15.57,0.071023, , 
15.59,0.070762, , 
15.62,0.070484, , 
15.65,0.070255, , 
15.68,0.069988, , 
15.7,0.069739, , 
15.73,0.069507, , 
15.76,0.069233, , 
15.79,0.068964, , 
15.81,0.068745, , 
15.84,0.068448, , 
15.87,0.06818, , 
15.9,0.067893, , 
15.92,0.067618, , 
15.95,0.067303, , 
15.98,0.067025, , 
16,0.06673, , 
16.03,0.066473, , 
16.06,0.066169, , 
16.09,0.06588, , 
16.11,0.06557, , 
16.14,0.065301, , 
16.17,0.065084, , 
16.2,0.06475, , 
16.23,0.064454, , 
16.25,0.064175, , 
16.28,0.063872, , 
16.31,0.063596, , 
16.34,0.063322, , 
16.36,0.06303, , 
16.39,0.062756, , 
16.42,0.062498, , 
16.45,0.062235, , 
16.47,0.061995, , 
16.5,0.061778, , 
16.53,0.061509, , 
16.56,0.061231, , 
16.58,0.060978, , 
16.61,0.060793, , 
16.64,0.060501, , 
16.66,0.060259, , 
16.69,0.060047, , 
16.72,0.059804, , 
16.75,0.0596, , 
16.77,0.059414, , 
16.8,0.059176, , 
16.83,0.058965, , 
16.86,0.058745, , 
16.89,0.058508, , 
16.91,0.058312, , 
16.94,0.058151, , 
16.97,0.057933, , 
17,0.05772, , 
17.02,0.057573, , 
17.05,0.05744, , 
17.08,0.05726, , 
17.11,0.057129, , 
17.13,0.056992, , 
17.16,0.056829, , 
17.19,0.056678, , 
17.22,0.056568, , 
17.24,0.056406, , 
17.27,0.056267, , 
17.3,0.056138, , 
17.32,0.055987, , 
17.35,0.055876, , 
17.38,0.055784, , 
17.41,0.05565, , 
17.43,0.055526, , 
17.46,0.055443, , 
17.49,0.055342, , 
17.52,0.055202, , 
17.55,0.055122, , 
17.57,0.055033, , 
17.6,0.054917, , 
17.63,0.054824, , 
17.66,0.054734, , 
17.68,0.054625, , 
17.71,0.054542, , 
17.74,0.054438, , 
17.77,0.054331, , 
17.79,0.054244, , 
17.82,0.054164, , 
17.85,0.054056, , 
17.88,0.053977, , 
17.9,0.053913, , 
17.93,0.053837, , 
17.96,0.053741, , 
17.98,0.053666, , 
18.01,0.053577, , 
18.04,0.053493, , 
18.07,0.053425, , 
18.09,0.053364, , 
18.12,0.053271, , 
18.15,0.053211, , 
18.18,0.053132, , 
18.2,0.053015, , 
18.23,0.052947, , 
18.26,0.05288, , 
18.29,0.052759, , 
18.32,0.05267, , 
18.34,0.052605, , 
18.37,0.052486, , 
18.4,0.052399, , 
18.43,0.052324, , 
18.45,0.052234, , 
18.48,0.052135, , 
18.51,0.052071, , 
18.54,0.051995, , 
18.56,0.051875, , 
18.59,0.05181, , 
18.62,0.051714, , 
18.65,0.051599, , 
18.67,0.051529, , 
18.7,0.051468, , 
18.73,0.05138, , 
18.75,0.051312, , 
18.78,0.051214, , 
18.81,0.051107, , 
18.84,0.051034, , 
18.86,0.050968, , 
18.89,0.050871, , 
18.92,0.050802, , 
18.95,0.050731, , 
18.98,0.050656, , 
19,0.050546, , 
19.03,0.050489, , 
19.06,0.050409, , 
19.09,0.050317, , 
19.11,0.050255, , 
19.14,0.050189, , 
19.17,0.050084, , 
19.2,0.050039, , 
19.22,0.049972, , 
19.25,0.049857, , 
19.28,0.049788, , 
19.31,0.049741, , 
19.33,0.049671, , 
19.36,0.049604, , 
19.39,0.049553, , 
19.41,0.049458, , 
19.44,0.049383, , 
19.47,0.049337, , 
19.5,0.049247, , 
19.52,0.049195, , 
19.55,0.049166, , 
19.58,0.049117, , 
19.61,0.049066, , 
19.64,0.04902, , 
19.66,0.048965, , 
19.69,0.048891, , 
19.72,0.048865, , 
19.75,0.048839, , 
19.77,0.048786, , 
19.8,0.048753, , 
19.83,0.048697, , 
19.86,0.048672, , 
19.88,0.048667, , 
19.91,0.048678, , 
19.94,0.04862, , 
19.97,0.048579, , 
19.99,0.048576, , 
20.02,0.04855, , 
20.05,0.048539, , 
20.07,0.048552, , 
20.1,0.048524, , 
20.13,0.048512, , 
20.16,0.048548, , 
20.18,0.048552, , 
20.21,0.048534, , 
20.24,0.048541, , 
20.27,0.048547, , 
20.3,0.048553, , 
20.32,0.048599, , 
20.35,0.048638, , 
20.38,0.048639, , 
20.41,0.048667, , 
20.43,0.048724, , 
20.46,0.048751, , 
20.49,0.048797, , 
20.52,0.048862, , 
20.54,0.048885, , 
20.57,0.04893, , 
20.6,0.048998, , 
20.63,0.049022, , 
20.65,0.049062, , 
20.68,0.049154, , 
20.71,0.049214, , 
20.73,0.049279, , 
20.76,0.049362, , 
20.79,0.049453, , 
20.82,0.049485, , 
20.84,0.049571, , 
20.87,0.049654, , 
20.9,0.049708, , 
20.93,0.049788, , 
20.95,0.049904, , 
20.98,0.049976, , 
21.01,0.050062, , 
21.04,0.050155, , 
21.07,0.050212, , 
21.09,0.050286, , 
21.12,0.050388, , 
21.15,0.050461, , 
21.18,0.050543, , 
21.2,0.050636, , 
21.23,0.050699, , 
21.26,0.050766, , 
21.29,0.050865, , 
21.31,0.050935, , 
21.34,0.05098, , 
21.37,0.051054, , 
21.4,0.051142, , 
21.42,0.051197, , 
21.45,0.051253, , 
21.48,0.051313, , 
21.5,0.051353, , 
21.53,0.051401, , 
21.56,0.051471, , 
21.59,0.051485, , 
21.61,0.05151, , 
21.64,0.051547, , 
21.67,0.05156, , 
21.7,0.051581, , 
21.73,0.051632, , 
21.75,0.051644, , 
21.78,0.051636, , 
21.81,0.05166, , 
21.84,0.051678, , 
21.86,0.051636, , 
21.89,0.051611, , 
21.92,0.051572, , 
21.95,0.051536, , 
21.97,0.051533, , 
22,0.051506, , 
22.03,0.051448, , 
22.06,0.051428, , 
22.08,0.051381, , 
22.11,0.051311, , 
22.14,0.051242, , 
22.16,0.051215, , 
22.19,0.051137, , 
22.22,0.051071, , 
22.25,0.051024, , 
22.27,0.05095, , 
22.3,0.050866, , 
22.33,0.050808, , 
22.36,0.050734, , 
22.39,0.05067, , 
22.41,0.05059, , 
22.44,0.050497, , 
22.47,0.050385, , 
22.5,0.050317, , 
22.52,0.050236, , 
22.55,0.050129, , 
22.58,0.050049, , 
22.61,0.049994, , 
22.63,0.049882, , 
22.66,0.049793, , 
22.69,0.049729, , 
22.72,0.049643, , 
22.74,0.049557, , 
22.77,0.049493, , 
22.8,0.049384, , 
22.82,0.049287, , 
22.85,0.04923, , 
22.88,0.049144, , 
22.91,0.049064, , 
22.93,0.049016, , 
22.96,0.048924, , 
22.99,0.048855, , 
23.02,0.04879, , 
23.05,0.048719, , 
23.07,0.048628, , 
23.1,0.048558, , 
23.13,0.048496, , 
23.16,0.048397, , 
23.18,0.048338, , 
23.21,0.048315, , 
23.24,0.04824, , 
23.27,0.048174, , 
23.29,0.04814, , 
23.32,0.048071, , 
23.35,0.048003, , 
23.38,0.047965, , 
23.4,0.047914, , 
23.43,0.047874, , 
23.46,0.047864, , 
23.48,0.047831, , 
23.51,0.047785, , 
23.54,0.04775, , 
23.57,0.047716, , 
23.59,0.047661, , 
23.62,0.047648, , 
23.65,0.047656, , 
23.68,0.047626, , 
23.7,0.047641, , 
23.73,0.047658, , 
23.76,0.047644, , 
23.79,0.047635, , 
23.82,0.04766, , 
23.84,0.047631, , 
23.87,0.047624, , 
23.9,0.04764, , 
23.93,0.047628, , 
23.95,0.047619, , 
23.98,0.047651, , 
24.01,0.04764, , 
24.04,0.047629, , 
24.06,0.04764, , 
24.09,0.047647, , 
24.12,0.04763, , 
24.15,0.047683, , 
24.17,0.047723, , 
24.2,0.04774, , 
24.23,0.04776, , 
24.25,0.047785, , 
24.28,0.047792, , 
24.31,0.047822, , 
24.34,0.047887, , 
24.36,0.047919, , 
24.39,0.047968, , 
24.42,0.048032, , 
24.45,0.048077, , 
24.48,0.048109, , 
24.5,0.048174, , 
24.53,0.04822, , 
24.56,0.048252, , 
24.59,0.048328, , 
24.61,0.04839, , 
24.64,0.048426, , 
24.67,0.04849, , 
24.7,0.048561, , 
24.72,0.048601, , 
24.75,0.048679, , 
24.78,0.048759, , 
24.81,0.048802, , 
24.83,0.048874, , 
24.86,0.048957, , 
24.89,0.049021, , 
24.91,0.049116, , 
24.94,0.049228, , 
24.97,0.0493, , 
25,0.049375, , 
25.02,0.04947, , 
25.05,0.049529, , 
25.08,0.049604, , 
25.11,0.049714, , 
25.14,0.049813, , 
25.16,0.049897, , 
25.19,0.049993, , 
25.22,0.050099, , 
25.25,0.050163, , 
25.27,0.050271, , 
25.3,0.050388, , 
25.33,0.050479, , 
25.36,0.050574, , 
25.38,0.050704, , 
25.41,0.050809, , 
25.44,0.050921, , 
25.47,0.051042, , 
25.49,0.05115, , 
25.52,0.051231, , 
25.55,0.051356, , 
25.57,0.05147, , 
25.6,0.051582, , 
25.63,0.051722, , 
25.66,0.051833, , 
25.68,0.05196, , 
25.71,0.052068, , 
25.74,0.052206, , 
25.77,0.052305, , 
25.8,0.052435, , 
25.82,0.052581, , 
25.85,0.052699, , 
25.88,0.052853, , 
25.91,0.053014, , 
25.93,0.053105, , 
25.96,0.05314, , 
25.99,0.05333, , 
26.02,0.053447, , 
26.04,0.05355, , 
26.07,0.053684, , 
26.1,0.053776, , 
26.13,0.053876, , 
26.15,0.053999, , 
26.18,0.054083, , 
26.22,0.054106, , 
26.23,0.05419, , 
26.26,0.054344, , 
26.29,0.054412, , 
26.32,0.054534, , 
26.34,0.054653, , 
26.37,0.054742, , 
26.4,0.054803, , 
26.43,0.054922, , 
26.45,0.055006, , 
26.48,0.05505, , 
26.51,0.055188, , 
26.54,0.055243, , 
26.57,0.055311, , 
26.59,0.055399, , 
26.62,0.055465, , 
26.65,0.055576, , 
26.68,0.055673, , 
26.7,0.055732, , 
26.73,0.05575, , 
26.76,0.055827, , 
26.79,0.055911, , 
26.81,0.055938, , 
26.84,0.055997, , 
26.87,0.05606, , 
26.9,0.056095, , 
26.92,0.056154, , 
26.95,0.056228, , 
26.98,0.05625, , 
27,0.056287, , 
27.03,0.056365, , 
27.06,0.05638, , 
27.09,0.056394, , 
27.11,0.056465, , 
27.14,0.056493, , 
27.17,0.056499, , 
27.2,0.056527, , 
27.23,0.05653, , 
27.25,0.056564, , 
27.28,0.056622, , 
27.31,0.056655, , 
27.34,0.056647, , 
27.36,0.056652, , 
27.39,0.05666, , 
27.42,0.056653, , 
27.45,0.056656, , 
27.47,0.056719, , 
27.5,0.056743, , 
27.53,0.056759, , 
27.56,0.056788, , 
27.58,0.05678, , 
27.61,0.056758, , 
27.64,0.05678, , 
27.66,0.056791, , 
27.69,0.05676, , 
27.72,0.056779, , 
27.75,0.056778, , 
27.77,0.056775, , 
27.8,0.056781, , 
27.83,0.056781, , 
27.86,0.056767, , 
27.89,0.056784, , 
27.91,0.056809, , 
27.94,0.056774, , 
27.97,0.056763, , 
28,0.056793, , 
28.02,0.05677, , 
28.05,0.056758, , 
28.08,0.056776, , 
28.11,0.056767, , 
28.13,0.056735, , 
28.16,0.056721, , 
28.19,0.056682, , 
28.22,0.056636, , 
28.24,0.056654, , 
28.27,0.056655, , 
28.3,0.056649, , 
28.32,0.056655, , 
28.35,0.056667, , 
28.38,0.056646, , 
28.41,0.056651, , 
28.43,0.056669, , 
28.46,0.056654, , 
28.49,0.056643, , 
28.52,0.056661, , 
28.55,0.056643, , 
28.57,0.056645, , 
28.6,0.056667, , 
28.63,0.056658, , 
28.66,0.056645, , 
28.68,0.056651, , 
28.71,0.056617, , 
28.74,0.056562, , 
28.77,0.056558, , 
28.79,0.056548, , 
28.82,0.056523, , 
28.85,0.056529, , 
28.88,0.056542, , 
28.91,0.056519, , 
28.93,0.056517, , 
28.96,0.056496, , 
28.98,0.056441, , 
29.01,0.056413, , 
29.04,0.056419, , 
29.07,0.056402, , 
29.09,0.056398, , 
29.12,0.056402, , 
29.15,0.056353, , 
29.18,0.056308, , 
29.2,0.056308, , 
29.23,0.056289, , 
29.26,0.05626, , 
29.29,0.056275, , 
29.32,0.056279, , 
29.35,0.056262, , 
29.37,0.056277, , 
29.4,0.056291, , 
29.43,0.056277, , 
29.45,0.056261, , 
29.48,0.056243, , 
29.51,0.056195, , 
29.54,0.056165, , 
29.56,0.056159, , 
29.59,0.056147, , 
29.62,0.056142, , 
29.65,0.056165, , 
29.67,0.056156, , 
29.7,0.056133, , 
29.73,0.056152, , 
29.75,0.056152, , 
29.78,0.056147, , 
29.81,0.056165, , 
29.84,0.056158, , 
29.86,0.056126, , 
29.89,0.056143, , 
29.92,0.05616, , 
29.95,0.056145, , 
29.98,0.056148, , 
30,0.056158, , 
30.03,0.056106, , 
30.06,0.056074, , 
30.09,0.056066, , 
30.11,0.056038, , 
30.14,0.056012, , 
30.17,0.056012, , 
30.2,0.055962, , 
30.22,0.055926, , 
30.25,0.055931, , 
30.28,0.055913, , 
30.31,0.055892, , 
30.33,0.055864, , 
30.36,0.055812, , 
30.39,0.055775, , 
30.41,0.055743, , 
30.44,0.055724, , 
30.47,0.055679, , 
30.5,0.055676, , 
30.53,0.055669, , 
30.55,0.055619, , 
30.58,0.055576, , 
30.61,0.055564, , 
30.64,0.055511, , 
30.66,0.055462, , 
30.69,0.055452, , 
30.72,0.055423, , 
30.75,0.055385, , 
30.77,0.055387, , 
30.8,0.055338, , 
30.83,0.055281, , 
30.86,0.055252, , 
30.88,0.055208, , 
30.91,0.055124, , 
30.94,0.055081, , 
30.97,0.055056, , 
30.99,0.054987, , 
31.02,0.05496, , 
31.05,0.054935, , 
31.07,0.054843, , 
31.1,0.054789, , 
31.13,0.054749, , 
31.16,0.054691, , 
31.18,0.054617, , 
31.21,0.054575, , 
31.24,0.054509, , 
31.27,0.054432, , 
31.3,0.054382, , 
31.32,0.054325, , 
31.35,0.054258, , 
31.38,0.054225, , 
31.41,0.054175, , 
31.43,0.054102, , 
31.46,0.054037, , 
31.49,0.053976, , 
31.52,0.053894, , 
31.54,0.05384, , 
31.57,0.05378, , 
31.6,0.053723, , 
31.63,0.053663, , 
31.65,0.053613, , 
31.68,0.053539, , 
31.71,0.053461, , 
31.73,0.053409, , 
31.76,0.053337, , 
31.79,0.053255, , 
31.82,0.053201, , 
31.84,0.053131, , 
31.87,0.053053, , 
31.9,0.053002, , 
31.93,0.052963, , 
31.95,0.052872, , 
31.98,0.052822, , 
32.01,0.052757, , 
32.04,0.052681, , 
32.06,0.052628, , 
32.09,0.052568, , 
32.12,0.052466, , 
32.15,0.05242, , 
32.17,0.052389, , 
32.2,0.052317, , 
32.23,0.052239, , 
32.26,0.052183, , 
32.28,0.052112, , 
32.32,0.052024, , 
32.34,0.051984, , 
32.37,0.051936, , 
32.4,0.051859, , 
32.42,0.051812, , 
32.45,0.051725, , 
32.48,0.051645, , 
32.51,0.051601, , 
32.53,0.051571, , 
32.56,0.051481, , 
32.59,0.051447, , 
32.62,0.051432, , 
32.64,0.051363, , 
32.67,0.051317, , 
32.7,0.051279, , 
32.73,0.051197, , 
32.76,0.051163, , 
32.78,0.051134, , 
32.81,0.051064, , 
32.84,0.051001, , 
32.86,0.050993, , 
32.89,0.050945, , 
32.92,0.050898, , 
32.95,0.050863, , 
32.97,0.050836, , 
33,0.050787, , 
33.03,0.050764, , 
33.06,0.050716, , 
33.08,0.050666, , 
33.11,0.050644, , 
33.14,0.050626, , 
33.16,0.050557, , 
33.2,0.050542, , 
33.22,0.050542, , 
33.25,0.050525, , 
33.27,0.050489, , 
33.3,0.050454, , 
33.33,0.050409, , 
33.36,0.050391, , 
33.38,0.050398, , 
33.41,0.050348, , 
33.44,0.050288, , 
33.47,0.050302, , 
33.5,0.050295, , 
33.52,0.050272, , 
33.55,0.050234, , 
33.58,0.050202, , 
33.6,0.050163, , 
33.63,0.050165, , 
33.66,0.050173, , 
33.69,0.050144, , 
33.72,0.050151, , 
33.74,0.050172, , 
33.77,0.050157, , 
33.8,0.050146, , 
33.83,0.050165, , 
33.85,0.050151, , 
33.88,0.050134, , 
33.91,0.050154, , 
33.94,0.050158, , 
33.96,0.050145, , 
33.99,0.05016, , 
34.02,0.050164, , 
34.05,0.050178, , 
34.07,0.050241, , 
34.1,0.050286, , 
34.13,0.050265, , 
34.16,0.050279, , 
34.18,0.050317, , 
34.21,0.050337, , 
34.24,0.050375, , 
34.27,0.050415, , 
34.29,0.050446, , 
34.32,0.050493, , 
34.35,0.050575, , 
34.38,0.050616, , 
34.4,0.050639, , 
34.43,0.050727, , 
34.46,0.050785, , 
34.48,0.050841, , 
34.51,0.050943, , 
34.54,0.051019, , 
34.57,0.051091, , 
34.59,0.0512, , 
34.62,0.051299, , 
34.65,0.051384, , 
34.68,0.0515, , 
34.7,0.051656, , 
34.73,0.051769, , 
34.76,0.051893, , 
34.79,0.052066, , 
34.81,0.052226, , 
34.84,0.052348, , 
34.87,0.052527, , 
34.9,0.052684, , 
34.92,0.052848, , 
34.95,0.053062, , 
34.98,0.053255, , 
35.01,0.053412, , 
35.03,0.053649, , 
35.06,0.053875, , 
35.09,0.05407, , 
35.12,0.054303, , 
35.15,0.054515, , 
35.17,0.054781, , 
35.2,0.055061, , 
35.23,0.055327, , 
35.26,0.055559, , 
35.28,0.055796, , 
35.31,0.056155, , 
35.34,0.056464, , 
35.37,0.056767, , 
35.39,0.057078, , 
35.42,0.057417, , 
35.45,0.057699, , 
35.48,0.058042, , 
35.5,0.058374, , 
35.53,0.058733, , 
35.56,0.059106, , 
35.59,0.059435, , 
35.61,0.059768, , 
35.64,0.060154, , 
35.67,0.060543, , 
35.7,0.06088, , 
35.72,0.061174, , 
35.75,0.061578, , 
35.78,0.061936, , 
35.81,0.062327, , 
35.83,0.062713, , 
35.86,0.063123, , 
35.89,0.063476, , 
35.91,0.063904, , 
35.94,0.064278, , 
35.97,0.064686, , 
36,0.065112, , 
36.02,0.065494, , 
36.05,0.065881, , 
36.08,0.06632, , 
36.11,0.066727, , 
36.13,0.067124, , 
36.17,0.067523, , 
36.19,0.067901, , 
36.22,0.068281, , 
36.24,0.06868, , 
36.27,0.069058, , 
36.3,0.06943, , 
36.33,0.06975, , 
36.35,0.070139, , 
36.38,0.070459, , 
36.41,0.070802, , 
36.44,0.071149, , 
36.47,0.071426, , 
36.49,0.071684, , 
36.52,0.071992, , 
36.55,0.072261, , 
36.58,0.072482, , 
36.61,0.0727, , 
36.63,0.072949, , 
36.66,0.073132, , 
36.69,0.073318, , 
36.71,0.073502, , 
36.74,0.073699, , 
36.77,0.073827, , 
36.8,0.07397, , 
36.82,0.074066, , 
36.85,0.074172, , 
36.88,0.074311, , 
36.91,0.074383, , 
36.93,0.074433, , 
36.96,0.074497, , 
36.99,0.074518, , 
37.02,0.074503, , 
37.04,0.074509, , 
37.07,0.074531, , 
37.1,0.074513, , 
37.13,0.074511, , 
37.15,0.074486, , 
37.18,0.074408, , 
37.21,0.074314, , 
37.23,0.074246, , 
37.26,0.074157, , 
37.29,0.07403, , 
37.32,0.073945, , 
37.34,0.073847, , 
37.37,0.073728, , 
37.4,0.073627, , 
37.43,0.07349, , 
37.45,0.073306, , 
37.48,0.073147, , 
37.51,0.072971, , 
37.54,0.072789, , 
37.56,0.07263, , 
37.59,0.072465, , 
37.62,0.072216, , 
37.65,0.072021, , 
37.67,0.071839, , 
37.7,0.07161, , 
37.73,0.071373, , 
37.76,0.071178, , 
37.78,0.070945, , 
37.81,0.070759, , 
37.84,0.070546, , 
37.87,0.070327, , 
37.9,0.070096, , 
37.92,0.069872, , 
37.95,0.069674, , 
37.98,0.069398, , 
38.01,0.069161, , 
38.03,0.068935, , 
38.06,0.068716, , 
38.09,0.068468, , 
38.12,0.068277, , 
38.14,0.068001, , 
38.17,0.06778, , 
38.2,0.067564, , 
38.23,0.067325, , 
38.25,0.067134, , 
38.28,0.066918, , 
38.31,0.066657, , 
38.34,0.066416, , 
38.36,0.066215, , 
38.39,0.066052, , 
38.42,0.065784, , 
38.45,0.065561, , 
38.47,0.065359, , 
38.5,0.065177, , 
38.53,0.064973, , 
38.56,0.064798, , 
38.58,0.064552, , 
38.61,0.064349, , 
38.64,0.064146, , 
38.66,0.063924, , 
38.69,0.063754, , 
38.72,0.063581, , 
38.75,0.063369, , 
38.77,0.063162, , 
38.8,0.063003, , 
38.83,0.062864, , 
38.86,0.062646, , 
38.88,0.062455, , 
38.91,0.062289, , 
38.94,0.062139, , 
38.97,0.061971, , 
38.99,0.061819, , 
39.02,0.061585, , 
39.05,0.061478, , 
39.08,0.061298, , 
39.1,0.061137, , 
39.13,0.061003, , 
39.16,0.060878, , 
39.19,0.060725, , 
39.22,0.060562, , 
39.24,0.060439, , 
39.27,0.060256, , 
39.3,0.060072, , 
39.33,0.059901, , 
39.35,0.059736, , 
39.38,0.059573, , 
39.41,0.059453, , 
39.44,0.059317, , 
39.46,0.059153, , 
39.49,0.059024, , 
39.52,0.058894, , 
39.55,0.058693, , 
39.57,0.058578, , 
39.6,0.058459, , 
39.63,0.058305, , 
39.66,0.05814, , 
39.68,0.058015, , 
39.71,0.057865, , 
39.74,0.057779, , 
39.77,0.057671, , 
39.79,0.057544, , 
39.82,0.057392, , 
39.85,0.057282, , 
39.88,0.057187, , 
39.9,0.057029, , 
39.93,0.056938, , 
39.96,0.056819, , 
39.98,0.056705, , 
40.01,0.056603, , 
40.04,0.056507, , 
40.07,0.056361, , 
40.09,0.056269, , 
40.12,0.056185, , 
40.15,0.056041, , 
40.18,0.055938, , 
40.2,0.055852, , 
40.23,0.055737, , 
40.26,0.055636, , 
40.29,0.055567, , 
40.32,0.055541, , 
40.34,0.055375, , 
40.37,0.055265, , 
40.4,0.055178, , 
40.42,0.055062, , 
40.46,0.054996, , 
40.48,0.054925, , 
40.51,0.054812, , 
40.53,0.054732, , 
40.56,0.054652, , 
40.59,0.054555, , 
40.62,0.054448, , 
40.65,0.054394, , 
40.67,0.054302, , 
40.7,0.054185, , 
40.73,0.054105, , 
40.76,0.054033, , 
40.78,0.053943, , 
40.81,0.053875, , 
40.84,0.053839, , 
40.87,0.05372, , 
40.89,0.05367, , 
40.92,0.053605, , 
40.95,0.053504, , 
40.98,0.05344, , 
41,0.053386, , 
41.03,0.0533, , 
41.06,0.053236, , 
41.09,0.053221, , 
41.11,0.05315, , 
41.14,0.053011, , 
41.17,0.052975, , 
41.2,0.052899, , 
41.22,0.052843, , 
41.25,0.052812, , 
41.28,0.052737, , 
41.31,0.052671, , 
41.33,0.052621, , 
41.36,0.052604, , 
41.39,0.052533, , 
41.41,0.052483, , 
41.44,0.052423, , 
41.47,0.052344, , 
41.5,0.052312, , 
41.52,0.052273, , 
41.55,0.052179, , 
41.58,0.052093, , 
41.61,0.052067, , 
41.63,0.052013, , 
41.66,0.051958, , 
41.69,0.051929, , 
41.72,0.051866, , 
41.74,0.051803, , 
41.77,0.051802, , 
41.8,0.051779, , 
41.83,0.051708, , 
41.85,0.051681, , 
41.88,0.051682, , 
41.91,0.051625, , 
41.94,0.051605, , 
41.97,0.05158, , 
41.99,0.051539, , 
42.02,0.051533, , 
42.05,0.051538, , 
42.08,0.051476, , 
42.1,0.051432, , 
42.13,0.051434, , 
42.16,0.051408, , 
42.19,0.051336, , 
42.21,0.05133, , 
42.24,0.051303, , 
42.27,0.051276, , 
42.3,0.051267, , 
42.32,0.051236, , 
42.35,0.051175, , 
42.38,0.051171, , 
42.41,0.051171, , 
42.43,0.05112, , 
42.46,0.051087, , 
42.49,0.051079, , 
42.52,0.05104, , 
42.54,0.051011, , 
42.57,0.050989, , 
42.6,0.050947, , 
42.63,0.050909, , 
42.65,0.050921, , 
42.68,0.050912, , 
42.71,0.050869, , 
42.73,0.05083, , 
42.76,0.050812, , 
42.79,0.050764, , 
42.82,0.050749, , 
42.84,0.050713, , 
42.87,0.050666, , 
42.9,0.050658, , 
42.93,0.05066, , 
42.95,0.050652, , 
42.98,0.050625, , 
43.01,0.050602, , 
43.04,0.050569, , 
43.06,0.050546, , 
43.09,0.050553, , 
43.12,0.050547, , 
43.15,0.05053, , 
43.17,0.050508, , 
43.2,0.050469, , 
43.23,0.05043, , 
43.26,0.050417, , 
43.28,0.050413, , 
43.31,0.05041, , 
43.34,0.050418, , 
43.37,0.050398, , 
43.4,0.050326, , 
43.42,0.050306, , 
43.45,0.050291, , 
43.48,0.050232, , 
43.51,0.050183, , 
43.53,0.050176, , 
43.56,0.050165, , 
43.59,0.050126, , 
43.62,0.050111, , 
43.64,0.050074, , 
43.67,0.050033, , 
43.7,0.050049, , 
43.73,0.050048, , 
43.75,0.050021, , 
43.78,0.049988, , 
43.81,0.049965, , 
43.84,0.049915, , 
43.86,0.049921, , 
43.89,0.049922, , 
43.92,0.049893, , 
43.95,0.049882, , 
43.97,0.049868, , 
44,0.049816, , 
44.03,0.049784, , 
44.06,0.0498, , 
44.08,0.049789, , 
44.11,0.049762, , 
44.14,0.049752, , 
44.16,0.049707, , 
44.19,0.049656, , 
44.22,0.049659, , 
44.25,0.049671, , 
44.27,0.049638, , 
44.3,0.049624, , 
44.33,0.049593, , 
44.36,0.049558, , 
44.38,0.049526, , 
44.41,0.049524, , 
44.44,0.04947, , 
44.47,0.049425, , 
44.49,0.049436, , 
44.52,0.049427, , 
44.55,0.049404, , 
44.58,0.049414, , 
44.6,0.049371, , 
44.63,0.049323, , 
44.66,0.0493, , 
44.69,0.049295, , 
44.72,0.049271, , 
44.74,0.049276, , 
44.77,0.049283, , 
44.8,0.049273, , 
44.83,0.049277, , 
44.85,0.049266, , 
44.88,0.049209, , 
44.91,0.049183, , 
44.94,0.049181, , 
44.96,0.049162, , 
44.99,0.049139, , 
45.02,0.049145, , 
45.05,0.049102, , 
45.07,0.049055, , 
45.1,0.049051, , 
45.13,0.049033, , 
45.16,0.048959, , 
45.18,0.048924, , 
45.21,0.048934, , 
45.24,0.04891, , 
45.27,0.048901, , 
45.29,0.048903, , 
45.32,0.048851, , 
45.35,0.048821, , 
45.38,0.04881, , 
45.4,0.048798, , 
45.43,0.048768, , 
45.46,0.048786, , 
45.48,0.048739, , 
45.51,0.048678, , 
45.54,0.048676, , 
45.57,0.048673, , 
45.59,0.048643, , 
45.62,0.048622, , 
45.65,0.048591, , 
45.68,0.048544, , 
45.7,0.04853, , 
45.73,0.048525, , 
45.76,0.048457, , 
45.79,0.048424, , 
45.81,0.048423, , 
45.84,0.048369, , 
45.87,0.048318, , 
45.9,0.048303, , 
45.92,0.048282, , 
45.95,0.048261, , 
45.98,0.048261, , 
46.01,0.048246, , 
46.03,0.048195, , 
46.06,0.048177, , 
46.09,0.048178, , 
46.12,0.048152, , 
46.15,0.048115, , 
46.17,0.048108, , 
46.2,0.048063, , 
46.23,0.048024, , 
46.26,0.048025, , 
46.28,0.048016, , 
46.31,0.047983, , 
46.34,0.047974, , 
46.37,0.047921, , 
46.39,0.047899, , 
46.42,0.0479, , 
46.45,0.047852, , 
46.48,0.047783, , 
46.5,0.047785, , 
46.53,0.047791, , 
46.56,0.047777, , 
46.59,0.047763, , 
46.61,0.047765, , 
46.64,0.047726, , 
46.67,0.047679, , 
46.7,0.047675, , 
46.72,0.04764, , 
46.75,0.047617, , 
46.78,0.047643, , 
46.81,0.047639, , 
46.83,0.04762, , 
46.86,0.047629, , 
46.89,0.047651, , 
46.91,0.047629, , 
46.94,0.047648, , 
46.97,0.047646, , 
47,0.047625, , 
47.02,0.047623, , 
47.05,0.047637, , 
47.08,0.04763, , 
47.11,0.047638, , 
47.13,0.047633, , 
47.16,0.047593, , 
47.19,0.04754, , 
47.22,0.047568, , 
47.24,0.047566, , 
47.27,0.047528, , 
47.3,0.047539, , 
47.33,0.047538, , 
47.35,0.047544, , 
47.38,0.0476, , 
47.41,0.047635, , 
47.44,0.047621, , 
47.47,0.047619, , 
47.49,0.047638, , 
47.52,0.047625, , 
47.55,0.047625, , 
47.58,0.047648, , 
47.6,0.047637, , 
47.63,0.04762, , 
47.66,0.047644, , 
47.69,0.047642, , 
47.71,0.047627, , 
47.74,0.047637, , 
47.77,0.047646, , 
47.8,0.047624, , 
47.82,0.047654, , 
47.85,0.047716, , 
47.88,0.04773, , 
47.91,0.047749, , 
47.93,0.047777, , 
47.96,0.047764, , 
47.99,0.04776, , 
48.02,0.047779, , 
48.04,0.047789, , 
48.07,0.047815, , 
48.1,0.047869, , 
48.13,0.047872, , 
48.15,0.047879, , 
48.18,0.047894, , 
48.21,0.047894, , 
48.23,0.047901, , 
48.26,0.047946, , 
48.29,0.047997, , 
48.32,0.047989, , 
48.34,0.047997, , 
48.37,0.048018, , 
48.4,0.048023, , 
48.43,0.048007, , 
48.45,0.048021, , 
48.48,0.048022, , 
48.51,0.048013, , 
48.54,0.048022, , 
48.56,0.048011, , 
48.59,0.047993, , 
48.62,0.048022, , 
48.65,0.048034, , 
48.67,0.048013, , 
48.7,0.048024, , 
48.73,0.048044, , 
48.76,0.048026, , 
48.78,0.048007, , 
48.81,0.047993, , 
48.84,0.047944, , 
48.87,0.047916, , 
48.9,0.047911, , 
48.92,0.047905, , 
48.95,0.047892, , 
48.98,0.047902, , 
49.01,0.047878, , 
49.03,0.047824, , 
49.06,0.047815, , 
49.09,0.047793, , 
49.12,0.047739, , 
49.14,0.047718, , 
49.17,0.047698, , 
49.2,0.047651, , 
49.23,0.047607, , 
49.25,0.047585, , 
49.28,0.047536, , 
49.31,0.047501, , 
49.34,0.047471, , 
49.36,0.047433, , 
49.39,0.0474, , 
49.42,0.047377, , 
49.45,0.047329, , 
49.47,0.047261, , 
49.5,0.047239, , 
49.53,0.047194, , 
49.56,0.047143, , 
49.58,0.047135, , 
49.61,0.047143, , 
49.64,0.047117, , 
49.66,0.047091, , 
49.69,0.047084, , 
49.72,0.047006, , 
49.75,0.046947, , 
49.77,0.046907, , 
49.8,0.04683, , 
49.83,0.046744, , 
49.86,0.046701, , 
49.88,0.04664, , 
49.91,0.04655, , 
49.94,0.046517, , 
49.97,0.04645, , 
49.99,0.046281, , 
50.02,0.046181, , 
50.05,0.046107, , 
50.08,0.046025, , 
50.1,0.045986, , 
50.13,0.045948, , 
50.16,0.045897, , 
50.19,0.045855, , 
50.22,0.045825, , 
50.24,0.045791, , 
50.27,0.045746, , 
50.3,0.045718, , 
50.33,0.045683, , 
50.35,0.045629, , 
50.38,0.045604, , 
50.41,0.045591, , 
50.44,0.045523, , 
50.46,0.045487, , 
50.49,0.045458, , 
50.52,0.045376, , 
50.55,0.045332, , 
50.57,0.045313, , 
50.6,0.045248, , 
50.63,0.045173, , 
50.66,0.045117, , 
50.68,0.045067, , 
50.71,0.045025, , 
50.74,0.045006, , 
50.77,0.044951, , 
50.79,0.044884, , 
50.82,0.044823, , 
50.85,0.0448, , 
50.88,0.044749, , 
50.9,0.044724, , 
50.93,0.044689, , 
50.96,0.044656, , 
50.98,0.044644, , 
51.01,0.044624, , 
51.04,0.044563, , 
51.07,0.044537, , 
51.09,0.044521, , 
51.13,0.044471, , 
51.15,0.044424, , 
51.18,0.044401, , 
51.2,0.044363, , 
51.23,0.044311, , 
51.26,0.044279, , 
51.29,0.044239, , 
51.31,0.044167, , 
51.34,0.044147, , 
51.37,0.044124, , 
51.4,0.044056, , 
51.42,0.044027, , 
51.45,0.044026, , 
51.48,0.043973, , 
51.51,0.043921, , 
51.53,0.043925, , 
51.56,0.04389, , 
51.59,0.043811, , 
51.62,0.043789, , 
51.65,0.043746, , 
51.67,0.043702, , 
51.7,0.043695, , 
51.73,0.043669, , 
51.76,0.043603, , 
51.78,0.043579, , 
51.81,0.043557, , 
51.84,0.043516, , 
51.87,0.043472, , 
51.89,0.043458, , 
51.92,0.043416, , 
51.95,0.043392, , 
51.98,0.043373, , 
52,0.043312, , 
52.03,0.04328, , 
52.06,0.043276, , 
52.09,0.04325, , 
52.11,0.043189, , 
52.14,0.043186, , 
52.17,0.043177, , 
52.2,0.043136, , 
52.22,0.043121, , 
52.25,0.043109, , 
52.28,0.043056, , 
52.31,0.043023, , 
52.33,0.043021, , 
52.36,0.042968, , 
52.39,0.042929, , 
52.41,0.042918, , 
52.44,0.042881, , 
52.47,0.042828, , 
52.5,0.04282, , 
52.52,0.042785, , 
52.55,0.042711, , 
52.58,0.042691, , 
52.61,0.042665, , 
52.63,0.042632, , 
52.66,0.042634, , 
52.69,0.04262, , 
52.72,0.04257, , 
52.74,0.042534, , 
52.77,0.042542, , 
52.8,0.042521, , 
52.83,0.042508, , 
52.85,0.04252, , 
52.88,0.042502, , 
52.91,0.042499, , 
52.94,0.042522, , 
52.97,0.042526, , 
52.99,0.042504, , 
53.02,0.042528, , 
53.05,0.042534, , 
53.08,0.04251, , 
53.1,0.042517, , 
53.13,0.042535, , 
53.16,0.042499, , 
53.19,0.042448, , 
53.21,0.042433, , 
53.24,0.042394, , 
53.27,0.042388, , 
53.3,0.042411, , 
53.32,0.042384, , 
53.35,0.042339, , 
53.38,0.04232, , 
53.41,0.042282, , 
53.43,0.042256, , 
53.46,0.042231, , 
53.49,0.042192, , 
53.52,0.042165, , 
53.54,0.042156, , 
53.57,0.042148, , 
53.6,0.042113, , 
53.63,0.042069, , 
53.65,0.042058, , 
53.68,0.04201, , 
53.71,0.042006, , 
53.73,0.042027, , 
53.76,0.042016, , 
53.79,0.041977, , 
53.82,0.04195, , 
53.84,0.041924, , 
53.87,0.041897, , 
53.9,0.041892, , 
53.93,0.04187, , 
53.95,0.041823, , 
53.98,0.041801, , 
54.01,0.041793, , 
54.04,0.041755, , 
54.06,0.041739, , 
54.09,0.041729, , 
54.12,0.041677, , 
54.15,0.041659, , 
54.17,0.041663, , 
54.2,0.041616, , 
54.23,0.041551, , 
54.26,0.041542, , 
54.28,0.041517, , 
54.31,0.041501, , 
54.34,0.041518, , 
54.37,0.04149, , 
54.4,0.041437, , 
54.42,0.041425, , 
54.45,0.04142, , 
54.48,0.041385, , 
54.51,0.041398, , 
54.53,0.041384, , 
54.56,0.04132, , 
54.59,0.04128, , 
54.62,0.041304, , 
54.64,0.041283, , 
54.67,0.041254, , 
54.7,0.041278, , 
54.73,0.041243, , 
54.75,0.04119, , 
54.78,0.041179, , 
54.81,0.041146, , 
54.84,0.041084, , 
54.86,0.04106, , 
54.89,0.041045, , 
54.92,0.041012, , 
54.95,0.041008, , 
54.97,0.040991, , 
55,0.040932, , 
55.03,0.040902, , 
55.06,0.040916, , 
55.08,0.040895, , 
55.11,0.040851, , 
55.14,0.040828, , 
55.16,0.04079, , 
55.19,0.040791, , 
55.22,0.040779, , 
55.25,0.040776, , 
55.27,0.040767, , 
55.3,0.040782, , 
55.33,0.040784, , 
55.36,0.04074, , 
55.38,0.040722, , 
55.41,0.040691, , 
55.45,0.040687, , 
55.47,0.040665, , 
55.49,0.04066, , 
55.52,0.040633, , 
55.55,0.040598, , 
55.58,0.040584, , 
55.6,0.040539, , 
55.63,0.04051, , 
55.66,0.040533, , 
55.69,0.040521, , 
55.72,0.040498, , 
55.74,0.04049, , 
55.77,0.040454, , 
55.8,0.040397, , 
55.83,0.040395, , 
55.85,0.040398, , 
55.88,0.040378, , 
55.91,0.040376, , 
55.94,0.040399, , 
55.97,0.040401, , 
55.99,0.040382, , 
56.02,0.040355, , 
56.05,0.040316, , 
56.07,0.040285, , 
56.1,0.040275, , 
56.13,0.040266, , 
56.16,0.040264, , 
56.18,0.04028, , 
56.21,0.040288, , 
56.24,0.040275, , 
56.27,0.040248, , 
56.29,0.0402, , 
56.32,0.040142, , 
56.35,0.040135, , 
56.38,0.040157, , 
56.4,0.040132, , 
56.43,0.040135, , 
56.46,0.040128, , 
56.48,0.040067, , 
56.51,0.040032, , 
56.54,0.040042, , 
56.57,0.040023, , 
56.59,0.039995, , 
56.62,0.039988, , 
56.65,0.03996, , 
56.68,0.039915, , 
56.7,0.039908, , 
56.73,0.039894, , 
56.76,0.039845, , 
56.79,0.039806, , 
56.81,0.039784, , 
56.84,0.039765, , 
56.87,0.039753, , 
56.9,0.039745, , 
56.92,0.03969, , 
56.95,0.039664, , 
56.98,0.039668, , 
57.01,0.039647, , 
57.03,0.039615, , 
57.06,0.039639, , 
57.09,0.039639, , 
57.12,0.039619, , 
57.15,0.039625, , 
57.17,0.039592, , 
57.2,0.039545, , 
57.23,0.039537, , 
57.26,0.039527, , 
57.28,0.039462, , 
57.31,0.039434, , 
57.34,0.039426, , 
57.37,0.039385, , 
57.39,0.039325, , 
57.42,0.039298, , 
57.45,0.039274, , 
57.48,0.039247, , 
57.5,0.039238, , 
57.53,0.039186, , 
57.56,0.039144, , 
57.59,0.039152, , 
57.61,0.039125, , 
57.64,0.039055, , 
57.67,0.039031, , 
57.7,0.039039, , 
57.72,0.039017, , 
57.75,0.03899, , 
57.78,0.038969, , 
57.81,0.03892, , 
57.83,0.038892, , 
57.86,0.038861, , 
57.89,0.038809, , 
57.91,0.038791, , 
57.95,0.038797, , 
57.97,0.038781, , 
58,0.038729, , 
58.02,0.038707, , 
58.05,0.038678, , 
58.08,0.038632, , 
58.11,0.038627, , 
58.13,0.038586, , 
58.16,0.038531, , 
58.19,0.038516, , 
58.22,0.038495, , 
58.24,0.038442, , 
58.27,0.038411, , 
58.3,0.038409, , 
58.33,0.038365, , 
58.35,0.038318, , 
58.39,0.038305, , 
58.41,0.038277, , 
58.44,0.038253, , 
58.47,0.03822, , 
58.49,0.038182, , 
58.52,0.038143, , 
58.55,0.038166, , 
58.58,0.03815, , 
58.6,0.038098, , 
58.63,0.038067, , 
58.66,0.038047, , 
58.69,0.038018, , 
58.71,0.038016, , 
58.74,0.038026, , 
58.77,0.038006, , 
58.8,0.03799, , 
58.82,0.037973, , 
58.85,0.037927, , 
58.88,0.037892, , 
58.91,0.037905, , 
58.93,0.037887, , 
58.96,0.037865, , 
58.99,0.037878, , 
59.02,0.037862, , 
59.04,0.037809, , 
59.07,0.037783, , 
59.1,0.037784, , 
59.13,0.037754, , 
59.15,0.037732, , 
59.18,0.037706, , 
59.21,0.037657, , 
59.23,0.037651, , 
59.26,0.037657, , 
59.29,0.03763, , 
59.32,0.03757, , 
59.34,0.037571, , 
59.37,0.037541, , 
59.4,0.037511, , 
59.43,0.037529, , 
59.45,0.037527, , 
59.48,0.037488, , 
59.51,0.037467, , 
59.54,0.037438, , 
59.57,0.037395, , 
59.59,0.037396, , 
59.62,0.037416, , 
59.65,0.037397, , 
59.67,0.037393, , 
59.7,0.03741, , 
59.73,0.037386, , 
59.76,0.037375, , 
59.78,0.037386, , 
59.81,0.037369, , 
59.84,0.037325, , 
59.87,0.037322, , 
59.9,0.0373, , 
59.92,0.037254, , 
59.95,0.037271, , 
59.98,0.037228, , 
60.01,0.03717, , 
60.03,0.037165, , 
60.06,0.037154, , 
60.09,0.037118, , 
60.12,0.037081, , 
60.14,0.03706, , 
60.17,0.037036, , 
60.2,0.03703, , 
60.23,0.037045, , 
60.25,0.037021, , 
60.28,0.037014, , 
60.31,0.037019, , 
60.34,0.037011, , 
60.36,0.036999, , 
60.39,0.037024, , 
60.42,0.037015, , 
60.45,0.037001, , 
60.47,0.037011, , 
60.5,0.037026, , 
60.53,0.037022, , 
60.56,0.037029, , 
60.58,0.037034, , 
60.61,0.036995, , 
60.64,0.036993, , 
60.66,0.036964, , 
60.69,0.03691, , 
60.72,0.036908, , 
60.75,0.036924, , 
60.77,0.036894, , 
60.8,0.036887, , 
60.83,0.036901, , 
60.86,0.036858, , 
60.88,0.03681, , 
60.91,0.036802, , 
60.94,0.036789, , 
60.97,0.036757, , 
60.99,0.036749, , 
61.02,0.036714, , 
61.05,0.036647, , 
61.08,0.036637, , 
61.1,0.036652, , 
61.13,0.036633, , 
61.16,0.036615, , 
61.19,0.036613, , 
61.22,0.036618, , 
61.24,0.036603, , 
61.27,0.036576, , 
61.3,0.036547, , 
61.33,0.036523, , 
61.36,0.036527, , 
61.38,0.036535, , 
61.41,0.036505, , 
61.44,0.036521, , 
61.46,0.036513, , 
61.49,0.036463, , 
61.52,0.036447, , 
61.55,0.03643, , 
61.57,0.036406, , 
61.6,0.036372, , 
61.63,0.036331, , 
61.66,0.036276, , 
61.68,0.036259, , 
61.71,0.036272, , 
61.74,0.036263, , 
61.77,0.036247, , 
61.79,0.036264, , 
61.82,0.036276, , 
61.85,0.036252, , 
61.88,0.036271, , 
61.9,0.036274, , 
61.93,0.036261, , 
61.96,0.03628, , 
61.98,0.036278, , 
62.01,0.036249, , 
62.04,0.036269, , 
62.07,0.036286, , 
62.09,0.036266, , 
62.12,0.036268, , 
62.15,0.036272, , 
62.18,0.036196, , 
62.2,0.036166, , 
62.23,0.036165, , 
62.26,0.036144, , 
62.29,0.036132, , 
62.31,0.036146, , 
62.34,0.036141, , 
62.37,0.036134, , 
62.4,0.036148, , 
62.42,0.036146, , 
62.45,0.036134, , 
62.48,0.036116, , 
62.51,0.03609, , 
62.54,0.036045, , 
62.56,0.036036, , 
62.59,0.036048, , 
62.62,0.03602, , 
62.65,0.036021, , 
62.67,0.036038, , 
62.7,0.036027, , 
62.73,0.035986, , 
62.76,0.035952, , 
62.78,0.035908, , 
62.81,0.035884, , 
62.84,0.035888, , 
62.87,0.035902, , 
62.89,0.035888, , 
62.92,0.035897, , 
62.95,0.035907, , 
62.98,0.035886, , 
63,0.03588, , 
63.03,0.035888, , 
63.06,0.035822, , 
63.09,0.035784, , 
63.11,0.035787, , 
63.14,0.03577, , 
63.17,0.035762, , 
63.2,0.035779, , 
63.22,0.035765, , 
63.25,0.03576, , 
63.28,0.035779, , 
63.31,0.035771, , 
63.33,0.035747, , 
63.36,0.035773, , 
63.39,0.035785, , 
63.41,0.035749, , 
63.44,0.03575, , 
63.47,0.035779, , 
63.5,0.03579, , 
63.52,0.035844, , 
63.55,0.035914, , 
63.58,0.035947, , 
63.61,0.035969, , 
63.63,0.03601, , 
63.66,0.036009, , 
63.69,0.035996, , 
63.72,0.036029, , 
63.74,0.03603, , 
63.77,0.036001, , 
63.8,0.035984, , 
63.83,0.035977, , 
63.85,0.035953, , 
63.88,0.035915, , 
63.91,0.035857, , 
63.94,0.035756, , 
63.97,0.035713, , 
63.99,0.035678, , 
64.02,0.035649, , 
64.05,0.035615, , 
64.08,0.03559, , 
64.1,0.035531, , 
64.13,0.035521, , 
64.16,0.035534, , 
64.19,0.035522, , 
64.21,0.035514, , 
64.24,0.035525, , 
64.27,0.035492, , 
64.3,0.035446, , 
64.32,0.035432, , 
64.35,0.035414, , 
64.38,0.035375, , 
64.41,0.035386, , 
64.43,0.035398, , 
64.46,0.035392, , 
64.49,0.035395, , 
64.52,0.035393, , 
64.54,0.03534, , 
64.57,0.035307, , 
64.6,0.035305, , 
64.63,0.035271, , 
64.65,0.035263, , 
64.68,0.035279, , 
64.71,0.035272, , 
64.73,0.035251, , 
64.76,0.035275, , 
64.79,0.035281, , 
64.82,0.035255, , 
64.84,0.03527, , 
64.87,0.035266, , 
64.9,0.035249, , 
64.93,0.035251, , 
64.95,0.035263, , 
64.98,0.035239, , 
65.01,0.035252, , 
65.04,0.035286, , 
65.06,0.035251, , 
65.09,0.035216, , 
65.12,0.035199, , 
65.15,0.035152, , 
65.17,0.035135, , 
65.21,0.035158, , 
65.23,0.035151, , 
65.26,0.035121, , 
65.28,0.035144, , 
65.31,0.035143, , 
65.34,0.035133, , 
65.37,0.035141, , 
65.39,0.035145, , 
65.42,0.035136, , 
65.45,0.035148, , 
65.48,0.035158, , 
65.5,0.035134, , 
65.53,0.035114, , 
65.56,0.035085, , 
65.59,0.03504, , 
65.61,0.035021, , 
65.65,0.035032, , 
65.67,0.035017, , 
65.7,0.035009, , 
65.72,0.035023, , 
65.75,0.035004, , 
65.78,0.035004, , 
65.81,0.03501, , 
65.83,0.035005, , 
65.86,0.034963, , 
65.89,0.034943, , 
65.92,0.034916, , 
65.95,0.034885, , 
65.97,0.034904, , 
66,0.034914, , 
66.03,0.034871, , 
66.06,0.034875, , 
66.08,0.034895, , 
66.11,0.034881, , 
66.14,0.034873, , 
66.17,0.034901, , 
66.19,0.034882, , 
66.22,0.034883, , 
66.25,0.034896, , 
66.28,0.034891, , 
66.3,0.034861, , 
66.33,0.034901, , 
66.36,0.034875, , 
66.39,0.034874, , 
66.41,0.034889, , 
66.44,0.034897, , 
66.47,0.034879, , 
66.5,0.034882, , 
66.52,0.034888, , 
66.55,0.034848, , 
66.58,0.034817, , 
66.61,0.034805, , 
66.63,0.034756, , 
66.66,0.034731, , 
66.69,0.034726, , 
66.72,0.03468, , 
66.74,0.034644, , 
66.77,0.034659, , 
66.8,0.034633, , 
66.83,0.03463, , 
66.85,0.034646, , 
66.88,0.034638, , 
66.91,0.034623, , 
66.94,0.03464, , 
66.96,0.034638, , 
66.99,0.034631, , 
67.02,0.03464, , 
67.05,0.034645, , 
67.07,0.03462, , 
67.1,0.034633, , 
67.13,0.034649, , 
67.16,0.034626, , 
67.18,0.03463, , 
67.21,0.034659, , 
67.24,0.034628, , 
67.27,0.034636, , 
67.29,0.034653, , 
67.32,0.034646, , 
67.35,0.034635, , 
67.38,0.03464, , 
67.4,0.034654, , 
67.43,0.034636, , 
67.46,0.034659, , 
67.48,0.034658, , 
67.51,0.03463, , 
67.54,0.034656, , 
67.57,0.034644, , 
67.59,0.034597, , 
67.62,0.034553, , 
67.65,0.034537, , 
67.68,0.034513, , 
67.7,0.034525, , 
67.73,0.034538, , 
67.76,0.034505, , 
67.79,0.034503, , 
67.81,0.034536, , 
67.84,0.034501, , 
67.87,0.03447, , 
67.9,0.034449, , 
67.92,0.034414, , 
67.95,0.034394, , 
67.98,0.03441, , 
68.01,0.034406, , 
68.03,0.034371, , 
68.06,0.03439, , 
68.09,0.034398, , 
68.12,0.034374, , 
68.14,0.03433, , 
68.17,0.034311, , 
68.2,0.034283, , 
68.23,0.034263, , 
68.25,0.034292, , 
68.28,0.034271, , 
68.31,0.034273, , 
68.34,0.034289, , 
68.36,0.034262, , 
68.39,0.034253, , 
68.42,0.034266, , 
68.45,0.034263, , 
68.47,0.034252, , 
68.5,0.034287, , 
68.53,0.034269, , 
68.56,0.034195, , 
68.58,0.034197, , 
68.61,0.034178, , 
68.64,0.034145, , 
68.67,0.034139, , 
68.69,0.034149, , 
68.72,0.034123, , 
68.75,0.034133, , 
68.78,0.034152, , 
68.81,0.034144, , 
68.83,0.034135, , 
68.86,0.034111, , 
68.89,0.034054, , 
68.92,0.03402, , 
68.94,0.034031, , 
68.97,0.03402, , 
69,0.034007, , 
69.03,0.034033, , 
69.05,0.03403, , 
69.08,0.034015, , 
69.11,0.034025, , 
69.14,0.034038, , 
69.16,0.034015, , 
69.19,0.034013, , 
69.22,0.034022, , 
69.25,0.03401, , 
69.27,0.034024, , 
69.3,0.034029, , 
69.33,0.034005, , 
69.36,0.034009, , 
69.38,0.03404, , 
69.41,0.03403, , 
69.44,0.034017, , 
69.47,0.034005, , 
69.49,0.033932, , 
69.52,0.03391, , 
69.55,0.033902, , 
69.58,0.033895, , 
69.6,0.03388, , 
69.63,0.0339, , 
69.66,0.033886, , 
69.69,0.033822, , 
69.71,0.033802, , 
69.74,0.033788, , 
69.77,0.033775, , 
69.8,0.033774, , 
69.82,0.033774, , 
69.85,0.033763, , 
69.88,0.033759, , 
69.91,0.033773, , 
69.93,0.033762, , 
69.96,0.033757, , 
69.99,0.033779, , 
70.02,0.033763, , 
70.04,0.033741, , 
70.07,0.03372, , 
70.1,0.033682, , 
70.13,0.033647, , 
70.15,0.033652, , 
70.18,0.033647, , 
70.21,0.033626, , 
70.23,0.033646, , 
70.26,0.033656, , 
70.29,0.033608, , 
70.32,0.033599, , 
70.34,0.033564, , 
70.37,0.033525, , 
70.4,0.033513, , 
70.43,0.033523, , 
70.45,0.033513, , 
70.48,0.033525, , 
70.51,0.033536, , 
70.54,0.033517, , 
70.56,0.03351, , 
70.59,0.03351, , 
70.62,0.033509, , 
70.65,0.033501, , 
70.67,0.033525, , 
70.71,0.033535, , 
70.73,0.033508, , 
70.76,0.033518, , 
70.78,0.033527, , 
70.81,0.033507, , 
70.84,0.03351, , 
70.87,0.033533, , 
70.89,0.03351, , 
70.92,0.033512, , 
70.95,0.033498, , 
70.98,0.033445, , 
71,0.03341, , 
71.03,0.033397, , 
71.06,0.033368, , 
71.09,0.033329, , 
71.11,0.033309, , 
71.14,0.033279, , 
71.17,0.033258, , 
71.2,0.033271, , 
71.22,0.033262, , 
71.25,0.033205, , 
71.28,0.03318, , 
71.31,0.033175, , 
71.33,0.033146, , 
71.36,0.033136, , 
71.39,0.033164, , 
71.42,0.033142, , 
71.44,0.033134, , 
71.47,0.033121, , 
71.5,0.033071, , 
71.53,0.033038, , 
71.56,0.033037, , 
71.58,0.033026, , 
71.61,0.033017, , 
71.64,0.033018, , 
71.67,0.033019, , 
71.69,0.03301, , 
71.72,0.03301, , 
71.75,0.03299, , 
71.78,0.032925, , 
71.8,0.03292, , 
71.83,0.032916, , 
71.86,0.032888, , 
71.89,0.032892, , 
71.91,0.032912, , 
71.94,0.032907, , 
71.97,0.032904, , 
72,0.032913, , 
72.02,0.032888, , 
72.05,0.032888, , 
72.08,0.032911, , 
72.11,0.032899, , 
72.13,0.032895, , 
72.16,0.0329, , 
72.19,0.032903, , 
72.22,0.03289, , 
72.24,0.032875, , 
72.27,0.032841, , 
72.3,0.032777, , 
72.33,0.032781, , 
72.35,0.032785, , 
72.38,0.032759, , 
72.41,0.032767, , 
72.44,0.032776, , 
72.46,0.03274, , 
72.49,0.032697, , 
72.52,0.032685, , 
72.55,0.032663, , 
72.57,0.032646, , 
72.6,0.032646, , 
72.63,0.032639, , 
72.66,0.032633, , 
72.68,0.032648, , 
72.71,0.032643, , 
72.74,0.032615, , 
72.77,0.0326, , 
72.79,0.032565, , 
72.82,0.032524, , 
72.85,0.032518, , 
72.88,0.032524, , 
72.9,0.032494, , 
72.93,0.0325, , 
72.96,0.0325, , 
72.98,0.03244, , 
73.01,0.032407, , 
73.04,0.032417, , 
73.07,0.032401, , 
73.09,0.032378, , 
73.12,0.032397, , 
73.15,0.032354, , 
73.18,0.032309, , 
73.2,0.032292, , 
73.23,0.032278, , 
73.26,0.032256, , 
73.29,0.032282, , 
73.31,0.032274, , 
73.34,0.032224, , 
73.37,0.032206, , 
73.4,0.032181, , 
73.42,0.032147, , 
73.45,0.032141, , 
73.48,0.032142, , 
73.51,0.032107, , 
73.53,0.032064, , 
73.56,0.032048, , 
73.59,0.032021, , 
73.62,0.032008, , 
73.64,0.032017, , 
73.67,0.032005, , 
73.7,0.03198, , 
73.73,0.031965, , 
73.75,0.031925, , 
73.78,0.031887, , 
73.81,0.031893, , 
73.84,0.031892, , 
73.86,0.031869, , 
73.89,0.031875, , 
73.92,0.031877, , 
73.95,0.031846, , 
73.97,0.031819, , 
74,0.031798, , 
74.03,0.031761, , 
74.06,0.031739, , 
74.08,0.031748, , 
74.11,0.031752, , 
74.14,0.031744, , 
74.17,0.03177, , 
74.19,0.031765, , 
74.22,0.031744, , 
74.25,0.031766, , 
74.28,0.031772, , 
74.31,0.03176, , 
74.33,0.031747, , 
74.36,0.031729, , 
74.39,0.031682, , 
74.42,0.031664, , 
74.44,0.031655, , 
74.47,0.03163, , 
74.5,0.031629, , 
74.53,0.031627, , 
74.55,0.03159, , 
74.58,0.031546, , 
74.61,0.031544, , 
74.64,0.03152, , 
74.66,0.031503, , 
74.69,0.03152, , 
74.72,0.031503, , 
74.75,0.031497, , 
74.77,0.031514, , 
74.8,0.0315, , 
74.83,0.031495, , 
74.86,0.031509, , 
74.88,0.031503, , 
74.91,0.031434, , 
74.94,0.031402, , 
74.97,0.0314, , 
74.99,0.031391, , 
75.02,0.03137, , 
75.05,0.031347, , 
75.08,0.031296, , 
75.1,0.031262, , 
75.13,0.031259, , 
75.16,0.03126, , 
75.19,0.031252, , 
75.21,0.031273, , 
75.24,0.031267, , 
75.27,0.031231, , 
75.3,0.031201, , 
75.32,0.031171, , 
75.35,0.031135, , 
75.38,0.031145, , 
75.41,0.031141, , 
75.43,0.031123, , 
75.46,0.031126, , 
75.49,0.031113, , 
75.52,0.031056, , 
75.54,0.03103, , 
75.57,0.031025, , 
75.6,0.031002, , 
75.63,0.030959, , 
75.65,0.030935, , 
75.68,0.030895, , 
75.71,0.030835, , 
75.73,0.030824, , 
75.76,0.030786, , 
75.79,0.030754, , 
75.82,0.030747, , 
75.84,0.030711, , 
75.87,0.030653, , 
75.9,0.030646, , 
75.93,0.030655, , 
75.95,0.03062, , 
75.98,0.030587, , 
76.01,0.030556, , 
76.04,0.030509, , 
76.06,0.030492, , 
76.09,0.030492, , 
76.12,0.030455, , 
76.15,0.030405, , 
76.17,0.030383, , 
76.2,0.030332, , 
76.23,0.030288, , 
76.26,0.030275, , 
76.28,0.030256, , 
76.31,0.030209, , 
76.34,0.030194, , 
76.37,0.030171, , 
76.39,0.030126, , 
76.42,0.03014, , 
76.45,0.030108, , 
76.48,0.030053, , 
76.5,0.03002, , 
76.53,0.03003, , 
76.56,0.030013, , 
76.59,0.030003, , 
76.61,0.030006, , 
76.64,0.030009, , 
76.67,0.029983, , 
76.7,0.029954, , 
76.72,0.029921, , 
76.75,0.029878, , 
76.78,0.029892, , 
76.81,0.029898, , 
76.83,0.029868, , 
76.86,0.029817, , 
76.89,0.0298, , 
76.92,0.029764, , 
76.94,0.029758, , 
76.97,0.029777, , 
77,0.02976, , 
77.03,0.029722, , 
77.06,0.029694, , 
77.08,0.029647, , 
77.11,0.029639, , 
77.14,0.029668, , 
77.17,0.029652, , 
77.19,0.029636, , 
77.22,0.029627, , 
77.25,0.02958, , 
77.28,0.029533, , 
77.3,0.029524, , 
77.33,0.029518, , 
77.36,0.029498, , 
77.39,0.029521, , 
77.41,0.02953, , 
77.44,0.029502, , 
77.47,0.029523, , 
77.5,0.029519, , 
77.52,0.029498, , 
77.55,0.029506, , 
77.58,0.029516, , 
77.61,0.029498, , 
77.63,0.029494, , 
77.66,0.029525, , 
77.69,0.029503, , 
77.72,0.029496, , 
77.74,0.029502, , 
77.77,0.029453, , 
77.8,0.02941, , 
77.83,0.029403, , 
77.85,0.029401, , 
77.88,0.029377, , 
77.91,0.029399, , 
77.94,0.0294, , 
77.96,0.029379, , 
77.99,0.029386, , 
78.02,0.029398, , 
78.05,0.029389, , 
78.07,0.029393, , 
78.1,0.029391, , 
78.13,0.029381, , 
78.16,0.029386, , 
78.18,0.029406, , 
78.21,0.029392, , 
78.24,0.029385, , 
78.27,0.029395, , 
78.29,0.029393, , 
78.32,0.029386, , 
78.35,0.029379, , 
78.38,0.029319, , 
78.4,0.029286, , 
78.43,0.029272, , 
78.46,0.029266, , 
78.48,0.029245, , 
78.51,0.029277, , 
78.54,0.029285, , 
78.57,0.029258, , 
78.59,0.029267, , 
78.62,0.029272, , 
78.65,0.029259, , 
78.68,0.029259, , 
78.7,0.029268, , 
78.73,0.029252, , 
78.73,0.029252, , 