Gradient Profiler Text Data File: 20160111_Andreev_7.5ulrnase.csv,,,
Version: 1.88,,,
Date: 2016-01-11,,,
Time: 20:34:37,,,
,,,
User: Alicia,,,
Experiment name: 20160111_rnaseicheck_2,,,
UV Unit: EM-1,,,
Rotor Manufacturer: Beckman,,,
Rotor Model: SW41Ti,,,
Speed: 35000 rpm,,,
Gradient: sucrose 10.0% to 50.0% w/v,,,
Time: 180,,,
w2t:  x 10^0,,,
Sample Volume: 0.16 ml,,,
Number of Tubes: 8,,,
Volume per mm: 0.143 ml/mm,,,
Temperature: 4.0 deg C,,,
,,,
Absorbance Units Full Scale (AUFS): 0.50,,,
Manual-triggered gradient; (with distance; but no event marks),,,
Delay: No Delay,,,
UV Wavelength: 254 nm,,,
Samples / sec: 8 Hz,,,
EM1 Speed: 0.22 mm/sec,,,
Distance: 2.02 mm,,,
Number: 52,,,
Dead Volume: 0.000000 ml; Distance due to Dead Volume: 0.00 mm,,,
Length of Tubing: 0 mm,,,
Total Distance: 105.04 mm,,,
,,,
Data Columns:,,,
Distance, Absorbance,,
0.03,0.12089,,
0.06,0.121434,,
0.08,0.119456,,
0.11,0.116146,,
0.14,0.111476, , 
0.17,0.106155, , 
0.19,0.100351, , 
0.22,0.093783, , 
0.25,0.0847, , 
0.28,0.074442, , 
0.3,0.063983, , 
0.33,0.057552, , 
0.36,0.054333, , 
0.39,0.052764, , 
0.41,0.052049, , 
0.44,0.051619, , 
0.47,0.05135, , 
0.5,0.051132, , 
0.52,0.050989, , 
0.55,0.050876, , 
0.58,0.050723, , 
0.6,0.050532, , 
0.63,0.050412, , 
0.66,0.051071, , 
0.69,0.053532, , 
0.71,0.056381, , 
0.74,0.05919, , 
0.77,0.06131, , 
0.8,0.062872, , 
0.82,0.064006, , 
0.85,0.06479, , 
0.88,0.06557, , 
0.91,0.066235, , 
0.94,0.066804, , 
0.96,0.067427, , 
0.99,0.067999, , 
1.02,0.068434, , 
1.04,0.068241, , 
1.07,0.066244, , 
1.1,0.063357, , 
1.13,0.060914, , 
1.16,0.059343, , 
1.18,0.058044, , 
1.21,0.057142, , 
1.24,0.056447, , 
1.26,0.055837, , 
1.29,0.055369, , 
1.32,0.055007, , 
1.35,0.054594, , 
1.38,0.054235, , 
1.4,0.053934, , 
1.43,0.053616, , 
1.46,0.053339, , 
1.49,0.053066, , 
1.51,0.05279, , 
1.54,0.052516, , 
1.57,0.052317, , 
1.6,0.052127, , 
1.62,0.051874, , 
1.65,0.051654, , 
1.68,0.05141, , 
1.71,0.051117, , 
1.73,0.050822, , 
1.76,0.050583, , 
1.79,0.050285, , 
1.81,0.049955, , 
1.84,0.049545, , 
1.87,0.04903, , 
1.9,0.048547, , 
1.93,0.048045, , 
1.95,0.047558, , 
1.98,0.047083, , 
2.01,0.046685, , 
2.04,0.046294, , 
2.06,0.045958, , 
2.09,0.04566, , 
2.12,0.045385, , 
2.15,0.045112, , 
2.17,0.044864, , 
2.2,0.044706, , 
2.23,0.044629, , 
2.25,0.044671, , 
2.28,0.044742, , 
2.31,0.044753, , 
2.34,0.044751, , 
2.37,0.04479, , 
2.39,0.044775, , 
2.42,0.044754, , 
2.45,0.044769, , 
2.48,0.04471, , 
2.5,0.044637, , 
2.53,0.044562, , 
2.56,0.044486, , 
2.59,0.044356, , 
2.61,0.044254, , 
2.64,0.044165, , 
2.67,0.044026, , 
2.69,0.043914, , 
2.72,0.043817, , 
2.75,0.043689, , 
2.78,0.043588, , 
2.81,0.043533, , 
2.83,0.043432, , 
2.86,0.043311, , 
2.89,0.043239, , 
2.92,0.043191, , 
2.94,0.043154, , 
2.97,0.043155, , 
3,0.043116, , 
3.02,0.043029, , 
3.05,0.043093, , 
3.08,0.044484, , 
3.11,0.050762, , 
3.13,0.058896, , 
3.16,0.063412, , 
3.19,0.064064, , 
3.22,0.062616, , 
3.25,0.060637, , 
3.27,0.058116, , 
3.3,0.05565, , 
3.33,0.05332, , 
3.36,0.051069, , 
3.38,0.049201, , 
3.41,0.047233, , 
3.44,0.045246, , 
3.46,0.041614, , 
3.49,0.033093, , 
3.52,0.024493, , 
3.55,0.018592, , 
3.58,0.018061, , 
3.6,0.023621, , 
3.63,0.03837, , 
3.66,0.062712, , 
3.69,0.089026, , 
3.71,0.122127, , 
3.74,0.156673, , 
3.77,0.191893, , 
3.79,0.227196, , 
3.82,0.258251, , 
3.85,0.293818, , 
3.88,0.329409, , 
3.9,0.364868, , 
3.93,0.400009, , 
3.96,0.433796, , 
3.99,0.460527, , 
4.01,0.483943, , 
4.04,0.498084, , 
4.07,0.505228, , 
4.1,0.508607, , 
4.13,0.509953, , 
4.15,0.510668, , 
4.18,0.511031, , 
4.21,0.511236, , 
4.24,0.51129, , 
4.26,0.511329, , 
4.29,0.511416, , 
4.32,0.511449, , 
4.34,0.511457, , 
4.37,0.511494, , 
4.4,0.511541, , 
4.43,0.511547, , 
4.46,0.511583, , 
4.48,0.511609, , 
4.51,0.51158, , 
4.54,0.511626, , 
4.57,0.511615, , 
4.59,0.511623, , 
4.62,0.511641, , 
4.65,0.511667, , 
4.67,0.511639, , 
4.7,0.511649, , 
4.73,0.511663, , 
4.76,0.511659, , 
4.79,0.511685, , 
4.81,0.511724, , 
4.84,0.511663, , 
4.87,0.51168, , 
4.89,0.511698, , 
4.92,0.511708, , 
4.95,0.511683, , 
4.98,0.51173, , 
5,0.511714, , 
5.03,0.511697, , 
5.06,0.51171, , 
5.09,0.511739, , 
5.12,0.511716, , 
5.14,0.511745, , 
5.17,0.511764, , 
5.2,0.511737, , 
5.22,0.511747, , 
5.25,0.511753, , 
5.28,0.511741, , 
5.31,0.511734, , 
5.34,0.511763, , 
5.36,0.511726, , 
5.39,0.511737, , 
5.42,0.511724, , 
5.45,0.511741, , 
5.47,0.511762, , 
5.5,0.511776, , 
5.53,0.511776, , 
5.55,0.511763, , 
5.58,0.511777, , 
5.61,0.511802, , 
5.64,0.511768, , 
5.67,0.511778, , 
5.69,0.511813, , 
5.72,0.511758, , 
5.75,0.511781, , 
5.78,0.511778, , 
5.8,0.511778, , 
5.83,0.51179, , 
5.86,0.511798, , 
5.88,0.511779, , 
5.91,0.511774, , 
5.94,0.511809, , 
5.97,0.511792, , 
6,0.511789, , 
6.02,0.511825, , 
6.05,0.511809, , 
6.08,0.511742, , 
6.11,0.51178, , 
6.13,0.511811, , 
6.16,0.511754, , 
6.19,0.511763, , 
6.21,0.511803, , 
6.24,0.511788, , 
6.27,0.511819, , 
6.3,0.511817, , 
6.33,0.511801, , 
6.35,0.511806, , 
6.38,0.511827, , 
6.41,0.511814, , 
6.43,0.511788, , 
6.46,0.511789, , 
6.49,0.511809, , 
6.52,0.511808, , 
6.54,0.511789, , 
6.57,0.511679, , 
6.6,0.5113, , 
6.63,0.51068, , 
6.66,0.50984, , 
6.68,0.508532, , 
6.71,0.50702, , 
6.74,0.505215, , 
6.76,0.503013, , 
6.79,0.500816, , 
6.82,0.4981, , 
6.85,0.495045, , 
6.88,0.491726, , 
6.9,0.488177, , 
6.93,0.4848, , 
6.96,0.480715, , 
6.99,0.476428, , 
7.01,0.471985, , 
7.04,0.467552, , 
7.07,0.463106, , 
7.09,0.459187, , 
7.12,0.454742, , 
7.15,0.450387, , 
7.18,0.445922, , 
7.21,0.441418, , 
7.23,0.437451, , 
7.26,0.433064, , 
7.29,0.4286, , 
7.32,0.42419, , 
7.34,0.419872, , 
7.37,0.415567, , 
7.4,0.411785, , 
7.42,0.407511, , 
7.45,0.403202, , 
7.48,0.398946, , 
7.51,0.394727, , 
7.54,0.391018, , 
7.56,0.38679, , 
7.59,0.382663, , 
7.62,0.378491, , 
7.64,0.374278, , 
7.67,0.370613, , 
7.7,0.366469, , 
7.73,0.362322, , 
7.75,0.35822, , 
7.78,0.354189, , 
7.81,0.35023, , 
7.84,0.346776, , 
7.87,0.34287, , 
7.89,0.338913, , 
7.92,0.335006, , 
7.95,0.331112, , 
7.97,0.327665, , 
8,0.323781, , 
8.03,0.320005, , 
8.06,0.316215, , 
8.09,0.312469, , 
8.11,0.308785, , 
8.14,0.305604, , 
8.17,0.301935, , 
8.2,0.298326, , 
8.22,0.294739, , 
8.25,0.291219, , 
8.28,0.288174, , 
8.3,0.284761, , 
8.33,0.281325, , 
8.36,0.277998, , 
8.39,0.274664, , 
8.41,0.271706, , 
8.44,0.268349, , 
8.47,0.265076, , 
8.5,0.261771, , 
8.53,0.258474, , 
8.55,0.255274, , 
8.58,0.252509, , 
8.61,0.249377, , 
8.63,0.246291, , 
8.66,0.243201, , 
8.69,0.240154, , 
8.72,0.23751, , 
8.74,0.234528, , 
8.77,0.231553, , 
8.8,0.228679, , 
8.83,0.225842, , 
8.86,0.222992, , 
8.88,0.220537, , 
8.91,0.217818, , 
8.94,0.215103, , 
8.96,0.21246, , 
8.99,0.209873, , 
9.02,0.207589, , 
9.05,0.205045, , 
9.07,0.202546, , 
9.1,0.200087, , 
9.13,0.19768, , 
9.16,0.195634, , 
9.19,0.193318, , 
9.21,0.190985, , 
9.24,0.188702, , 
9.27,0.186461, , 
9.29,0.184215, , 
9.32,0.182313, , 
9.35,0.180167, , 
9.38,0.178035, , 
9.4,0.175935, , 
9.43,0.173911, , 
9.46,0.172141, , 
9.49,0.170201, , 
9.52,0.168316, , 
9.54,0.166435, , 
9.57,0.164567, , 
9.6,0.162985, , 
9.63,0.161202, , 
9.65,0.159429, , 
9.68,0.157702, , 
9.71,0.15601, , 
9.73,0.154334, , 
9.76,0.152909, , 
9.79,0.151277, , 
9.82,0.149662, , 
9.85,0.148088, , 
9.87,0.146528, , 
9.9,0.145146, , 
9.93,0.14366, , 
9.96,0.142221, , 
9.98,0.14078, , 
10.01,0.139385, , 
10.04,0.138046, , 
10.07,0.136863, , 
10.09,0.135539, , 
10.12,0.134273, , 
10.15,0.132991, , 
10.18,0.131717, , 
10.2,0.130659, , 
10.23,0.129433, , 
10.26,0.128229, , 
10.29,0.12707, , 
10.31,0.125891, , 
10.34,0.124835, , 
10.37,0.123719, , 
10.4,0.12263, , 
10.42,0.121513, , 
10.45,0.120421, , 
10.48,0.119401, , 
10.51,0.118476, , 
10.53,0.117437, , 
10.56,0.116445, , 
10.59,0.115439, , 
10.62,0.114452, , 
10.64,0.113651, , 
10.67,0.112714, , 
10.7,0.111801, , 
10.73,0.110899, , 
10.75,0.109969, , 
10.78,0.109065, , 
10.81,0.108295, , 
10.84,0.107446, , 
10.86,0.106549, , 
10.89,0.105725, , 
10.92,0.104906, , 
10.95,0.10418, , 
10.97,0.103387, , 
11,0.102596, , 
11.03,0.101837, , 
11.06,0.101072, , 
11.08,0.100396, , 
11.11,0.099624, , 
11.14,0.098894, , 
11.16,0.098207, , 
11.19,0.09748, , 
11.22,0.096772, , 
11.25,0.096172, , 
11.28,0.09549, , 
11.3,0.094793, , 
11.33,0.094183, , 
11.36,0.093478, , 
11.39,0.092895, , 
11.41,0.092278, , 
11.44,0.091685, , 
11.47,0.091025, , 
11.49,0.090433, , 
11.52,0.089842, , 
11.55,0.089308, , 
11.58,0.088743, , 
11.61,0.088212, , 
11.63,0.087643, , 
11.66,0.087105, , 
11.69,0.086694, , 
11.72,0.086133, , 
11.74,0.085601, , 
11.77,0.08513, , 
11.8,0.084634, , 
11.82,0.084236, , 
11.85,0.083734, , 
11.88,0.083301, , 
11.91,0.082852, , 
11.94,0.082448, , 
11.96,0.082039, , 
11.99,0.081669, , 
12.02,0.081283, , 
12.05,0.080918, , 
12.07,0.080492, , 
12.1,0.08013, , 
12.13,0.079813, , 
12.15,0.079439, , 
12.18,0.079055, , 
12.21,0.078737, , 
12.24,0.078371, , 
12.27,0.078081, , 
12.29,0.077891, , 
12.32,0.07738, , 
12.35,0.077015, , 
12.38,0.0767, , 
12.4,0.076346, , 
12.43,0.07605, , 
12.46,0.075733, , 
12.48,0.075404, , 
12.51,0.075057, , 
12.54,0.074934, , 
12.57,0.074571, , 
12.6,0.074129, , 
12.62,0.073805, , 
12.65,0.073504, , 
12.68,0.073216, , 
12.71,0.07289, , 
12.73,0.072627, , 
12.76,0.072314, , 
12.79,0.072025, , 
12.82,0.071836, , 
12.84,0.071427, , 
12.87,0.071165, , 
12.9,0.070911, , 
12.93,0.070598, , 
12.95,0.070293, , 
12.98,0.070023, , 
13.01,0.0698, , 
13.04,0.069531, , 
13.06,0.069329, , 
13.09,0.068996, , 
13.12,0.06871, , 
13.15,0.068468, , 
13.17,0.068249, , 
13.2,0.067963, , 
13.23,0.06769, , 
13.26,0.06742, , 
13.28,0.06714, , 
13.31,0.067092, , 
13.34,0.06681, , 
13.37,0.06637, , 
13.39,0.066081, , 
13.42,0.0658, , 
13.45,0.065489, , 
13.48,0.065227, , 
13.5,0.064964, , 
13.53,0.064698, , 
13.56,0.064442, , 
13.59,0.064183, , 
13.61,0.063952, , 
13.64,0.063675, , 
13.67,0.063465, , 
13.7,0.06324, , 
13.72,0.062978, , 
13.75,0.06277, , 
13.78,0.06258, , 
13.81,0.062353, , 
13.83,0.06214, , 
13.86,0.061941, , 
13.89,0.061736, , 
13.91,0.061547, , 
13.94,0.061372, , 
13.97,0.061163, , 
14,0.06096, , 
14.03,0.060774, , 
14.05,0.060608, , 
14.08,0.060388, , 
14.11,0.060234, , 
14.14,0.060047, , 
14.16,0.059834, , 
14.19,0.059662, , 
14.22,0.059516, , 
14.24,0.059284, , 
14.27,0.059065, , 
14.3,0.058872, , 
14.33,0.058677, , 
14.36,0.058535, , 
14.38,0.058357, , 
14.41,0.058134, , 
14.44,0.057927, , 
14.47,0.057765, , 
14.49,0.057602, , 
14.52,0.057397, , 
14.55,0.057248, , 
14.57,0.057068, , 
14.6,0.056883, , 
14.63,0.056727, , 
14.66,0.056597, , 
14.69,0.056406, , 
14.71,0.056284, , 
14.74,0.056135, , 
14.77,0.055965, , 
14.8,0.055848, , 
14.82,0.055718, , 
14.85,0.05555, , 
14.88,0.055388, , 
14.9,0.055282, , 
14.93,0.055187, , 
14.96,0.055054, , 
14.99,0.05496, , 
15.02,0.054809, , 
15.04,0.054674, , 
15.07,0.054524, , 
15.1,0.054389, , 
15.13,0.054225, , 
15.15,0.054152, , 
15.18,0.054049, , 
15.21,0.053903, , 
15.23,0.053799, , 
15.26,0.053683, , 
15.29,0.053497, , 
15.32,0.053374, , 
15.35,0.053285, , 
15.37,0.053146, , 
15.4,0.053032, , 
15.43,0.05292, , 
15.46,0.05277, , 
15.48,0.05263, , 
15.51,0.052493, , 
15.54,0.052355, , 
15.57,0.052204, , 
15.59,0.052112, , 
15.62,0.052003, , 
15.65,0.05187, , 
15.68,0.051773, , 
15.7,0.05169, , 
15.73,0.051578, , 
15.76,0.051488, , 
15.79,0.051404, , 
15.81,0.051296, , 
15.84,0.051212, , 
15.87,0.051112, , 
15.9,0.050997, , 
15.92,0.050903, , 
15.95,0.050853, , 
15.98,0.050777, , 
16,0.050691, , 
16.03,0.05064, , 
16.06,0.050591, , 
16.09,0.05051, , 
16.11,0.050468, , 
16.14,0.050415, , 
16.17,0.050322, , 
16.2,0.050266, , 
16.23,0.050234, , 
16.25,0.050183, , 
16.28,0.050147, , 
16.31,0.050105, , 
16.34,0.050058, , 
16.36,0.050008, , 
16.39,0.049979, , 
16.42,0.049933, , 
16.45,0.049902, , 
16.47,0.04992, , 
16.5,0.049916, , 
16.53,0.049907, , 
16.56,0.04993, , 
16.58,0.049929, , 
16.61,0.049906, , 
16.64,0.049926, , 
16.66,0.049931, , 
16.69,0.049908, , 
16.72,0.049943, , 
16.75,0.04998, , 
16.77,0.050022, , 
16.8,0.050093, , 
16.83,0.050163, , 
16.86,0.050206, , 
16.89,0.050285, , 
16.91,0.050389, , 
16.94,0.050472, , 
16.97,0.050572, , 
17,0.050732, , 
17.02,0.050853, , 
17.05,0.050987, , 
17.08,0.051147, , 
17.11,0.051323, , 
17.13,0.051496, , 
17.16,0.051693, , 
17.19,0.051909, , 
17.22,0.052114, , 
17.24,0.05237, , 
17.27,0.05266, , 
17.3,0.052904, , 
17.32,0.053171, , 
17.35,0.053492, , 
17.38,0.053779, , 
17.41,0.054074, , 
17.43,0.054456, , 
17.46,0.054732, , 
17.49,0.055063, , 
17.52,0.055428, , 
17.55,0.055794, , 
17.57,0.056158, , 
17.6,0.056568, , 
17.63,0.056906, , 
17.66,0.057329, , 
17.68,0.057776, , 
17.71,0.058193, , 
17.74,0.058578, , 
17.77,0.058914, , 
17.79,0.059375, , 
17.82,0.059779, , 
17.85,0.060224, , 
17.88,0.060674, , 
17.9,0.061015, , 
17.93,0.061487, , 
17.96,0.06194, , 
17.98,0.062352, , 
18.01,0.062761, , 
18.04,0.063246, , 
18.07,0.063567, , 
18.09,0.063958, , 
18.12,0.064346, , 
18.15,0.064762, , 
18.18,0.065115, , 
18.2,0.065448, , 
18.23,0.065798, , 
18.26,0.066133, , 
18.29,0.066476, , 
18.32,0.066825, , 
18.34,0.067044, , 
18.37,0.067309, , 
18.4,0.067586, , 
18.43,0.067826, , 
18.45,0.068036, , 
18.48,0.068271, , 
18.51,0.068414, , 
18.54,0.068563, , 
18.56,0.068711, , 
18.59,0.068822, , 
18.62,0.068897, , 
18.65,0.068967, , 
18.67,0.068998, , 
18.7,0.068996, , 
18.73,0.069013, , 
18.75,0.068996, , 
18.79,0.068916, , 
18.81,0.068859, , 
18.84,0.068793, , 
18.86,0.068684, , 
18.89,0.068574, , 
18.92,0.068456, , 
18.95,0.068311, , 
18.98,0.068118, , 
19,0.067957, , 
19.03,0.067717, , 
19.06,0.06748, , 
19.09,0.067277, , 
19.11,0.067024, , 
19.14,0.066708, , 
19.17,0.066437, , 
19.2,0.066139, , 
19.23,0.065796, , 
19.25,0.065466, , 
19.28,0.065141, , 
19.31,0.064784, , 
19.33,0.064444, , 
19.36,0.064067, , 
19.39,0.063721, , 
19.41,0.063332, , 
19.44,0.063012, , 
19.47,0.062591, , 
19.5,0.062195, , 
19.53,0.061836, , 
19.55,0.061497, , 
19.58,0.061062, , 
19.61,0.06069, , 
19.64,0.060311, , 
19.66,0.059903, , 
19.69,0.059595, , 
19.72,0.059196, , 
19.75,0.058791, , 
19.77,0.058402, , 
19.8,0.058043, , 
19.83,0.057726, , 
19.86,0.057318, , 
19.88,0.056969, , 
19.91,0.056595, , 
19.94,0.056256, , 
19.97,0.055913, , 
19.99,0.055594, , 
20.02,0.055255, , 
20.05,0.054977, , 
20.07,0.054648, , 
20.1,0.054314, , 
20.13,0.054042, , 
20.16,0.05376, , 
20.18,0.05345, , 
20.21,0.053199, , 
20.24,0.052923, , 
20.27,0.052642, , 
20.3,0.052406, , 
20.32,0.052171, , 
20.35,0.051905, , 
20.38,0.051683, , 
20.41,0.051459, , 
20.43,0.051244, , 
20.46,0.051007, , 
20.49,0.050826, , 
20.52,0.050599, , 
20.54,0.050402, , 
20.57,0.050266, , 
20.6,0.050081, , 
20.63,0.049879, , 
20.65,0.049731, , 
20.68,0.049587, , 
20.71,0.049414, , 
20.73,0.049242, , 
20.76,0.049061, , 
20.79,0.048878, , 
20.82,0.048753, , 
20.84,0.048637, , 
20.87,0.048524, , 
20.9,0.048398, , 
20.93,0.048285, , 
20.95,0.048118, , 
20.98,0.047976, , 
21.01,0.047893, , 
21.04,0.047791, , 
21.07,0.04765, , 
21.09,0.047549, , 
21.12,0.047446, , 
21.15,0.047334, , 
21.18,0.047258, , 
21.2,0.047176, , 
21.23,0.047077, , 
21.26,0.047011, , 
21.29,0.046914, , 
21.31,0.04681, , 
21.34,0.046738, , 
21.37,0.046678, , 
21.4,0.046582, , 
21.42,0.04651, , 
21.45,0.046465, , 
21.48,0.04639, , 
21.5,0.04629, , 
21.53,0.046245, , 
21.56,0.046187, , 
21.59,0.046107, , 
21.61,0.04606, , 
21.64,0.045987, , 
21.67,0.04589, , 
21.7,0.045852, , 
21.73,0.045802, , 
21.75,0.045722, , 
21.78,0.045641, , 
21.81,0.045591, , 
21.84,0.04551, , 
21.86,0.045428, , 
21.89,0.045349, , 
21.92,0.04526, , 
21.95,0.045186, , 
21.97,0.045141, , 
22,0.045076, , 
22.03,0.044997, , 
22.06,0.044965, , 
22.08,0.044913, , 
22.11,0.044833, , 
22.14,0.044777, , 
22.16,0.044728, , 
22.2,0.04466, , 
22.22,0.044624, , 
22.25,0.04459, , 
22.27,0.04451, , 
22.3,0.044462, , 
22.33,0.044437, , 
22.36,0.044387, , 
22.39,0.044327, , 
22.41,0.044305, , 
22.44,0.044229, , 
22.47,0.044174, , 
22.5,0.044159, , 
22.52,0.044114, , 
22.55,0.044039, , 
22.58,0.043991, , 
22.61,0.043948, , 
22.64,0.043892, , 
22.66,0.043833, , 
22.69,0.043779, , 
22.72,0.043699, , 
22.74,0.043665, , 
22.77,0.043636, , 
22.8,0.043602, , 
22.82,0.043561, , 
22.85,0.043552, , 
22.88,0.043516, , 
22.91,0.043485, , 
22.94,0.043459, , 
22.96,0.043415, , 
22.99,0.043344, , 
23.02,0.043319, , 
23.05,0.043269, , 
23.07,0.043204, , 
23.1,0.043172, , 
23.13,0.043136, , 
23.16,0.043049, , 
23.18,0.042992, , 
23.21,0.042934, , 
23.24,0.042861, , 
23.27,0.042803, , 
23.29,0.042773, , 
23.32,0.042703, , 
23.35,0.042663, , 
23.38,0.042632, , 
23.4,0.042572, , 
23.43,0.042511, , 
23.46,0.042513, , 
23.48,0.042468, , 
23.51,0.042403, , 
23.54,0.042403, , 
23.57,0.04237, , 
23.59,0.042304, , 
23.62,0.04229, , 
23.65,0.042268, , 
23.68,0.042213, , 
23.7,0.042175, , 
23.73,0.042162, , 
23.76,0.042076, , 
23.79,0.042046, , 
23.82,0.042054, , 
23.84,0.042024, , 
23.87,0.041977, , 
23.9,0.041959, , 
23.93,0.041926, , 
23.95,0.041905, , 
23.98,0.041893, , 
24.01,0.041843, , 
24.04,0.041785, , 
24.06,0.041771, , 
24.09,0.041781, , 
24.12,0.041771, , 
24.15,0.04177, , 
24.17,0.041779, , 
24.2,0.041757, , 
24.23,0.041728, , 
24.25,0.041697, , 
24.28,0.041649, , 
24.31,0.04163, , 
24.34,0.041656, , 
24.36,0.041623, , 
24.39,0.041572, , 
24.42,0.041545, , 
24.45,0.041503, , 
24.48,0.04144, , 
24.5,0.041365, , 
24.53,0.04127, , 
24.56,0.041182, , 
24.59,0.04115, , 
24.61,0.041109, , 
24.64,0.041025, , 
24.67,0.040989, , 
24.7,0.040957, , 
24.72,0.0409, , 
24.75,0.040844, , 
24.78,0.040818, , 
24.81,0.040769, , 
24.83,0.040751, , 
24.86,0.040734, , 
24.89,0.040689, , 
24.91,0.04065, , 
24.94,0.040669, , 
24.97,0.040656, , 
25,0.040647, , 
25.02,0.040652, , 
25.05,0.040616, , 
25.08,0.040555, , 
25.11,0.040533, , 
25.14,0.040543, , 
25.16,0.040527, , 
25.19,0.040527, , 
25.22,0.040541, , 
25.25,0.040472, , 
25.27,0.040426, , 
25.3,0.040432, , 
25.33,0.040416, , 
25.36,0.040394, , 
25.38,0.040381, , 
25.41,0.040313, , 
25.44,0.040287, , 
25.47,0.040289, , 
25.49,0.040283, , 
25.52,0.040269, , 
25.55,0.040253, , 
25.57,0.040212, , 
25.61,0.040155, , 
25.63,0.040149, , 
25.66,0.04017, , 
25.68,0.04016, , 
25.71,0.040148, , 
25.74,0.040174, , 
25.77,0.040161, , 
25.8,0.040141, , 
25.82,0.040132, , 
25.85,0.040089, , 
25.88,0.040046, , 
25.91,0.040052, , 
25.93,0.040031, , 
25.96,0.039949, , 
25.99,0.039927, , 
26.02,0.039918, , 
26.05,0.039895, , 
26.07,0.039894, , 
26.1,0.039893, , 
26.13,0.039884, , 
26.15,0.039915, , 
26.18,0.039999, , 
26.21,0.040037, , 
26.23,0.040091, , 
26.26,0.040138, , 
26.29,0.040142, , 
26.32,0.040164, , 
26.35,0.040239, , 
26.37,0.040242, , 
26.4,0.040239, , 
26.43,0.040281, , 
26.45,0.04025, , 
26.48,0.040182, , 
26.51,0.040172, , 
26.54,0.040157, , 
26.57,0.040076, , 
26.59,0.040008, , 
26.62,0.039958, , 
26.65,0.039922, , 
26.68,0.039897, , 
26.7,0.0399, , 
26.73,0.039894, , 
26.76,0.039894, , 
26.79,0.039908, , 
26.81,0.039907, , 
26.84,0.039904, , 
26.87,0.039958, , 
26.9,0.039969, , 
26.92,0.039994, , 
26.95,0.040017, , 
26.98,0.040012, , 
27,0.039992, , 
27.03,0.040017, , 
27.06,0.040025, , 
27.09,0.040011, , 
27.11,0.040034, , 
27.14,0.040101, , 
27.17,0.040106, , 
27.2,0.040113, , 
27.23,0.040129, , 
27.25,0.040071, , 
27.28,0.040027, , 
27.31,0.040035, , 
27.34,0.040016, , 
27.36,0.040013, , 
27.39,0.040032, , 
27.42,0.040017, , 
27.45,0.039985, , 
27.47,0.039952, , 
27.5,0.039891, , 
27.53,0.039808, , 
27.56,0.039764, , 
27.58,0.039759, , 
27.62,0.039765, , 
27.64,0.039792, , 
27.66,0.039858, , 
27.7,0.0399, , 
27.72,0.039953, , 
27.75,0.040066, , 
27.77,0.040148, , 
27.8,0.040205, , 
27.83,0.040257, , 
27.86,0.040278, , 
27.89,0.040295, , 
27.91,0.040349, , 
27.94,0.040359, , 
27.97,0.04032, , 
28,0.040295, , 
28.02,0.040256, , 
28.05,0.040156, , 
28.08,0.040089, , 
28.11,0.040023, , 
28.13,0.039939, , 
28.16,0.039912, , 
28.19,0.039917, , 
28.22,0.0399, , 
28.24,0.039887, , 
28.27,0.039912, , 
28.3,0.039935, , 
28.32,0.039978, , 
28.35,0.040018, , 
28.38,0.040039, , 
28.41,0.040075, , 
28.43,0.040116, , 
28.46,0.040171, , 
28.49,0.040208, , 
28.52,0.040223, , 
28.55,0.04018, , 
28.57,0.040099, , 
28.6,0.040063, , 
28.63,0.040045, , 
28.66,0.039993, , 
28.68,0.039928, , 
28.71,0.039877, , 
28.74,0.039799, , 
28.77,0.039706, , 
28.79,0.039666, , 
28.82,0.039582, , 
28.85,0.039462, , 
28.88,0.039407, , 
28.9,0.039338, , 
28.93,0.039249, , 
28.96,0.039212, , 
28.98,0.039152, , 
29.02,0.039083, , 
29.04,0.039042, , 
29.07,0.039041, , 
29.09,0.039007, , 
29.12,0.039014, , 
29.15,0.039038, , 
29.18,0.039017, , 
29.2,0.039015, , 
29.23,0.039023, , 
29.26,0.039009, , 
29.29,0.039013, , 
29.32,0.039039, , 
29.34,0.039037, , 
29.37,0.039009, , 
29.4,0.039014, , 
29.43,0.039024, , 
29.46,0.039019, , 
29.48,0.039015, , 
29.51,0.039021, , 
29.54,0.038994, , 
29.56,0.039004, , 
29.59,0.038996, , 
29.62,0.038941, , 
29.65,0.038893, , 
29.67,0.038907, , 
29.7,0.038887, , 
29.73,0.038913, , 
29.75,0.038974, , 
29.78,0.03903, , 
29.81,0.039111, , 
29.84,0.039214, , 
29.86,0.039239, , 
29.89,0.039243, , 
29.92,0.039256, , 
29.95,0.039261, , 
29.98,0.039249, , 
30,0.039264, , 
30.03,0.039276, , 
30.06,0.039265, , 
30.09,0.039267, , 
30.11,0.039271, , 
30.14,0.03922, , 
30.17,0.03913, , 
30.2,0.039045, , 
30.22,0.038969, , 
30.25,0.038902, , 
30.28,0.038906, , 
30.31,0.038869, , 
30.33,0.038805, , 
30.36,0.038802, , 
30.39,0.03877, , 
30.41,0.038725, , 
30.44,0.038736, , 
30.47,0.038749, , 
30.5,0.038743, , 
30.52,0.038754, , 
30.55,0.038772, , 
30.58,0.038742, , 
30.61,0.038713, , 
30.64,0.038685, , 
30.66,0.038638, , 
30.69,0.038596, , 
30.72,0.038567, , 
30.75,0.038521, , 
30.77,0.038517, , 
30.8,0.038578, , 
30.83,0.038585, , 
30.86,0.038559, , 
30.88,0.038546, , 
30.91,0.038517, , 
30.94,0.038509, , 
30.97,0.038538, , 
30.99,0.038578, , 
31.02,0.038602, , 
31.05,0.038624, , 
31.07,0.038631, , 
31.1,0.038625, , 
31.13,0.038635, , 
31.16,0.038643, , 
31.18,0.038593, , 
31.21,0.038543, , 
31.24,0.038539, , 
31.27,0.03852, , 
31.3,0.038499, , 
31.32,0.038481, , 
31.35,0.038437, , 
31.38,0.038398, , 
31.41,0.038414, , 
31.43,0.038464, , 
31.46,0.038472, , 
31.49,0.038499, , 
31.52,0.038519, , 
31.54,0.038507, , 
31.57,0.038546, , 
31.6,0.038585, , 
31.63,0.038604, , 
31.65,0.038658, , 
31.68,0.038712, , 
31.71,0.038743, , 
31.73,0.038789, , 
31.76,0.038859, , 
31.79,0.038865, , 
31.82,0.038883, , 
31.84,0.038924, , 
31.87,0.038949, , 
31.9,0.038991, , 
31.93,0.039063, , 
31.95,0.039126, , 
31.98,0.039167, , 
32.01,0.03925, , 
32.04,0.039304, , 
32.06,0.039351, , 
32.09,0.039416, , 
32.12,0.039484, , 
32.15,0.03956, , 
32.17,0.039651, , 
32.2,0.039738, , 
32.23,0.039771, , 
32.26,0.039827, , 
32.28,0.03991, , 
32.31,0.039967, , 
32.34,0.039995, , 
32.37,0.040036, , 
32.4,0.040076, , 
32.43,0.040134, , 
32.45,0.040205, , 
32.48,0.040251, , 
32.51,0.040282, , 
32.53,0.040347, , 
32.56,0.040405, , 
32.59,0.040434, , 
32.62,0.040525, , 
32.64,0.040589, , 
32.67,0.04066, , 
32.7,0.040758, , 
32.73,0.040864, , 
32.75,0.04095, , 
32.78,0.041066, , 
32.81,0.041209, , 
32.84,0.041314, , 
32.87,0.041403, , 
32.89,0.041527, , 
32.92,0.041661, , 
32.95,0.041778, , 
32.97,0.041936, , 
33,0.042075, , 
33.03,0.042197, , 
33.06,0.042367, , 
33.08,0.042507, , 
33.11,0.042653, , 
33.14,0.042857, , 
33.16,0.043037, , 
33.19,0.043171, , 
33.22,0.043323, , 
33.25,0.043479, , 
33.27,0.043589, , 
33.3,0.043697, , 
33.33,0.043791, , 
33.36,0.04386, , 
33.38,0.043942, , 
33.41,0.044036, , 
33.44,0.044095, , 
33.47,0.04414, , 
33.49,0.044215, , 
33.52,0.044238, , 
33.55,0.044264, , 
33.58,0.044344, , 
33.61,0.04441, , 
33.63,0.044451, , 
33.66,0.044547, , 
33.69,0.044629, , 
33.72,0.044662, , 
33.74,0.044727, , 
33.77,0.044784, , 
33.8,0.04483, , 
33.83,0.044896, , 
33.85,0.04498, , 
33.88,0.045039, , 
33.91,0.045075, , 
33.94,0.045131, , 
33.96,0.045129, , 
33.99,0.045112, , 
34.02,0.045139, , 
34.05,0.045125, , 
34.07,0.045113, , 
34.1,0.045139, , 
34.13,0.045136, , 
34.16,0.045116, , 
34.18,0.04514, , 
34.21,0.045106, , 
34.24,0.045045, , 
34.27,0.045045, , 
34.29,0.045087, , 
34.32,0.04509, , 
34.35,0.045122, , 
34.38,0.045186, , 
34.4,0.045199, , 
34.43,0.04523, , 
34.46,0.045275, , 
34.48,0.045317, , 
34.51,0.04536, , 
34.54,0.045447, , 
34.57,0.04544, , 
34.59,0.045378, , 
34.62,0.04534, , 
34.65,0.045255, , 
34.68,0.045153, , 
34.7,0.045053, , 
34.73,0.044934, , 
34.76,0.044782, , 
34.79,0.044687, , 
34.81,0.044533, , 
34.84,0.044354, , 
34.87,0.044204, , 
34.9,0.044053, , 
34.92,0.043892, , 
34.95,0.043791, , 
34.98,0.043725, , 
35.01,0.043657, , 
35.03,0.04359, , 
35.06,0.04353, , 
35.09,0.04345, , 
35.12,0.043378, , 
35.15,0.043311, , 
35.17,0.043236, , 
35.2,0.043161, , 
35.23,0.043128, , 
35.26,0.043087, , 
35.28,0.043004, , 
35.31,0.042953, , 
35.34,0.042913, , 
35.37,0.042839, , 
35.39,0.042781, , 
35.42,0.042724, , 
35.45,0.042666, , 
35.48,0.042641, , 
35.5,0.042647, , 
35.53,0.042586, , 
35.56,0.042549, , 
35.59,0.042537, , 
35.61,0.042526, , 
35.64,0.042499, , 
35.67,0.042474, , 
35.7,0.042432, , 
35.72,0.042392, , 
35.75,0.042396, , 
35.78,0.042386, , 
35.81,0.042377, , 
35.83,0.042378, , 
35.86,0.042335, , 
35.89,0.042281, , 
35.91,0.042278, , 
35.94,0.042267, , 
35.97,0.042181, , 
36,0.042143, , 
36.02,0.042092, , 
36.05,0.042021, , 
36.08,0.042013, , 
36.11,0.042025, , 
36.13,0.04203, , 
36.16,0.042076, , 
36.19,0.042196, , 
36.22,0.042289, , 
36.24,0.042333, , 
36.27,0.042366, , 
36.3,0.042385, , 
36.33,0.042386, , 
36.35,0.042475, , 
36.38,0.042587, , 
36.41,0.042666, , 
36.44,0.042752, , 
36.47,0.042822, , 
36.49,0.042848, , 
36.52,0.042852, , 
36.55,0.042784, , 
36.58,0.042694, , 
36.6,0.042578, , 
36.63,0.04256, , 
36.66,0.042518, , 
36.69,0.042489, , 
36.71,0.042441, , 
36.74,0.042344, , 
36.77,0.042199, , 
36.8,0.04208, , 
36.82,0.041925, , 
36.85,0.04178, , 
36.88,0.041693, , 
36.91,0.041603, , 
36.93,0.041507, , 
36.96,0.041454, , 
36.99,0.041386, , 
37.02,0.041316, , 
37.04,0.041246, , 
37.07,0.041196, , 
37.1,0.04112, , 
37.13,0.041115, , 
37.15,0.041113, , 
37.18,0.041061, , 
37.21,0.04104, , 
37.23,0.041047, , 
37.26,0.041064, , 
37.29,0.041063, , 
37.32,0.041065, , 
37.34,0.04102, , 
37.37,0.040949, , 
37.4,0.040916, , 
37.43,0.040891, , 
37.45,0.040829, , 
37.48,0.040804, , 
37.51,0.040787, , 
37.54,0.040728, , 
37.56,0.040689, , 
37.59,0.040658, , 
37.62,0.040634, , 
37.65,0.040628, , 
37.67,0.040605, , 
37.7,0.040575, , 
37.73,0.04059, , 
37.76,0.040625, , 
37.78,0.040612, , 
37.81,0.040583, , 
37.84,0.040553, , 
37.87,0.04053, , 
37.9,0.040509, , 
37.92,0.040512, , 
37.95,0.040511, , 
37.98,0.040507, , 
38.01,0.040549, , 
38.03,0.04058, , 
38.06,0.040583, , 
38.09,0.040617, , 
38.12,0.040635, , 
38.14,0.040614, , 
38.17,0.040634, , 
38.2,0.040649, , 
38.23,0.040618, , 
38.25,0.0406, , 
38.28,0.040578, , 
38.31,0.040544, , 
38.34,0.040524, , 
38.36,0.040537, , 
38.39,0.040535, , 
38.42,0.04052, , 
38.45,0.040506, , 
38.47,0.040446, , 
38.5,0.040386, , 
38.53,0.040337, , 
38.56,0.040305, , 
38.58,0.040264, , 
38.61,0.040254, , 
38.64,0.04021, , 
38.66,0.040155, , 
38.69,0.040139, , 
38.72,0.040153, , 
38.75,0.04013, , 
38.77,0.040138, , 
38.8,0.040151, , 
38.83,0.040141, , 
38.86,0.040134, , 
38.88,0.040155, , 
38.91,0.040133, , 
38.94,0.040122, , 
38.97,0.04014, , 
38.99,0.040143, , 
39.02,0.040144, , 
39.05,0.04021, , 
39.08,0.04029, , 
39.1,0.040312, , 
39.13,0.040319, , 
39.16,0.040309, , 
39.19,0.040249, , 
39.22,0.040202, , 
39.24,0.0402, , 
39.27,0.040164, , 
39.3,0.040148, , 
39.33,0.040149, , 
39.35,0.040102, , 
39.38,0.040067, , 
39.41,0.040009, , 
39.44,0.0399, , 
39.46,0.039794, , 
39.49,0.039734, , 
39.52,0.039627, , 
39.55,0.039565, , 
39.57,0.039546, , 
39.6,0.039534, , 
39.63,0.03954, , 
39.66,0.039588, , 
39.68,0.039621, , 
39.71,0.039617, , 
39.74,0.039628, , 
39.77,0.039643, , 
39.79,0.039637, , 
39.82,0.039668, , 
39.85,0.039718, , 
39.88,0.039723, , 
39.9,0.039738, , 
39.93,0.039754, , 
39.96,0.039703, , 
39.98,0.039659, , 
40.01,0.039625, , 
40.04,0.039547, , 
40.07,0.039444, , 
40.09,0.039426, , 
40.12,0.039402, , 
40.15,0.039378, , 
40.18,0.039386, , 
40.2,0.039389, , 
40.23,0.039379, , 
40.26,0.039406, , 
40.29,0.03944, , 
40.31,0.03944, , 
40.34,0.039478, , 
40.37,0.039493, , 
40.4,0.03949, , 
40.42,0.039484, , 
40.45,0.039516, , 
40.48,0.039498, , 
40.51,0.039497, , 
40.53,0.039541, , 
40.56,0.039541, , 
40.59,0.039532, , 
40.62,0.039534, , 
40.65,0.039515, , 
40.67,0.039487, , 
40.7,0.03952, , 
40.73,0.039512, , 
40.76,0.039488, , 
40.78,0.039535, , 
40.81,0.039576, , 
40.84,0.039578, , 
40.87,0.039572, , 
40.89,0.039563, , 
40.92,0.039503, , 
40.95,0.039465, , 
40.98,0.039479, , 
41,0.039493, , 
41.03,0.039496, , 
41.06,0.039563, , 
41.09,0.03961, , 
41.11,0.039649, , 
41.14,0.03972, , 
41.17,0.039726, , 
41.2,0.039736, , 
41.22,0.039768, , 
41.25,0.039764, , 
41.28,0.039741, , 
41.31,0.039731, , 
41.33,0.039697, , 
41.36,0.039617, , 
41.39,0.039556, , 
41.41,0.039491, , 
41.44,0.039344, , 
41.47,0.039287, , 
41.5,0.039216, , 
41.52,0.039156, , 
41.55,0.039171, , 
41.58,0.039234, , 
41.61,0.039242, , 
41.63,0.039247, , 
41.66,0.039268, , 
41.69,0.039273, , 
41.72,0.039293, , 
41.74,0.039357, , 
41.77,0.039384, , 
41.8,0.039367, , 
41.83,0.039389, , 
41.85,0.039393, , 
41.88,0.03937, , 
41.91,0.039367, , 
41.94,0.039339, , 
41.97,0.039323, , 
41.99,0.039231, , 
42.02,0.039171, , 
42.05,0.039127, , 
42.08,0.03913, , 
42.1,0.039138, , 
42.13,0.039163, , 
42.16,0.039242, , 
42.19,0.039342, , 
42.21,0.039364, , 
42.24,0.039367, , 
42.27,0.039397, , 
42.3,0.039395, , 
42.32,0.039398, , 
42.35,0.039449, , 
42.38,0.039485, , 
42.41,0.039491, , 
42.43,0.039585, , 
42.46,0.039653, , 
42.49,0.039658, , 
42.52,0.039649, , 
42.54,0.039604, , 
42.57,0.039548, , 
42.6,0.039538, , 
42.63,0.039548, , 
42.65,0.039522, , 
42.68,0.039491, , 
42.71,0.039446, , 
42.73,0.039374, , 
42.76,0.03929, , 
42.79,0.039248, , 
42.82,0.039159, , 
42.84,0.039077, , 
42.87,0.039033, , 
42.9,0.038967, , 
42.93,0.03889, , 
42.95,0.038865, , 
42.98,0.038834, , 
43.01,0.038831, , 
43.04,0.038851, , 
43.06,0.038871, , 
43.09,0.038842, , 
43.12,0.038844, , 
43.15,0.038877, , 
43.17,0.038868, , 
43.2,0.038878, , 
43.23,0.038887, , 
43.26,0.038879, , 
43.28,0.038885, , 
43.31,0.038905, , 
43.34,0.038889, , 
43.37,0.038881, , 
43.4,0.038896, , 
43.42,0.038889, , 
43.45,0.03887, , 
43.48,0.038904, , 
43.51,0.038939, , 
43.53,0.038954, , 
43.56,0.038993, , 
43.59,0.039038, , 
43.62,0.03906, , 
43.64,0.039103, , 
43.67,0.039174, , 
43.7,0.039238, , 
43.73,0.039315, , 
43.75,0.039384, , 
43.78,0.039416, , 
43.81,0.039483, , 
43.84,0.039513, , 
43.86,0.039499, , 
43.89,0.039495, , 
43.92,0.039511, , 
43.95,0.039479, , 
43.97,0.03946, , 
44,0.039479, , 
44.03,0.03946, , 
44.06,0.039407, , 
44.08,0.039419, , 
44.11,0.039421, , 
44.14,0.039426, , 
44.16,0.039478, , 
44.19,0.039538, , 
44.22,0.039595, , 
44.25,0.039723, , 
44.27,0.039828, , 
44.3,0.039982, , 
44.33,0.040067, , 
44.36,0.04015, , 
44.38,0.040184, , 
44.41,0.040241, , 
44.44,0.040299, , 
44.47,0.040335, , 
44.49,0.040315, , 
44.52,0.040302, , 
44.55,0.040284, , 
44.58,0.040263, , 
44.6,0.040249, , 
44.63,0.040201, , 
44.66,0.040108, , 
44.69,0.040074, , 
44.72,0.040035, , 
44.74,0.039995, , 
44.77,0.040015, , 
44.8,0.040032, , 
44.83,0.039996, , 
44.85,0.040003, , 
44.88,0.040019, , 
44.91,0.040003, , 
44.94,0.040002, , 
44.96,0.039999, , 
44.99,0.039945, , 
45.02,0.039911, , 
45.05,0.039906, , 
45.07,0.039882, , 
45.1,0.039857, , 
45.13,0.039849, , 
45.16,0.039803, , 
45.18,0.039759, , 
45.21,0.039781, , 
45.24,0.039771, , 
45.27,0.03975, , 
45.29,0.039767, , 
45.32,0.039785, , 
45.35,0.039768, , 
45.38,0.039807, , 
45.4,0.03986, , 
45.43,0.039857, , 
45.46,0.039901, , 
45.48,0.039953, , 
45.51,0.039986, , 
45.54,0.039986, , 
45.57,0.040009, , 
45.59,0.039963, , 
45.62,0.039928, , 
45.65,0.039912, , 
45.68,0.039878, , 
45.7,0.03981, , 
45.73,0.039798, , 
45.76,0.039779, , 
45.79,0.039716, , 
45.81,0.039672, , 
45.84,0.03966, , 
45.87,0.03963, , 
45.9,0.039627, , 
45.92,0.039648, , 
45.95,0.039631, , 
45.98,0.039598, , 
46.01,0.039574, , 
46.03,0.039517, , 
46.06,0.039506, , 
46.09,0.039534, , 
46.12,0.039567, , 
46.15,0.039602, , 
46.17,0.039631, , 
46.2,0.039631, , 
46.23,0.039619, , 
46.26,0.039635, , 
46.28,0.039611, , 
46.31,0.039561, , 
46.34,0.039532, , 
46.37,0.039529, , 
46.39,0.039504, , 
46.42,0.039511, , 
46.45,0.039518, , 
46.48,0.039467, , 
46.5,0.03943, , 
46.53,0.039389, , 
46.56,0.039316, , 
46.59,0.03928, , 
46.61,0.039259, , 
46.64,0.039193, , 
46.67,0.039134, , 
46.7,0.03912, , 
46.72,0.039079, , 
46.75,0.039077, , 
46.78,0.039161, , 
46.81,0.039232, , 
46.83,0.039285, , 
46.86,0.039337, , 
46.89,0.039386, , 
46.91,0.039365, , 
46.94,0.039379, , 
46.97,0.039394, , 
47,0.039394, , 
47.02,0.039435, , 
47.05,0.039493, , 
47.08,0.039487, , 
47.11,0.039494, , 
47.13,0.039511, , 
47.16,0.039468, , 
47.19,0.03943, , 
47.22,0.039396, , 
47.24,0.039333, , 
47.27,0.03924, , 
47.3,0.039202, , 
47.33,0.039171, , 
47.35,0.039121, , 
47.38,0.039056, , 
47.41,0.039031, , 
47.44,0.039023, , 
47.47,0.039056, , 
47.49,0.039058, , 
47.52,0.039015, , 
47.55,0.039012, , 
47.58,0.039027, , 
47.6,0.039015, , 
47.63,0.039002, , 
47.66,0.03903, , 
47.69,0.039041, , 
47.71,0.039075, , 
47.74,0.039128, , 
47.77,0.039124, , 
47.8,0.039121, , 
47.82,0.039117, , 
47.85,0.039076, , 
47.88,0.038984, , 
47.91,0.038934, , 
47.93,0.038857, , 
47.96,0.038747, , 
47.99,0.038681, , 
48.02,0.038647, , 
48.04,0.038571, , 
48.07,0.038534, , 
48.1,0.038542, , 
48.13,0.038554, , 
48.15,0.038586, , 
48.18,0.03864, , 
48.21,0.038635, , 
48.23,0.038644, , 
48.26,0.038663, , 
48.29,0.03869, , 
48.32,0.038704, , 
48.34,0.038731, , 
48.37,0.038761, , 
48.4,0.038733, , 
48.43,0.038712, , 
48.45,0.038684, , 
48.48,0.038602, , 
48.51,0.038565, , 
48.54,0.038532, , 
48.56,0.038474, , 
48.59,0.038416, , 
48.62,0.038404, , 
48.65,0.03834, , 
48.67,0.0383, , 
48.7,0.038295, , 
48.73,0.038283, , 
48.76,0.038259, , 
48.78,0.038265, , 
48.81,0.038227, , 
48.84,0.038166, , 
48.87,0.03816, , 
48.9,0.038162, , 
48.92,0.038129, , 
48.95,0.038137, , 
48.98,0.038148, , 
49.01,0.038127, , 
49.03,0.03812, , 
49.06,0.038134, , 
49.09,0.038076, , 
49.12,0.038037, , 
49.14,0.038033, , 
49.17,0.038012, , 
49.2,0.037994, , 
49.23,0.038014, , 
49.25,0.037993, , 
49.28,0.037944, , 
49.31,0.037919, , 
49.34,0.037885, , 
49.36,0.037816, , 
49.39,0.037786, , 
49.42,0.037737, , 
49.45,0.037673, , 
49.47,0.037656, , 
49.5,0.037655, , 
49.53,0.037655, , 
49.56,0.037702, , 
49.58,0.037718, , 
49.61,0.037683, , 
49.64,0.037685, , 
49.66,0.037742, , 
49.69,0.037746, , 
49.72,0.037745, , 
49.75,0.037765, , 
49.77,0.037773, , 
49.8,0.037757, , 
49.83,0.037761, , 
49.86,0.037762, , 
49.88,0.037747, , 
49.91,0.037763, , 
49.94,0.037741, , 
49.97,0.037678, , 
49.99,0.037661, , 
50.02,0.03765, , 
50.05,0.03761, , 
50.08,0.037568, , 
50.1,0.037556, , 
50.13,0.037532, , 
50.16,0.037513, , 
50.19,0.037513, , 
50.22,0.037471, , 
50.24,0.037417, , 
50.27,0.03742, , 
50.3,0.037402, , 
50.33,0.037343, , 
50.35,0.037322, , 
50.38,0.037311, , 
50.41,0.037266, , 
50.44,0.037281, , 
50.46,0.037301, , 
50.49,0.037269, , 
50.52,0.037265, , 
50.55,0.037317, , 
50.57,0.037367, , 
50.6,0.037433, , 
50.63,0.03753, , 
50.66,0.03757, , 
50.68,0.037595, , 
50.71,0.037628, , 
50.74,0.03764, , 
50.77,0.037635, , 
50.79,0.037677, , 
50.82,0.037698, , 
50.85,0.037722, , 
50.88,0.037761, , 
50.9,0.037774, , 
50.93,0.037705, , 
50.96,0.037644, , 
50.98,0.037547, , 
51.01,0.037451, , 
51.04,0.037416, , 
51.07,0.037418, , 
51.09,0.037392, , 
51.12,0.037377, , 
51.15,0.037398, , 
51.18,0.037393, , 
51.2,0.037371, , 
51.23,0.037367, , 
51.26,0.037363, , 
51.29,0.037325, , 
51.31,0.037315, , 
51.34,0.037292, , 
51.37,0.037268, , 
51.4,0.037267, , 
51.42,0.037279, , 
51.45,0.037254, , 
51.48,0.037301, , 
51.51,0.037358, , 
51.53,0.037357, , 
51.56,0.037371, , 
51.59,0.037398, , 
51.62,0.037387, , 
51.65,0.037382, , 
51.67,0.03742, , 
51.7,0.037428, , 
51.73,0.037461, , 
51.76,0.037512, , 
51.78,0.037566, , 
51.81,0.03759, , 
51.84,0.037631, , 
51.87,0.037636, , 
51.89,0.037586, , 
51.92,0.037539, , 
51.95,0.037477, , 
51.98,0.037412, , 
52,0.037373, , 
52.03,0.037344, , 
52.06,0.037295, , 
52.09,0.037269, , 
52.11,0.037234, , 
52.14,0.037166, , 
52.17,0.037081, , 
52.2,0.037061, , 
52.22,0.037024, , 
52.25,0.036999, , 
52.28,0.037023, , 
52.31,0.037028, , 
52.33,0.037015, , 
52.36,0.037013, , 
52.39,0.037018, , 
52.41,0.037009, , 
52.44,0.037013, , 
52.47,0.037024, , 
52.5,0.037008, , 
52.52,0.037014, , 
52.55,0.037026, , 
52.58,0.036988, , 
52.61,0.036939, , 
52.63,0.036933, , 
52.66,0.036901, , 
52.69,0.036888, , 
52.72,0.03687, , 
52.74,0.036832, , 
52.77,0.036784, , 
52.8,0.036773, , 
52.83,0.036772, , 
52.85,0.036764, , 
52.88,0.036759, , 
52.91,0.036736, , 
52.94,0.036677, , 
52.97,0.036627, , 
52.99,0.036582, , 
53.02,0.03656, , 
53.05,0.036537, , 
53.08,0.036533, , 
53.1,0.036502, , 
53.13,0.036513, , 
53.16,0.036532, , 
53.19,0.036496, , 
53.21,0.036457, , 
53.24,0.036459, , 
53.27,0.03643, , 
53.3,0.036389, , 
53.32,0.036411, , 
53.35,0.03645, , 
53.38,0.036464, , 
53.41,0.036501, , 
53.43,0.036524, , 
53.46,0.036512, , 
53.49,0.036514, , 
53.52,0.036527, , 
53.54,0.036514, , 
53.57,0.03651, , 
53.6,0.036489, , 
53.63,0.03643, , 
53.65,0.036393, , 
53.68,0.036406, , 
53.71,0.036393, , 
53.73,0.036348, , 
53.76,0.03633, , 
53.79,0.036301, , 
53.82,0.036263, , 
53.84,0.036268, , 
53.87,0.036279, , 
53.9,0.036243, , 
53.93,0.036204, , 
53.95,0.036198, , 
53.98,0.036188, , 
54.01,0.03622, , 
54.04,0.036279, , 
54.06,0.036316, , 
54.09,0.036342, , 
54.12,0.03638, , 
54.15,0.036377, , 
54.17,0.036372, , 
54.2,0.036417, , 
54.23,0.036411, , 
54.26,0.036379, , 
54.28,0.0364, , 
54.31,0.036406, , 
54.34,0.036363, , 
54.37,0.036341, , 
54.4,0.03631, , 
54.42,0.036261, , 
54.45,0.036265, , 
54.48,0.036278, , 
54.51,0.036274, , 
54.53,0.036263, , 
54.56,0.036281, , 
54.59,0.036271, , 
54.62,0.036266, , 
54.64,0.036251, , 
54.67,0.036196, , 
54.7,0.036146, , 
54.73,0.036156, , 
54.75,0.03611, , 
54.78,0.036046, , 
54.81,0.036045, , 
54.84,0.036031, , 
54.86,0.035964, , 
54.89,0.035929, , 
54.92,0.035873, , 
54.95,0.035823, , 
54.97,0.035783, , 
55,0.035781, , 
55.03,0.035771, , 
55.06,0.035762, , 
55.08,0.035776, , 
55.11,0.035766, , 
55.14,0.035763, , 
55.16,0.035774, , 
55.19,0.035768, , 
55.22,0.035754, , 
55.25,0.035773, , 
55.27,0.035779, , 
55.3,0.03573, , 
55.33,0.035738, , 
55.36,0.035767, , 
55.38,0.035757, , 
55.41,0.035759, , 
55.44,0.035786, , 
55.47,0.035766, , 
55.49,0.035741, , 
55.52,0.035713, , 
55.55,0.035668, , 
55.58,0.035645, , 
55.6,0.035654, , 
55.63,0.035653, , 
55.66,0.035632, , 
55.69,0.035668, , 
55.72,0.035701, , 
55.74,0.035713, , 
55.77,0.035738, , 
55.8,0.035757, , 
55.83,0.035736, , 
55.85,0.03575, , 
55.88,0.03577, , 
55.91,0.035742, , 
55.94,0.035711, , 
55.96,0.035674, , 
55.99,0.03564, , 
56.02,0.035637, , 
56.05,0.035634, , 
56.07,0.035628, , 
56.1,0.035559, , 
56.13,0.035487, , 
56.16,0.035442, , 
56.18,0.035374, , 
56.21,0.035336, , 
56.24,0.035297, , 
56.27,0.035261, , 
56.29,0.035267, , 
56.32,0.035273, , 
56.35,0.035256, , 
56.38,0.035255, , 
56.4,0.035281, , 
56.43,0.035254, , 
56.46,0.035252, , 
56.48,0.035316, , 
56.51,0.035355, , 
56.54,0.035358, , 
56.57,0.035383, , 
56.59,0.035388, , 
56.62,0.035378, , 
56.65,0.035386, , 
56.68,0.035392, , 
56.7,0.035323, , 
56.73,0.035296, , 
56.76,0.035276, , 
56.79,0.035257, , 
56.81,0.035259, , 
56.84,0.035261, , 
56.87,0.035257, , 
56.9,0.035254, , 
56.92,0.035254, , 
56.95,0.035191, , 
56.98,0.035154, , 
57.01,0.035159, , 
57.03,0.035156, , 
57.06,0.035175, , 
57.09,0.035205, , 
57.12,0.035189, , 
57.15,0.035165, , 
57.17,0.035204, , 
57.2,0.035236, , 
57.23,0.035242, , 
57.26,0.03525, , 
57.28,0.035269, , 
57.31,0.035238, , 
57.34,0.035249, , 
57.37,0.035267, , 
57.39,0.03524, , 
57.42,0.035201, , 
57.45,0.035187, , 
57.48,0.035161, , 
57.5,0.035123, , 
57.53,0.035135, , 
57.56,0.035154, , 
57.59,0.035123, , 
57.61,0.035131, , 
57.64,0.035145, , 
57.67,0.03513, , 
57.7,0.035125, , 
57.72,0.035141, , 
57.75,0.035124, , 
57.78,0.035117, , 
57.81,0.035143, , 
57.83,0.03513, , 
57.86,0.035126, , 
57.89,0.035158, , 
57.91,0.035167, , 
57.94,0.035189, , 
57.97,0.035235, , 
58,0.035244, , 
58.02,0.035236, , 
58.05,0.035267, , 
58.08,0.035279, , 
58.11,0.035255, , 
58.13,0.035257, , 
58.16,0.035273, , 
58.19,0.035236, , 
58.22,0.035232, , 
58.24,0.03525, , 
58.27,0.035193, , 
58.3,0.035162, , 
58.33,0.035144, , 
58.35,0.035119, , 
58.38,0.03511, , 
58.41,0.035116, , 
58.44,0.035082, , 
58.47,0.035034, , 
58.49,0.035029, , 
58.52,0.035034, , 
58.55,0.034997, , 
58.58,0.035, , 
58.6,0.035019, , 
58.63,0.034997, , 
58.66,0.035004, , 
58.69,0.035023, , 
58.71,0.035006, , 
58.74,0.035003, , 
58.77,0.035019, , 
58.8,0.03501, , 
58.82,0.034998, , 
58.85,0.035017, , 
58.88,0.035005, , 
58.91,0.035006, , 
58.93,0.035023, , 
58.96,0.035012, , 
58.99,0.034987, , 
59.02,0.035006, , 
59.04,0.03503, , 
59.07,0.035058, , 
59.1,0.035093, , 
59.13,0.035113, , 
59.15,0.03509, , 
59.18,0.035104, , 
59.21,0.035132, , 
59.23,0.03513, , 
59.26,0.035122, , 
59.29,0.03514, , 
59.32,0.03513, , 
59.34,0.035129, , 
59.37,0.035156, , 
59.4,0.035162, , 
59.43,0.03518, , 
59.45,0.035209, , 
59.48,0.035216, , 
59.51,0.035173, , 
59.54,0.03516, , 
59.56,0.035137, , 
59.59,0.035076, , 
59.62,0.035039, , 
59.65,0.035039, , 
59.67,0.035012, , 
59.7,0.035006, , 
59.73,0.035031, , 
59.76,0.035006, , 
59.78,0.034998, , 
59.81,0.035008, , 
59.84,0.034996, , 
59.87,0.034981, , 
59.9,0.035004, , 
59.92,0.035021, , 
59.95,0.034996, , 
59.98,0.035039, , 
60.01,0.035076, , 
60.03,0.035097, , 
60.06,0.03513, , 
60.09,0.035151, , 
60.12,0.035134, , 
60.14,0.035106, , 
60.17,0.035088, , 
60.2,0.035036, , 
60.23,0.035019, , 
60.25,0.035035, , 
60.28,0.035029, , 
60.31,0.035, , 
60.34,0.035, , 
60.36,0.034955, , 
60.39,0.034864, , 
60.42,0.034817, , 
60.45,0.034791, , 
60.47,0.034747, , 
60.5,0.03476, , 
60.53,0.034778, , 
60.56,0.034738, , 
60.58,0.034741, , 
60.61,0.034771, , 
60.64,0.034751, , 
60.66,0.034739, , 
60.69,0.034758, , 
60.72,0.034748, , 
60.75,0.034739, , 
60.77,0.034772, , 
60.8,0.03477, , 
60.83,0.034754, , 
60.86,0.034772, , 
60.88,0.034762, , 
60.91,0.034689, , 
60.94,0.034665, , 
60.97,0.034658, , 
60.99,0.034626, , 
61.02,0.03466, , 
61.05,0.034732, , 
61.08,0.03472, , 
61.1,0.034687, , 
61.13,0.034678, , 
61.16,0.03466, , 
61.19,0.034667, , 
61.22,0.034733, , 
61.24,0.034756, , 
61.27,0.034735, , 
61.3,0.034755, , 
61.33,0.034783, , 
61.35,0.034762, , 
61.38,0.03479, , 
61.41,0.034852, , 
61.44,0.034842, , 
61.46,0.034871, , 
61.49,0.034887, , 
61.52,0.034862, , 
61.55,0.034883, , 
61.57,0.034893, , 
61.6,0.034878, , 
61.63,0.034869, , 
61.66,0.034892, , 
61.68,0.034904, , 
61.71,0.03493, , 
61.74,0.034953, , 
61.77,0.034924, , 
61.79,0.034904, , 
61.82,0.034905, , 
61.85,0.034928, , 
61.88,0.034942, , 
61.9,0.034974, , 
61.93,0.035013, , 
61.96,0.034988, , 
61.98,0.034996, , 
62.01,0.035035, , 
62.04,0.035059, , 
62.07,0.035079, , 
62.09,0.035122, , 
62.12,0.03512, , 
62.15,0.035083, , 
62.18,0.03506, , 
62.2,0.035035, , 
62.23,0.035006, , 
62.26,0.035017, , 
62.29,0.035026, , 
62.31,0.035, , 
62.34,0.035012, , 
62.37,0.035007, , 
62.4,0.034949, , 
62.42,0.034927, , 
62.45,0.034917, , 
62.48,0.03488, , 
62.51,0.034864, , 
62.53,0.03489, , 
62.56,0.034853, , 
62.59,0.03479, , 
62.62,0.034775, , 
62.65,0.034735, , 
62.67,0.034723, , 
62.7,0.034744, , 
62.73,0.034752, , 
62.76,0.034749, , 
62.78,0.034811, , 
62.81,0.034852, , 
62.84,0.034864, , 
62.87,0.03486, , 
62.89,0.034881, , 
62.92,0.034881, , 
62.95,0.034875, , 
62.98,0.034897, , 
63,0.034902, , 
63.03,0.034936, , 
63.06,0.034969, , 
63.09,0.034927, , 
63.11,0.034894, , 
63.14,0.034893, , 
63.17,0.034887, , 
63.2,0.034865, , 
63.22,0.034877, , 
63.25,0.034881, , 
63.28,0.034871, , 
63.31,0.034877, , 
63.33,0.034847, , 
63.36,0.034789, , 
63.39,0.034765, , 
63.41,0.034774, , 
63.44,0.034747, , 
63.47,0.034705, , 
63.5,0.034667, , 
63.52,0.0346, , 
63.55,0.034557, , 
63.58,0.034542, , 
63.61,0.034518, , 
63.63,0.034492, , 
63.66,0.034521, , 
63.69,0.034553, , 
63.72,0.034565, , 
63.74,0.034618, , 
63.77,0.034648, , 
63.8,0.034621, , 
63.83,0.034634, , 
63.85,0.034653, , 
63.88,0.034641, , 
63.91,0.034624, , 
63.94,0.034641, , 
63.97,0.034634, , 
63.99,0.034609, , 
64.02,0.034628, , 
64.05,0.034638, , 
64.08,0.034604, , 
64.1,0.034592, , 
64.13,0.034546, , 
64.16,0.034518, , 
64.19,0.034519, , 
64.21,0.034528, , 
64.24,0.034501, , 
64.27,0.034505, , 
64.3,0.034508, , 
64.32,0.034496, , 
64.35,0.034507, , 
64.38,0.034521, , 
64.41,0.034512, , 
64.43,0.034528, , 
64.46,0.034589, , 
64.49,0.0346, , 
64.52,0.034595, , 
64.54,0.034598, , 
64.57,0.034569, , 
64.6,0.034529, , 
64.63,0.034528, , 
64.65,0.034532, , 
64.68,0.034469, , 
64.71,0.034433, , 
64.73,0.034429, , 
64.76,0.034397, , 
64.79,0.034357, , 
64.82,0.034326, , 
64.84,0.034276, , 
64.87,0.034275, , 
64.9,0.034334, , 
64.93,0.034337, , 
64.95,0.034356, , 
64.98,0.034386, , 
65.01,0.034375, , 
65.04,0.034369, , 
65.06,0.034387, , 
65.09,0.034386, , 
65.12,0.03436, , 
65.15,0.034375, , 
65.17,0.034384, , 
65.2,0.034354, , 
65.23,0.034281, , 
65.26,0.034228, , 
65.28,0.034129, , 
65.32,0.034076, , 
65.34,0.034051, , 
65.37,0.033989, , 
65.39,0.033921, , 
65.42,0.033893, , 
65.45,0.033837, , 
65.48,0.033794, , 
65.5,0.033766, , 
65.53,0.033755, , 
65.56,0.033739, , 
65.59,0.033766, , 
65.61,0.03378, , 
65.64,0.033759, , 
65.67,0.033749, , 
65.7,0.033743, , 
65.72,0.033683, , 
65.75,0.033656, , 
65.78,0.033669, , 
65.81,0.033624, , 
65.83,0.033616, , 
65.86,0.033639, , 
65.89,0.033648, , 
65.92,0.033625, , 
65.94,0.033654, , 
65.97,0.033658, , 
66,0.033611, , 
66.03,0.033628, , 
66.06,0.033632, , 
66.08,0.033642, , 
66.11,0.033666, , 
66.14,0.033714, , 
66.17,0.033712, , 
66.19,0.033704, , 
66.22,0.033701, , 
66.25,0.033656, , 
66.28,0.03364, , 
66.3,0.033661, , 
66.33,0.033638, , 
66.36,0.033623, , 
66.39,0.033648, , 
66.41,0.033639, , 
66.44,0.033628, , 
66.47,0.033638, , 
66.5,0.033621, , 
66.52,0.033565, , 
66.55,0.033541, , 
66.58,0.033523, , 
66.61,0.033447, , 
66.63,0.033413, , 
66.66,0.033391, , 
66.69,0.033334, , 
66.72,0.033285, , 
66.74,0.033248, , 
66.77,0.033171, , 
66.8,0.033139, , 
66.83,0.033098, , 
66.85,0.033053, , 
66.88,0.033013, , 
66.91,0.033002, , 
66.94,0.032945, , 
66.96,0.032906, , 
66.99,0.032906, , 
67.02,0.032893, , 
67.05,0.032838, , 
67.07,0.032812, , 
67.1,0.032812, , 
67.13,0.032768, , 
67.16,0.032717, , 
67.18,0.032687, , 
67.21,0.032643, , 
67.24,0.032629, , 
67.27,0.032621, , 
67.29,0.032557, , 
67.32,0.032518, , 
67.35,0.032516, , 
67.38,0.03251, , 
67.4,0.03249, , 
67.43,0.032506, , 
67.46,0.032515, , 
67.48,0.032487, , 
67.51,0.032462, , 
67.54,0.032438, , 
67.57,0.032409, , 
67.59,0.032395, , 
67.62,0.032401, , 
67.65,0.032379, , 
67.68,0.032385, , 
67.7,0.032393, , 
67.73,0.032386, , 
67.76,0.032373, , 
67.79,0.032397, , 
67.81,0.032382, , 
67.84,0.032372, , 
67.87,0.032376, , 
67.9,0.032346, , 
67.92,0.032289, , 
67.95,0.032269, , 
67.98,0.032245, , 
68.01,0.032185, , 
68.03,0.03216, , 
68.06,0.032149, , 
68.09,0.032082, , 
68.12,0.032041, , 
68.14,0.032038, , 
68.17,0.032012, , 
68.2,0.031957, , 
68.23,0.031939, , 
68.25,0.031904, , 
68.28,0.031892, , 
68.31,0.031894, , 
68.34,0.031871, , 
68.36,0.031807, , 
68.39,0.031802, , 
68.42,0.031816, , 
68.45,0.031822, , 
68.47,0.031861, , 
68.5,0.031875, , 
68.53,0.031859, , 
68.56,0.031874, , 
68.58,0.0319, , 
68.61,0.031888, , 
68.64,0.031873, , 
68.67,0.031901, , 
68.69,0.031867, , 
68.73,0.031867, , 
68.75,0.031865, , 
68.78,0.031816, , 
68.81,0.031764, , 
68.83,0.031758, , 
68.86,0.031713, , 
68.89,0.031671, , 
68.92,0.031666, , 
68.94,0.031655, , 
68.97,0.031583, , 
69,0.031553, , 
69.03,0.031532, , 
69.05,0.031501, , 
69.08,0.031468, , 
69.11,0.031447, , 
69.14,0.031403, , 
69.17,0.031386, , 
69.19,0.031361, , 
69.22,0.031309, , 
69.25,0.031265, , 
69.27,0.031255, , 
69.3,0.031225, , 
69.33,0.031175, , 
69.36,0.031156, , 
69.38,0.031133, , 
69.41,0.031099, , 
69.44,0.031086, , 
69.47,0.031059, , 
69.49,0.03102, , 
69.52,0.03101, , 
69.55,0.031002, , 
69.58,0.030947, , 
69.6,0.030909, , 
69.63,0.03091, , 
69.66,0.030895, , 
69.69,0.030882, , 
69.71,0.030894, , 
69.74,0.030882, , 
69.77,0.03087, , 
69.8,0.030883, , 
69.82,0.030887, , 
69.85,0.030865, , 
69.88,0.030875, , 
69.91,0.030916, , 
69.93,0.030939, , 
69.96,0.030961, , 
69.99,0.030987, , 
70.02,0.030988, , 
70.04,0.030981, , 
70.07,0.030952, , 
70.1,0.030907, , 
70.13,0.030874, , 
70.15,0.030848, , 
70.18,0.030776, , 
70.21,0.030718, , 
70.23,0.030671, , 
70.26,0.030567, , 
70.29,0.03046, , 
70.32,0.030397, , 
70.34,0.030306, , 
70.37,0.030235, , 
70.4,0.030195, , 
70.43,0.030147, , 
70.45,0.030062, , 
70.48,0.030039, , 
70.51,0.030033, , 
70.54,0.029979, , 
70.56,0.029923, , 
70.59,0.029907, , 
70.62,0.029853, , 
70.65,0.029825, , 
70.67,0.02981, , 
70.7,0.029788, , 
70.73,0.029722, , 
70.76,0.029689, , 
70.78,0.029652, , 
70.81,0.029617, , 
70.84,0.029574, , 
70.87,0.029544, , 
70.89,0.029506, , 
70.92,0.029516, , 
70.95,0.029522, , 
70.98,0.029504, , 
71,0.029447, , 
71.03,0.029434, , 
71.06,0.029404, , 
71.09,0.029391, , 
71.11,0.029391, , 
71.14,0.029381, , 
71.17,0.029374, , 
71.2,0.029329, , 
71.22,0.029285, , 
71.25,0.029264, , 
71.28,0.029283, , 
71.31,0.029262, , 
71.33,0.029253, , 
71.36,0.029275, , 
71.39,0.02927, , 
71.42,0.02925, , 
71.44,0.029269, , 
71.47,0.029262, , 
71.5,0.029247, , 
71.53,0.029262, , 
71.56,0.029274, , 
71.58,0.029255, , 
71.61,0.029254, , 
71.64,0.029284, , 
71.67,0.029255, , 
71.69,0.029249, , 
71.73,0.029251, , 
71.75,0.029247, , 
71.78,0.029222, , 
71.8,0.029204, , 
71.83,0.029173, , 
71.86,0.029145, , 
71.89,0.029136, , 
71.91,0.029143, , 
71.94,0.029107, , 
71.97,0.029131, , 
72,0.029137, , 
72.02,0.02908, , 
72.05,0.029052, , 
72.08,0.029035, , 
72.11,0.028998, , 
72.14,0.029016, , 
72.16,0.029019, , 
72.19,0.028997, , 
72.22,0.029002, , 
72.24,0.029024, , 
72.27,0.029001, , 
72.3,0.028992, , 
72.33,0.029019, , 
72.35,0.029015, , 
72.38,0.028991, , 
72.41,0.028974, , 
72.44,0.028946, , 
72.46,0.02889, , 
72.49,0.028878, , 
72.52,0.028883, , 
72.55,0.02881, , 
72.58,0.028795, , 
72.6,0.028795, , 
72.63,0.028758, , 
72.66,0.028738, , 
72.68,0.028718, , 
72.71,0.028672, , 
72.74,0.028635, , 
72.77,0.028638, , 
72.79,0.028639, , 
72.82,0.028625, , 
72.85,0.028639, , 
72.88,0.028642, , 
72.9,0.028637, , 
72.93,0.028609, , 
72.96,0.028571, , 
72.98,0.028513, , 
73.01,0.028522, , 
73.04,0.028519, , 
73.07,0.028502, , 
73.09,0.02852, , 
73.12,0.028531, , 
73.15,0.028504, , 
73.18,0.028502, , 
73.2,0.028518, , 
73.23,0.028502, , 
73.26,0.028487, , 
73.29,0.02851, , 
73.32,0.028507, , 
73.34,0.028497, , 
73.37,0.028509, , 
73.4,0.02852, , 
73.42,0.028514, , 
73.45,0.028545, , 
73.48,0.028588, , 
73.51,0.028602, , 
73.53,0.028625, , 
73.56,0.028647, , 
73.59,0.028619, , 
73.62,0.028629, , 
73.64,0.028631, , 
73.67,0.028584, , 
73.7,0.028549, , 
73.73,0.028542, , 
73.75,0.028526, , 
73.78,0.028502, , 
73.81,0.028514, , 
73.84,0.028507, , 
73.86,0.028495, , 
73.89,0.028509, , 
73.92,0.028487, , 
73.95,0.02841, , 
73.97,0.028411, , 
74,0.028413, , 
74.03,0.028391, , 
74.06,0.028401, , 
74.08,0.028399, , 
74.11,0.028383, , 
74.14,0.028397, , 
74.17,0.028439, , 
74.19,0.02846, , 
74.22,0.028477, , 
74.25,0.028513, , 
74.28,0.028501, , 
74.31,0.028487, , 
74.33,0.028508, , 
74.36,0.028501, , 
74.39,0.028484, , 
74.42,0.028508, , 
74.44,0.028505, , 
74.47,0.028491, , 
74.5,0.028502, , 
74.53,0.028511, , 
74.55,0.028485, , 
74.58,0.028518, , 
74.61,0.028559, , 
74.64,0.028581, , 
74.66,0.028577, , 
74.69,0.028567, , 
74.72,0.028538, , 
74.75,0.028508, , 
74.77,0.028534, , 
74.8,0.028508, , 
74.83,0.028504, , 
74.86,0.028525, , 
74.88,0.028496, , 
74.91,0.028485, , 
74.94,0.028505, , 
74.97,0.028487, , 
74.99,0.028429, , 
75.02,0.028419, , 
75.05,0.028402, , 
75.08,0.028374, , 
75.1,0.028382, , 
75.13,0.028408, , 
75.16,0.028371, , 
75.19,0.028366, , 
75.21,0.028392, , 
75.24,0.028392, , 
75.27,0.02838, , 
75.3,0.028401, , 
75.32,0.028386, , 
75.35,0.028368, , 
75.38,0.028384, , 
75.41,0.028391, , 
75.43,0.02837, , 
75.46,0.028376, , 
75.49,0.028383, , 
75.52,0.028363, , 
75.55,0.028379, , 
75.57,0.028395, , 
75.6,0.028376, , 
75.63,0.028382, , 
75.65,0.028385, , 
75.68,0.028367, , 
75.71,0.028375, , 
75.73,0.028398, , 
75.76,0.028372, , 
75.79,0.028371, , 
75.82,0.028403, , 
75.84,0.028392, , 
75.87,0.028372, , 
75.9,0.028393, , 
75.93,0.028382, , 
75.95,0.028377, , 
75.99,0.028383, , 
76.01,0.028384, , 
76.04,0.028367, , 
76.06,0.028387, , 
76.09,0.028392, , 
76.12,0.028378, , 
76.15,0.028382, , 
76.17,0.028399, , 
76.2,0.02839, , 
76.23,0.028384, , 
76.23,0.028384, , 