Gradient Profiler Text Data File: 20160110_andreev_minusrnase.csv,,,
Version: 1.88,,,
Date: 2016-01-10,,,
Time: 19:42:41,,,
,,,
User: Alicia,,,
Experiment name: 20160110_RNaseIcheck_andreevvsingolia,,,
UV Unit: EM-1,,,
Rotor Manufacturer: Beckman,,,
Rotor Model: SW41Ti,,,
Speed: 35000 rpm,,,
Gradient: sucrose 10.0% to 50.0% w/v,,,
Time: 180,,,
w2t:  x 10^0,,,
Sample Volume: 0.15 ml,,,
Number of Tubes: 6,,,
Volume per mm: 0.143 ml/mm,,,
Temperature: 4.0 deg C,,,
,,,
Absorbance Units Full Scale (AUFS): 0.20,,,
Manual-triggered gradient; (with distance; but no event marks),,,
Delay: No Delay,,,
UV Wavelength: 254 nm,,,
Samples / sec: 4 Hz,,,
EM1 Speed: 0.22 mm/sec,,,
Distance: 4.33 mm,,,
Number: 24,,,
Dead Volume: 0.000000 ml; Distance due to Dead Volume: 0.00 mm,,,
Length of Tubing: 0 mm,,,
Total Distance: 103.92 mm,,,
,,,
Data Columns:,,,
Distance, Absorbance,,
0.06,0.052222,,
0.11,0.052185, , 
0.17,0.052154, , 
0.22,0.052133, , 
0.28,0.052109, , 
0.33,0.052089, , 
0.39,0.052081, , 
0.44,0.052069, , 
0.5,0.052043, , 
0.55,0.052031, , 
0.6,0.052023, , 
0.66,0.051997, , 
0.71,0.051977, , 
0.77,0.051968, , 
0.82,0.051944, , 
0.88,0.051917, , 
0.94,0.051891, , 
0.99,0.051876, , 
1.04,0.051869, , 
1.1,0.051842, , 
1.16,0.051832, , 
1.21,0.051812, , 
1.26,0.051782, , 
1.32,0.051777, , 
1.38,0.051771, , 
1.43,0.051746, , 
1.49,0.051727, , 
1.54,0.051726, , 
1.6,0.051724, , 
1.65,0.051713, , 
1.71,0.051691, , 
1.76,0.051677, , 
1.81,0.051672, , 
1.87,0.051653, , 
1.93,0.051634, , 
1.98,0.051629, , 
2.04,0.051625, , 
2.09,0.051622, , 
2.15,0.051624, , 
2.2,0.051623, , 
2.25,0.051611, , 
2.31,0.051585, , 
2.37,0.051573, , 
2.42,0.051572, , 
2.48,0.051551, , 
2.53,0.05153, , 
2.59,0.051523, , 
2.64,0.051511, , 
2.69,0.051487, , 
2.75,0.051475, , 
2.81,0.051475, , 
2.86,0.051476, , 
2.92,0.05146, , 
2.97,0.051433, , 
3.02,0.051426, , 
3.08,0.051424, , 
3.13,0.051415, , 
3.19,0.05139, , 
3.25,0.051377, , 
3.3,0.051375, , 
3.36,0.051374, , 
3.41,0.05136, , 
3.46,0.051334, , 
3.52,0.051324, , 
3.58,0.051325, , 
3.63,0.051326, , 
3.69,0.051321, , 
3.74,0.051321, , 
3.79,0.051321, , 
3.85,0.051296, , 
3.9,0.051276, , 
3.96,0.05127, , 
4.01,0.051264, , 
4.07,0.051242, , 
4.13,0.051227, , 
4.18,0.051226, , 
4.24,0.051222, , 
4.29,0.051224, , 
4.34,0.051223, , 
4.4,0.051222, , 
4.46,0.051223, , 
4.51,0.051219, , 
4.57,0.051195, , 
4.62,0.051175, , 
4.67,0.051173, , 
4.73,0.051171, , 
4.79,0.051173, , 
4.84,0.051171, , 
4.89,0.05117, , 
4.95,0.05117, , 
5,0.051171, , 
5.06,0.051169, , 
5.12,0.051158, , 
5.17,0.051135, , 
5.22,0.051126, , 
5.28,0.051122, , 
5.34,0.05112, , 
5.39,0.05112, , 
5.45,0.051121, , 
5.5,0.051119, , 
5.55,0.051121, , 
5.61,0.05111, , 
5.67,0.051087, , 
5.72,0.051071, , 
5.78,0.05107, , 
5.83,0.051062, , 
5.88,0.051038, , 
5.94,0.051026, , 
6,0.051024, , 
6.05,0.051022, , 
6.11,0.05102, , 
6.16,0.051019, , 
6.21,0.051021, , 
6.27,0.051017, , 
6.33,0.051019, , 
6.38,0.051017, , 
6.43,0.051018, , 
6.49,0.051018, , 
6.54,0.051019, , 
6.6,0.051021, , 
6.66,0.051021, , 
6.71,0.05102, , 
6.76,0.051018, , 
6.82,0.051019, , 
6.88,0.051022, , 
6.93,0.05102, , 
6.99,0.051067, , 
7.04,0.05296, , 
7.09,0.063325, , 
7.15,0.08077, , 
7.21,0.102165, , 
7.26,0.124203, , 
7.32,0.145038, , 
7.37,0.167259, , 
7.42,0.186603, , 
7.48,0.199455, , 
7.54,0.203503, , 
7.59,0.204332, , 
7.64,0.204524, , 
7.7,0.204585, , 
7.75,0.204616, , 
7.81,0.204628, , 
7.87,0.204639, , 
7.92,0.204649, , 
7.97,0.204658, , 
8.03,0.204663, , 
8.09,0.204684, , 
8.14,0.204686, , 
8.2,0.204682, , 
8.25,0.204684, , 
8.3,0.204694, , 
8.36,0.204695, , 
8.41,0.204701, , 
8.47,0.204696, , 
8.53,0.204701, , 
8.58,0.204701, , 
8.63,0.204707, , 
8.69,0.204712, , 
8.74,0.204704, , 
8.8,0.204713, , 
8.86,0.204719, , 
8.91,0.204706, , 
8.96,0.204712, , 
9.02,0.20472, , 
9.07,0.204717, , 
9.13,0.204713, , 
9.19,0.204728, , 
9.24,0.204725, , 
9.29,0.204717, , 
9.35,0.20472, , 
9.4,0.204716, , 
9.46,0.204713, , 
9.52,0.204721, , 
9.57,0.204728, , 
9.63,0.204724, , 
9.68,0.204717, , 
9.73,0.204726, , 
9.79,0.204721, , 
9.85,0.204724, , 
9.9,0.204728, , 
9.96,0.204732, , 
10.01,0.204722, , 
10.07,0.20473, , 
10.12,0.204733, , 
10.18,0.204722, , 
10.23,0.204706, , 
10.29,0.204723, , 
10.34,0.204728, , 
10.4,0.204726, , 
10.45,0.204732, , 
10.51,0.204731, , 
10.56,0.20472, , 
10.62,0.204725, , 
10.67,0.204725, , 
10.73,0.204731, , 
10.78,0.204732, , 
10.84,0.204742, , 
10.89,0.204735, , 
10.95,0.20472, , 
11,0.204575, , 
11.06,0.203941, , 
11.11,0.202614, , 
11.16,0.200803, , 
11.22,0.1982, , 
11.28,0.195095, , 
11.33,0.19118, , 
11.39,0.186887, , 
11.44,0.182751, , 
11.49,0.178442, , 
11.55,0.174282, , 
11.61,0.170525, , 
11.66,0.166663, , 
11.72,0.163168, , 
11.77,0.159522, , 
11.82,0.155973, , 
11.88,0.152745, , 
11.94,0.149397, , 
11.99,0.146177, , 
12.05,0.14328, , 
12.1,0.140251, , 
12.15,0.137471, , 
12.21,0.134628, , 
12.27,0.131929, , 
12.32,0.129464, , 
12.38,0.126917, , 
12.43,0.124497, , 
12.48,0.122332, , 
12.54,0.120073, , 
12.6,0.117894, , 
12.65,0.115924, , 
12.71,0.113885, , 
12.76,0.112021, , 
12.82,0.110098, , 
12.87,0.108261, , 
12.93,0.106619, , 
12.98,0.104953, , 
13.04,0.103343, , 
13.09,0.101901, , 
13.15,0.100468, , 
13.2,0.099274, , 
13.26,0.098017, , 
13.31,0.096741, , 
13.37,0.095543, , 
13.42,0.094304, , 
13.48,0.09311, , 
13.53,0.091966, , 
13.59,0.090661, , 
13.64,0.08948, , 
13.7,0.088309, , 
13.75,0.087193, , 
13.81,0.086182, , 
13.86,0.085132, , 
13.91,0.084116, , 
13.97,0.083201, , 
14.03,0.082236, , 
14.08,0.081292, , 
14.14,0.080432, , 
14.19,0.079533, , 
14.24,0.078717, , 
14.3,0.077862, , 
14.36,0.07705, , 
14.41,0.076336, , 
14.47,0.075609, , 
14.52,0.074914, , 
14.57,0.074263, , 
14.63,0.073554, , 
14.69,0.072918, , 
14.74,0.072253, , 
14.8,0.071611, , 
14.85,0.071064, , 
14.9,0.070498, , 
14.96,0.06995, , 
15.02,0.069521, , 
15.07,0.069114, , 
15.13,0.068612, , 
15.18,0.068152, , 
15.23,0.06772, , 
15.29,0.067335, , 
15.35,0.066983, , 
15.4,0.066624, , 
15.46,0.066308, , 
15.51,0.065952, , 
15.57,0.065621, , 
15.62,0.065278, , 
15.68,0.064941, , 
15.73,0.064618, , 
15.79,0.064305, , 
15.84,0.064003, , 
15.9,0.063737, , 
15.95,0.063471, , 
16,0.063195, , 
16.06,0.062951, , 
16.11,0.062709, , 
16.17,0.062451, , 
16.23,0.06216, , 
16.28,0.061885, , 
16.34,0.061629, , 
16.39,0.061348, , 
16.45,0.061038, , 
16.5,0.060735, , 
16.56,0.060426, , 
16.61,0.060147, , 
16.66,0.059859, , 
16.72,0.059551, , 
16.77,0.059278, , 
16.83,0.058999, , 
16.89,0.058729, , 
16.94,0.058489, , 
17,0.058226, , 
17.05,0.05799, , 
17.11,0.057776, , 
17.16,0.057557, , 
17.22,0.057363, , 
17.27,0.057171, , 
17.32,0.056987, , 
17.38,0.05683, , 
17.43,0.056677, , 
17.49,0.056546, , 
17.55,0.056435, , 
17.6,0.056339, , 
17.66,0.056277, , 
17.71,0.05625, , 
17.77,0.056244, , 
17.82,0.056256, , 
17.88,0.056305, , 
17.93,0.056384, , 
17.98,0.056484, , 
18.04,0.056617, , 
18.09,0.056785, , 
18.15,0.057002, , 
18.2,0.057233, , 
18.26,0.057485, , 
18.32,0.057803, , 
18.37,0.058159, , 
18.43,0.058517, , 
18.48,0.058936, , 
18.54,0.059387, , 
18.59,0.059907, , 
18.65,0.060459, , 
18.7,0.061017, , 
18.75,0.061678, , 
18.81,0.062407, , 
18.86,0.063153, , 
18.92,0.06402, , 
18.98,0.064904, , 
19.03,0.065924, , 
19.09,0.067023, , 
19.14,0.068125, , 
19.2,0.069371, , 
19.25,0.070711, , 
19.31,0.072036, , 
19.36,0.073521, , 
19.41,0.075073, , 
19.47,0.076604, , 
19.52,0.078282, , 
19.58,0.079891, , 
19.64,0.081586, , 
19.69,0.083368, , 
19.75,0.084967, , 
19.8,0.086625, , 
19.86,0.088256, , 
19.91,0.08974, , 
19.97,0.09126, , 
20.02,0.092593, , 
20.07,0.093876, , 
20.13,0.095135, , 
20.18,0.096174, , 
20.24,0.09713, , 
20.3,0.097931, , 
20.35,0.098541, , 
20.41,0.099028, , 
20.46,0.099347, , 
20.52,0.099538, , 
20.57,0.099576, , 
20.63,0.099462, , 
20.68,0.09919, , 
20.73,0.098791, , 
20.79,0.098302, , 
20.84,0.097677, , 
20.9,0.097019, , 
20.95,0.096273, , 
21.01,0.095414, , 
21.07,0.094556, , 
21.12,0.093594, , 
21.18,0.092624, , 
21.23,0.091624, , 
21.29,0.090569, , 
21.34,0.089497, , 
21.4,0.088484, , 
21.45,0.087405, , 
21.5,0.086392, , 
21.56,0.085338, , 
21.61,0.084326, , 
21.67,0.083439, , 
21.73,0.082485, , 
21.78,0.081625, , 
21.84,0.080881, , 
21.89,0.08016, , 
21.95,0.07948, , 
22,0.07883, , 
22.06,0.078188, , 
22.11,0.077633, , 
22.16,0.077061, , 
22.22,0.076531, , 
22.27,0.076074, , 
22.33,0.075617, , 
22.39,0.075222, , 
22.44,0.074835, , 
22.5,0.07445, , 
22.55,0.074113, , 
22.61,0.073758, , 
22.66,0.073416, , 
22.72,0.073078, , 
22.77,0.072735, , 
22.82,0.07239, , 
22.88,0.072022, , 
22.93,0.071643, , 
22.99,0.07129, , 
23.05,0.070901, , 
23.1,0.070519, , 
23.16,0.070134, , 
23.21,0.069741, , 
23.27,0.069336, , 
23.32,0.068914, , 
23.38,0.068437, , 
23.43,0.067991, , 
23.48,0.067505, , 
23.54,0.06697, , 
23.59,0.066481, , 
23.65,0.065912, , 
23.7,0.065356, , 
23.76,0.064814, , 
23.82,0.064268, , 
23.87,0.06371, , 
23.93,0.063157, , 
23.98,0.062582, , 
24.04,0.062056, , 
24.09,0.061472, , 
24.15,0.060925, , 
24.2,0.060365, , 
24.25,0.059807, , 
24.31,0.059268, , 
24.36,0.058741, , 
24.42,0.058206, , 
24.48,0.057734, , 
24.53,0.057231, , 
24.59,0.056784, , 
24.64,0.056362, , 
24.7,0.055954, , 
24.75,0.055531, , 
24.81,0.05516, , 
24.86,0.054775, , 
24.91,0.054443, , 
24.97,0.054101, , 
25.02,0.05377, , 
25.08,0.053484, , 
25.14,0.053179, , 
25.19,0.052892, , 
25.25,0.052628, , 
25.3,0.05239, , 
25.36,0.05216, , 
25.41,0.051933, , 
25.47,0.051714, , 
25.52,0.051541, , 
25.57,0.05136, , 
25.63,0.051202, , 
25.68,0.051047, , 
25.74,0.050897, , 
25.8,0.050759, , 
25.85,0.050619, , 
25.91,0.050483, , 
25.96,0.050372, , 
26.02,0.050251, , 
26.07,0.050151, , 
26.13,0.050061, , 
26.18,0.049947, , 
26.23,0.049839, , 
26.29,0.049739, , 
26.34,0.049645, , 
26.4,0.049561, , 
26.45,0.049469, , 
26.51,0.049385, , 
26.57,0.049305, , 
26.62,0.049233, , 
26.68,0.049165, , 
26.73,0.049107, , 
26.79,0.049035, , 
26.84,0.048977, , 
26.9,0.048929, , 
26.95,0.048875, , 
27,0.048823, , 
27.06,0.048777, , 
27.11,0.048744, , 
27.17,0.048733, , 
27.23,0.048732, , 
27.28,0.048735, , 
27.34,0.048752, , 
27.39,0.048788, , 
27.45,0.048841, , 
27.5,0.048929, , 
27.56,0.049045, , 
27.61,0.049183, , 
27.66,0.049361, , 
27.72,0.049588, , 
27.77,0.049874, , 
27.83,0.05024, , 
27.89,0.050633, , 
27.94,0.051159, , 
28,0.051734, , 
28.05,0.05239, , 
28.11,0.053158, , 
28.16,0.054055, , 
28.22,0.054951, , 
28.27,0.056097, , 
28.32,0.057241, , 
28.38,0.058524, , 
28.43,0.059996, , 
28.49,0.061408, , 
28.55,0.063126, , 
28.6,0.064877, , 
28.66,0.066675, , 
28.71,0.068579, , 
28.77,0.070562, , 
28.82,0.072648, , 
28.88,0.074894, , 
28.93,0.076941, , 
28.98,0.079304, , 
29.04,0.081567, , 
29.09,0.083829, , 
29.15,0.086133, , 
29.2,0.088398, , 
29.26,0.09073, , 
29.32,0.093025, , 
29.37,0.095142, , 
29.43,0.096965, , 
29.48,0.099482, , 
29.54,0.101396, , 
29.59,0.103335, , 
29.65,0.104626, , 
29.7,0.106818, , 
29.75,0.108429, , 
29.81,0.109832, , 
29.86,0.111201, , 
29.92,0.112148, , 
29.98,0.113436, , 
30.03,0.114394, , 
30.09,0.115194, , 
30.14,0.115731, , 
30.2,0.116303, , 
30.25,0.116713, , 
30.31,0.116971, , 
30.36,0.117084, , 
30.41,0.117072, , 
30.47,0.116941, , 
30.53,0.116685, , 
30.58,0.116355, , 
30.64,0.115878, , 
30.69,0.115332, , 
30.75,0.114668, , 
30.8,0.113875, , 
30.86,0.113089, , 
30.91,0.11213, , 
30.97,0.111143, , 
31.02,0.110135, , 
31.07,0.109078, , 
31.13,0.108012, , 
31.18,0.106908, , 
31.24,0.105721, , 
31.3,0.104658, , 
31.35,0.103435, , 
31.41,0.102269, , 
31.46,0.10114, , 
31.52,0.099999, , 
31.57,0.09887, , 
31.63,0.097734, , 
31.68,0.096569, , 
31.73,0.095554, , 
31.79,0.094432, , 
31.84,0.093394, , 
31.9,0.092399, , 
31.95,0.091432, , 
32.01,0.090449, , 
32.06,0.089605, , 
32.12,0.088705, , 
32.17,0.087936, , 
32.23,0.087168, , 
32.28,0.086383, , 
32.34,0.085726, , 
32.4,0.085029, , 
32.45,0.084407, , 
32.51,0.083839, , 
32.56,0.08331, , 
32.62,0.082841, , 
32.67,0.082426, , 
32.73,0.082018, , 
32.78,0.081688, , 
32.84,0.08137, , 
32.89,0.081116, , 
32.95,0.080897, , 
33,0.080717, , 
33.06,0.080577, , 
33.11,0.080469, , 
33.16,0.080395, , 
33.22,0.080364, , 
33.27,0.080369, , 
33.33,0.080429, , 
33.38,0.080521, , 
33.44,0.080656, , 
33.5,0.080828, , 
33.55,0.081014, , 
33.6,0.081274, , 
33.66,0.081562, , 
33.72,0.081895, , 
33.77,0.082277, , 
33.83,0.082661, , 
33.88,0.083139, , 
33.94,0.083633, , 
33.99,0.084164, , 
34.05,0.084758, , 
34.1,0.085381, , 
34.16,0.08607, , 
34.21,0.086836, , 
34.27,0.087559, , 
34.32,0.088428, , 
34.38,0.089308, , 
34.43,0.090238, , 
34.48,0.091233, , 
34.54,0.092278, , 
34.59,0.093403, , 
34.65,0.094665, , 
34.7,0.095865, , 
34.76,0.097315, , 
34.81,0.098799, , 
34.87,0.100373, , 
34.92,0.102111, , 
34.98,0.104128, , 
35.03,0.106106, , 
35.09,0.108561, , 
35.15,0.111083, , 
35.2,0.114014, , 
35.26,0.117449, , 
35.31,0.120866, , 
35.37,0.125148, , 
35.42,0.129666, , 
35.48,0.134566, , 
35.53,0.139968, , 
35.59,0.145692, , 
35.64,0.151837, , 
35.7,0.158601, , 
35.75,0.16481, , 
35.81,0.171924, , 
35.86,0.178604, , 
35.91,0.184853, , 
35.97,0.19043, , 
36.02,0.195069, , 
36.08,0.19878, , 
36.13,0.201648, , 
36.19,0.203283, , 
36.24,0.204249, , 
36.3,0.204545, , 
36.35,0.204629, , 
36.41,0.204651, , 
36.47,0.204666, , 
36.52,0.204677, , 
36.58,0.204686, , 
36.63,0.204691, , 
36.69,0.204692, , 
36.74,0.204691, , 
36.8,0.204699, , 
36.85,0.204678, , 
36.91,0.204481, , 
36.96,0.203892, , 
37.02,0.202699, , 
37.07,0.201104, , 
37.13,0.198891, , 
37.18,0.195968, , 
37.23,0.192852, , 
37.29,0.18895, , 
37.35,0.1851, , 
37.4,0.181314, , 
37.45,0.177529, , 
37.51,0.173853, , 
37.56,0.170239, , 
37.62,0.166581, , 
37.67,0.163454, , 
37.73,0.160044, , 
37.78,0.156932, , 
37.84,0.153974, , 
37.9,0.151107, , 
37.95,0.148401, , 
38.01,0.145774, , 
38.06,0.143115, , 
38.12,0.140861, , 
38.17,0.138447, , 
38.23,0.13626, , 
38.28,0.13419, , 
38.34,0.132181, , 
38.39,0.130269, , 
38.45,0.128416, , 
38.5,0.126559, , 
38.56,0.124978, , 
38.61,0.123258, , 
38.66,0.121687, , 
38.72,0.120202, , 
38.77,0.11876, , 
38.83,0.117297, , 
38.88,0.11603, , 
38.94,0.114633, , 
38.99,0.113403, , 
39.05,0.112141, , 
39.1,0.110836, , 
39.16,0.109708, , 
39.22,0.108453, , 
39.27,0.107287, , 
39.33,0.106169, , 
39.38,0.105043, , 
39.44,0.103935, , 
39.49,0.102827, , 
39.55,0.101676, , 
39.6,0.100671, , 
39.66,0.099566, , 
39.71,0.098547, , 
39.77,0.097562, , 
39.82,0.096582, , 
39.88,0.095619, , 
39.93,0.094648, , 
39.98,0.093642, , 
40.04,0.092752, , 
40.09,0.091751, , 
40.15,0.090819, , 
40.2,0.089927, , 
40.26,0.089041, , 
40.32,0.088129, , 
40.37,0.087327, , 
40.42,0.086423, , 
40.48,0.085613, , 
40.53,0.084776, , 
40.59,0.083902, , 
40.65,0.083146, , 
40.7,0.082315, , 
40.76,0.081566, , 
40.81,0.080854, , 
40.87,0.080146, , 
40.92,0.079467, , 
40.98,0.078802, , 
41.03,0.078096, , 
41.09,0.077471, , 
41.14,0.076779, , 
41.2,0.07614, , 
41.25,0.075527, , 
41.31,0.074904, , 
41.36,0.074289, , 
41.41,0.073681, , 
41.47,0.073048, , 
41.52,0.072496, , 
41.58,0.071906, , 
41.63,0.071346, , 
41.69,0.070799, , 
41.74,0.070265, , 
41.8,0.069763, , 
41.85,0.069277, , 
41.91,0.068765, , 
41.97,0.068318, , 
42.02,0.067826, , 
42.08,0.067372, , 
42.13,0.066922, , 
42.19,0.066467, , 
42.24,0.066015, , 
42.3,0.065565, , 
42.35,0.065112, , 
42.41,0.064728, , 
42.46,0.064293, , 
42.52,0.063884, , 
42.57,0.063489, , 
42.63,0.063093, , 
42.68,0.062706, , 
42.73,0.062316, , 
42.79,0.061915, , 
42.84,0.06157, , 
42.9,0.061188, , 
42.95,0.060839, , 
43.01,0.060518, , 
43.06,0.060205, , 
43.12,0.059873, , 
43.17,0.059567, , 
43.23,0.059214, , 
43.28,0.058908, , 
43.34,0.058593, , 
43.4,0.058262, , 
43.45,0.05798, , 
43.51,0.057671, , 
43.56,0.057382, , 
43.62,0.057112, , 
43.67,0.056847, , 
43.73,0.05659, , 
43.78,0.056342, , 
43.84,0.056068, , 
43.89,0.055831, , 
43.95,0.055591, , 
44,0.055444, , 
44.06,0.055129, , 
44.11,0.054861, , 
44.17,0.054627, , 
44.22,0.054398, , 
44.27,0.054196, , 
44.33,0.053962, , 
44.38,0.053746, , 
44.44,0.053528, , 
44.49,0.053325, , 
44.55,0.053113, , 
44.61,0.052844, , 
44.66,0.05262, , 
44.72,0.052383, , 
44.77,0.052185, , 
44.83,0.051976, , 
44.88,0.051759, , 
44.94,0.051579, , 
44.99,0.05139, , 
45.05,0.051212, , 
45.1,0.051043, , 
45.16,0.050877, , 
45.21,0.050714, , 
45.27,0.050549, , 
45.32,0.050373, , 
45.38,0.050224, , 
45.43,0.050066, , 
45.48,0.049908, , 
45.54,0.04975, , 
45.59,0.049593, , 
45.65,0.04945, , 
45.7,0.049315, , 
45.76,0.049168, , 
45.81,0.049038, , 
45.87,0.048895, , 
45.92,0.048767, , 
45.98,0.048651, , 
46.03,0.048532, , 
46.09,0.048397, , 
46.15,0.048266, , 
46.2,0.048143, , 
46.26,0.048035, , 
46.31,0.047914, , 
46.37,0.047796, , 
46.42,0.047682, , 
46.48,0.047569, , 
46.53,0.047466, , 
46.59,0.04738, , 
46.64,0.04727, , 
46.7,0.047177, , 
46.75,0.047092, , 
46.81,0.047, , 
46.86,0.046929, , 
46.91,0.046849, , 
46.97,0.04677, , 
47.02,0.046699, , 
47.08,0.046648, , 
47.13,0.04661, , 
47.19,0.046579, , 
47.24,0.046555, , 
47.3,0.046564, , 
47.35,0.046586, , 
47.41,0.046619, , 
47.47,0.046663, , 
47.52,0.046721, , 
47.58,0.046801, , 
47.63,0.046897, , 
47.69,0.04702, , 
47.74,0.047137, , 
47.8,0.047299, , 
47.85,0.047466, , 
47.91,0.047639, , 
47.96,0.047835, , 
48.02,0.048036, , 
48.07,0.048234, , 
48.13,0.048455, , 
48.18,0.048646, , 
48.23,0.048861, , 
48.29,0.049051, , 
48.34,0.049218, , 
48.4,0.049374, , 
48.45,0.049532, , 
48.51,0.049661, , 
48.56,0.049793, , 
48.62,0.049897, , 
48.67,0.049982, , 
48.73,0.050061, , 
48.78,0.050112, , 
48.84,0.050148, , 
48.9,0.050157, , 
48.95,0.05013, , 
49.01,0.050088, , 
49.06,0.050025, , 
49.12,0.049943, , 
49.17,0.049841, , 
49.23,0.049742, , 
49.28,0.049613, , 
49.34,0.049504, , 
49.39,0.049386, , 
49.45,0.04927, , 
49.5,0.049137, , 
49.56,0.04899, , 
49.61,0.048839, , 
49.66,0.048718, , 
49.72,0.048548, , 
49.77,0.04839, , 
49.83,0.048217, , 
49.88,0.048062, , 
49.94,0.047896, , 
49.99,0.047748, , 
50.05,0.047581, , 
50.1,0.047436, , 
50.16,0.047302, , 
50.22,0.047159, , 
50.27,0.047038, , 
50.33,0.046899, , 
50.38,0.046782, , 
50.44,0.046672, , 
50.49,0.046559, , 
50.55,0.046445, , 
50.6,0.046336, , 
50.66,0.046233, , 
50.71,0.046158, , 
50.77,0.046063, , 
50.82,0.045969, , 
50.88,0.04588, , 
50.93,0.045786, , 
50.98,0.0457, , 
51.04,0.045615, , 
51.09,0.045516, , 
51.15,0.045439, , 
51.2,0.045345, , 
51.26,0.045276, , 
51.31,0.045201, , 
51.37,0.045135, , 
51.42,0.045057, , 
51.48,0.044977, , 
51.53,0.04489, , 
51.59,0.044816, , 
51.65,0.044714, , 
51.7,0.044633, , 
51.76,0.044555, , 
51.81,0.044484, , 
51.87,0.044406, , 
51.92,0.044338, , 
51.98,0.044253, , 
52.03,0.044175, , 
52.09,0.044082, , 
52.14,0.043974, , 
52.2,0.043899, , 
52.25,0.043805, , 
52.31,0.043723, , 
52.36,0.043635, , 
52.41,0.043549, , 
52.47,0.043466, , 
52.52,0.043394, , 
52.58,0.043311, , 
52.63,0.043246, , 
52.69,0.043156, , 
52.74,0.043086, , 
52.8,0.043021, , 
52.85,0.042949, , 
52.91,0.042876, , 
52.97,0.042807, , 
53.02,0.042731, , 
53.08,0.042673, , 
53.13,0.042603, , 
53.19,0.042539, , 
53.24,0.042473, , 
53.3,0.042408, , 
53.35,0.042351, , 
53.41,0.042295, , 
53.46,0.042219, , 
53.52,0.042164, , 
53.57,0.042099, , 
53.63,0.042038, , 
53.68,0.041984, , 
53.73,0.041929, , 
53.79,0.041858, , 
53.84,0.041798, , 
53.9,0.041725, , 
53.95,0.041658, , 
54.01,0.041599, , 
54.06,0.041528, , 
54.12,0.041465, , 
54.17,0.041393, , 
54.23,0.041336, , 
54.28,0.041283, , 
54.34,0.041236, , 
54.4,0.041185, , 
54.45,0.041142, , 
54.51,0.041099, , 
54.56,0.041062, , 
54.62,0.041031, , 
54.67,0.041001, , 
54.73,0.040979, , 
54.78,0.040974, , 
54.84,0.040975, , 
54.89,0.040993, , 
54.95,0.041036, , 
55,0.041094, , 
55.06,0.041199, , 
55.11,0.041314, , 
55.16,0.041465, , 
55.22,0.041638, , 
55.27,0.04192, , 
55.33,0.042216, , 
55.38,0.04253, , 
55.44,0.042812, , 
55.49,0.043126, , 
55.55,0.043492, , 
55.6,0.043797, , 
55.66,0.044116, , 
55.72,0.044379, , 
55.77,0.044716, , 
55.83,0.045053, , 
55.88,0.045388, , 
55.94,0.045695, , 
55.99,0.045996, , 
56.05,0.046216, , 
56.1,0.046459, , 
56.16,0.04664, , 
56.21,0.046789, , 
56.27,0.046897, , 
56.32,0.046976, , 
56.38,0.04701, , 
56.43,0.047014, , 
56.48,0.046982, , 
56.54,0.046922, , 
56.59,0.046836, , 
56.65,0.046719, , 
56.7,0.046585, , 
56.76,0.046426, , 
56.81,0.046268, , 
56.87,0.046076, , 
56.92,0.045911, , 
56.98,0.045716, , 
57.03,0.045528, , 
57.09,0.045333, , 
57.15,0.04516, , 
57.2,0.044988, , 
57.26,0.044844, , 
57.31,0.044672, , 
57.37,0.044526, , 
57.42,0.044393, , 
57.48,0.044238, , 
57.53,0.044107, , 
57.59,0.043951, , 
57.64,0.043824, , 
57.7,0.043699, , 
57.75,0.043566, , 
57.81,0.043434, , 
57.86,0.043321, , 
57.91,0.043195, , 
57.97,0.04309, , 
58.02,0.042968, , 
58.08,0.042855, , 
58.13,0.04274, , 
58.19,0.042632, , 
58.24,0.042516, , 
58.3,0.042406, , 
58.35,0.042339, , 
58.41,0.042189, , 
58.47,0.042042, , 
58.52,0.041899, , 
58.58,0.041776, , 
58.63,0.041676, , 
58.69,0.04154, , 
58.74,0.04143, , 
58.8,0.041319, , 
58.85,0.041219, , 
58.91,0.041102, , 
58.96,0.040993, , 
59.02,0.040909, , 
59.07,0.040824, , 
59.13,0.040724, , 
59.18,0.040657, , 
59.23,0.040613, , 
59.29,0.040561, , 
59.34,0.0405, , 
59.4,0.040425, , 
59.45,0.040311, , 
59.51,0.040218, , 
59.56,0.040145, , 
59.62,0.040064, , 
59.67,0.039997, , 
59.73,0.039941, , 
59.78,0.039921, , 
59.84,0.039914, , 
59.9,0.039893, , 
59.95,0.039872, , 
60.01,0.039849, , 
60.06,0.039826, , 
60.12,0.039821, , 
60.17,0.03982, , 
60.23,0.039821, , 
60.28,0.039824, , 
60.34,0.039843, , 
60.39,0.039879, , 
60.45,0.039932, , 
60.5,0.040008, , 
60.56,0.040095, , 
60.61,0.040206, , 
60.66,0.040314, , 
60.72,0.040464, , 
60.77,0.040619, , 
60.83,0.040806, , 
60.88,0.041049, , 
60.94,0.041288, , 
60.99,0.041597, , 
61.05,0.041871, , 
61.1,0.042176, , 
61.16,0.04249, , 
61.22,0.042817, , 
61.27,0.043124, , 
61.33,0.043457, , 
61.38,0.043724, , 
61.44,0.044037, , 
61.49,0.044299, , 
61.55,0.044555, , 
61.6,0.044757, , 
61.66,0.044951, , 
61.71,0.04511, , 
61.77,0.045246, , 
61.82,0.045332, , 
61.88,0.045409, , 
61.93,0.045465, , 
61.98,0.045496, , 
62.04,0.04548, , 
62.09,0.045436, , 
62.15,0.045377, , 
62.2,0.045295, , 
62.26,0.045199, , 
62.31,0.045056, , 
62.37,0.044928, , 
62.42,0.044788, , 
62.48,0.044651, , 
62.53,0.044493, , 
62.59,0.044367, , 
62.65,0.044213, , 
62.7,0.044074, , 
62.76,0.043929, , 
62.81,0.043768, , 
62.87,0.043646, , 
62.92,0.04348, , 
62.98,0.043333, , 
63.03,0.043179, , 
63.09,0.043046, , 
63.14,0.042919, , 
63.2,0.042795, , 
63.25,0.042647, , 
63.31,0.042539, , 
63.36,0.042412, , 
63.41,0.04228, , 
63.47,0.042144, , 
63.52,0.042029, , 
63.58,0.041914, , 
63.63,0.041801, , 
63.69,0.041675, , 
63.74,0.041576, , 
63.8,0.041451, , 
63.85,0.041334, , 
63.91,0.041217, , 
63.97,0.041127, , 
64.02,0.04103, , 
64.08,0.040951, , 
64.13,0.040863, , 
64.19,0.040802, , 
64.24,0.040745, , 
64.3,0.040678, , 
64.35,0.040627, , 
64.41,0.040578, , 
64.46,0.040543, , 
64.52,0.040524, , 
64.57,0.040498, , 
64.63,0.040478, , 
64.68,0.040492, , 
64.73,0.040528, , 
64.79,0.040578, , 
64.84,0.040675, , 
64.9,0.04078, , 
64.95,0.040918, , 
65.01,0.041092, , 
65.06,0.041309, , 
65.12,0.041555, , 
65.17,0.041857, , 
65.23,0.042122, , 
65.28,0.042471, , 
65.34,0.042813, , 
65.39,0.043175, , 
65.45,0.043512, , 
65.5,0.04386, , 
65.56,0.044177, , 
65.61,0.044512, , 
65.67,0.044782, , 
65.72,0.045091, , 
65.78,0.045328, , 
65.83,0.045546, , 
65.89,0.045709, , 
65.94,0.045851, , 
66,0.045938, , 
66.06,0.045998, , 
66.11,0.046, , 
66.17,0.045963, , 
66.22,0.045885, , 
66.28,0.045776, , 
66.33,0.045629, , 
66.39,0.045477, , 
66.44,0.045309, , 
66.5,0.04514, , 
66.55,0.044952, , 
66.61,0.04476, , 
66.66,0.044542, , 
66.72,0.044354, , 
66.77,0.044111, , 
66.83,0.043904, , 
66.88,0.043697, , 
66.94,0.043493, , 
66.99,0.04328, , 
67.05,0.043091, , 
67.1,0.042885, , 
67.16,0.042722, , 
67.21,0.042544, , 
67.27,0.042403, , 
67.32,0.042279, , 
67.38,0.042167, , 
67.43,0.042049, , 
67.48,0.04198, , 
67.54,0.041938, , 
67.59,0.041954, , 
67.65,0.042022, , 
67.7,0.042126, , 
67.76,0.042246, , 
67.81,0.042443, , 
67.87,0.042646, , 
67.92,0.042875, , 
67.98,0.043098, , 
68.03,0.043343, , 
68.09,0.043592, , 
68.14,0.04387, , 
68.2,0.044107, , 
68.25,0.044388, , 
68.31,0.044611, , 
68.36,0.044828, , 
68.42,0.045015, , 
68.47,0.045186, , 
68.53,0.045306, , 
68.58,0.045397, , 
68.64,0.045455, , 
68.69,0.045491, , 
68.75,0.045473, , 
68.81,0.045419, , 
68.86,0.045345, , 
68.92,0.045229, , 
68.97,0.04509, , 
69.03,0.044915, , 
69.08,0.044744, , 
69.14,0.044515, , 
69.19,0.044322, , 
69.25,0.044137, , 
69.3,0.043953, , 
69.36,0.043735, , 
69.41,0.043594, , 
69.47,0.04349, , 
69.52,0.043387, , 
69.58,0.043279, , 
69.63,0.043154, , 
69.69,0.043079, , 
69.74,0.043043, , 
69.8,0.043017, , 
69.85,0.042975, , 
69.91,0.042992, , 
69.96,0.04304, , 
70.02,0.043102, , 
70.07,0.043181, , 
70.13,0.04325, , 
70.18,0.043315, , 
70.23,0.043352, , 
70.29,0.043394, , 
70.34,0.043416, , 
70.4,0.04342, , 
70.45,0.043433, , 
70.51,0.043439, , 
70.56,0.043403, , 
70.62,0.043335, , 
70.67,0.043241, , 
70.73,0.043135, , 
70.78,0.043043, , 
70.84,0.042897, , 
70.89,0.042768, , 
70.95,0.042655, , 
71,0.042578, , 
71.06,0.042506, , 
71.11,0.042435, , 
71.17,0.042382, , 
71.22,0.042332, , 
71.28,0.04229, , 
71.33,0.042266, , 
71.39,0.042249, , 
71.44,0.042226, , 
71.5,0.042224, , 
71.56,0.042224, , 
71.61,0.04222, , 
71.67,0.042211, , 
71.72,0.042188, , 
71.78,0.04217, , 
71.83,0.042144, , 
71.89,0.042102, , 
71.94,0.042054, , 
72,0.041992, , 
72.05,0.041925, , 
72.11,0.041834, , 
72.16,0.041744, , 
72.22,0.041639, , 
72.27,0.041533, , 
72.33,0.041412, , 
72.38,0.041303, , 
72.44,0.04119, , 
72.49,0.041104, , 
72.55,0.040995, , 
72.6,0.040889, , 
72.66,0.040773, , 
72.71,0.040666, , 
72.77,0.040534, , 
72.82,0.040406, , 
72.88,0.040243, , 
72.93,0.04007, , 
72.98,0.039917, , 
73.04,0.03961, , 
73.09,0.039369, , 
73.15,0.039074, , 
73.21,0.038743, , 
73.26,0.038474, , 
73.31,0.038123, , 
73.37,0.037842, , 
73.42,0.037573, , 
73.48,0.037305, , 
73.53,0.037085, , 
73.59,0.036849, , 
73.64,0.036631, , 
73.7,0.036432, , 
73.75,0.036337, , 
73.81,0.036105, , 
73.86,0.035929, , 
73.92,0.035769, , 
73.97,0.035611, , 
74.03,0.035467, , 
74.08,0.035267, , 
74.14,0.035126, , 
74.19,0.034977, , 
74.25,0.034831, , 
74.31,0.034708, , 
74.36,0.034584, , 
74.42,0.034495, , 
74.47,0.034404, , 
74.53,0.034325, , 
74.58,0.034246, , 
74.64,0.034182, , 
74.69,0.034101, , 
74.75,0.034034, , 
74.8,0.033962, , 
74.86,0.033904, , 
74.91,0.033849, , 
74.97,0.033795, , 
75.02,0.033752, , 
75.08,0.033705, , 
75.13,0.033664, , 
75.19,0.033618, , 
75.24,0.033585, , 
75.3,0.033548, , 
75.35,0.033519, , 
75.41,0.033488, , 
75.46,0.033473, , 
75.52,0.033464, , 
75.57,0.033438, , 
75.63,0.033427, , 
75.68,0.033426, , 
75.73,0.033422, , 
75.79,0.033421, , 
75.84,0.033415, , 
75.9,0.03339, , 
75.95,0.033371, , 
76.01,0.033369, , 
76.06,0.03337, , 
76.12,0.033371, , 
76.18,0.033369, , 
76.23,0.033366, , 
76.28,0.033369, , 
76.34,0.033367, , 
76.39,0.033368, , 
76.45,0.033357, , 
76.5,0.033351, , 
76.56,0.033384, , 
76.62,0.033391, , 
76.67,0.033375, , 
76.72,0.033367, , 
76.78,0.033366, , 
76.83,0.033363, , 
76.89,0.033329, , 
76.94,0.033288, , 
77,0.033271, , 
77,0.033271, , 
77.17,0.033269, , 