Gradient Profiler Text Data File: 20160110_andreev_plusrnase.csv,,,
Version: 1.88,,,
Date: 2016-01-10,,,
Time: 19:52:15,,,
,,,
User: Alicia,,,
Experiment name: 20160110_RNaseIcheck_andreevvsingolia,,,
UV Unit: EM-1,,,
Rotor Manufacturer: Beckman,,,
Rotor Model: SW41Ti,,,
Speed: 35000 rpm,,,
Gradient: sucrose 10.0% to 50.0% w/v,,,
Time: 180,,,
w2t:  x 10^0,,,
Sample Volume: 0.15 ml,,,
Number of Tubes: 6,,,
Volume per mm: 0.143 ml/mm,,,
Temperature: 4.0 deg C,,,
,,,
Absorbance Units Full Scale (AUFS): 0.20,,,
Manual-triggered gradient; (with distance; but no event marks),,,
Delay: No Delay,,,
UV Wavelength: 254 nm,,,
Samples / sec: 4 Hz,,,
EM1 Speed: 0.22 mm/sec,,,
Distance: 4.33 mm,,,
Number: 24,,,
Dead Volume: 0.000000 ml; Distance due to Dead Volume: 0.00 mm,,,
Length of Tubing: 0 mm,,,
Total Distance: 103.92 mm,,,
,,,
Data Columns:,,,
Distance, Absorbance,,
0.06,0.047027, , 
0.11,0.046869, , 
0.17,0.046744, , 
0.22,0.046631, , 
0.28,0.046515, , 
0.33,0.0464, , 
0.39,0.046306, , 
0.44,0.046225, , 
0.5,0.046151, , 
0.55,0.046076, , 
0.6,0.046016, , 
0.66,0.045981, , 
0.71,0.045949, , 
0.77,0.045928, , 
0.82,0.045922, , 
0.88,0.045924, , 
0.94,0.045925, , 
0.99,0.045923, , 
1.04,0.045924, , 
1.1,0.045921, , 
1.16,0.045925, , 
1.21,0.045922, , 
1.26,0.04592, , 
1.32,0.045919, , 
1.38,0.045923, , 
1.43,0.045945, , 
1.49,0.045967, , 
1.54,0.04599, , 
1.6,0.04603, , 
1.65,0.046069, , 
1.71,0.04611, , 
1.76,0.046162, , 
1.81,0.046213, , 
1.87,0.046266, , 
1.93,0.046308, , 
1.98,0.046343, , 
2.04,0.046383, , 
2.09,0.046421, , 
2.15,0.046452, , 
2.2,0.046469, , 
2.25,0.046481, , 
2.31,0.046503, , 
2.37,0.046524, , 
2.42,0.046549, , 
2.48,0.046577, , 
2.53,0.046609, , 
2.59,0.046636, , 
2.64,0.046668, , 
2.69,0.046707, , 
2.75,0.046745, , 
2.81,0.046783, , 
2.86,0.046814, , 
2.92,0.046846, , 
2.97,0.046883, , 
3.02,0.046916, , 
3.08,0.046945, , 
3.13,0.046981, , 
3.19,0.047022, , 
3.25,0.047067, , 
3.3,0.047114, , 
3.36,0.04716, , 
3.41,0.047205, , 
3.46,0.047252, , 
3.52,0.047295, , 
3.58,0.047323, , 
3.63,0.047353, , 
3.69,0.047389, , 
3.74,0.047419, , 
3.79,0.047444, , 
3.85,0.047476, , 
3.9,0.047511, , 
3.96,0.04755, , 
4.01,0.04759, , 
4.07,0.047628, , 
4.13,0.047667, , 
4.18,0.047699, , 
4.24,0.047768, , 
4.29,0.047839, , 
4.34,0.047899, , 
4.4,0.047968, , 
4.46,0.048046, , 
4.51,0.048114, , 
4.57,0.048199, , 
4.62,0.048279, , 
4.67,0.04835, , 
4.73,0.048427, , 
4.79,0.048501, , 
4.84,0.048567, , 
4.89,0.048645, , 
4.95,0.048715, , 
5,0.04879, , 
5.06,0.04887, , 
5.12,0.048945, , 
5.17,0.049021, , 
5.22,0.049072, , 
5.28,0.049156, , 
5.34,0.049229, , 
5.39,0.049292, , 
5.45,0.049363, , 
5.5,0.049418, , 
5.55,0.049488, , 
5.61,0.049563, , 
5.67,0.04964, , 
5.72,0.049709, , 
5.78,0.049782, , 
5.83,0.04984, , 
5.88,0.049905, , 
5.94,0.049977, , 
6,0.050026, , 
6.05,0.050096, , 
6.11,0.050155, , 
6.16,0.050211, , 
6.21,0.050266, , 
6.27,0.050303, , 
6.33,0.05036, , 
6.38,0.050405, , 
6.43,0.050446, , 
6.49,0.050489, , 
6.54,0.050528, , 
6.6,0.050564, , 
6.66,0.050605, , 
6.71,0.050648, , 
6.76,0.050686, , 
6.82,0.050714, , 
6.88,0.050747, , 
6.93,0.050782, , 
6.99,0.050822, , 
7.04,0.052865, , 
7.09,0.064055, , 
7.15,0.08193, , 
7.21,0.103464, , 
7.26,0.125556, , 
7.32,0.146373, , 
7.37,0.168632, , 
7.42,0.188992, , 
7.48,0.200027, , 
7.54,0.203615, , 
7.59,0.204354, , 
7.64,0.204523, , 
7.7,0.204583, , 
7.75,0.204606, , 
7.81,0.204628, , 
7.87,0.204639, , 
7.92,0.204654, , 
7.97,0.20466, , 
8.03,0.204663, , 
8.09,0.204671, , 
8.14,0.204681, , 
8.2,0.204682, , 
8.25,0.204677, , 
8.3,0.204688, , 
8.36,0.204692, , 
8.41,0.204697, , 
8.47,0.204698, , 
8.53,0.204705, , 
8.58,0.2047, , 
8.63,0.204703, , 
8.69,0.204697, , 
8.74,0.20469, , 
8.8,0.20469, , 
8.86,0.204696, , 
8.91,0.204706, , 
8.96,0.204709, , 
9.02,0.204712, , 
9.07,0.204706, , 
9.13,0.204702, , 
9.19,0.204713, , 
9.24,0.204716, , 
9.29,0.204714, , 
9.35,0.204717, , 
9.4,0.204726, , 
9.46,0.204716, , 
9.52,0.204714, , 
9.57,0.204719, , 
9.63,0.204719, , 
9.68,0.204716, , 
9.73,0.204715, , 
9.79,0.204724, , 
9.85,0.204721, , 
9.9,0.204724, , 
9.96,0.204725, , 
10.01,0.204726, , 
10.07,0.204732, , 
10.12,0.204735, , 
10.18,0.204722, , 
10.23,0.204716, , 
10.29,0.204714, , 
10.34,0.204727, , 
10.4,0.204728, , 
10.45,0.204722, , 
10.51,0.204725, , 
10.56,0.204728, , 
10.62,0.204715, , 
10.67,0.204718, , 
10.73,0.204726, , 
10.78,0.204719, , 
10.84,0.204734, , 
10.89,0.204735, , 
10.95,0.204735, , 
11,0.204741, , 
11.06,0.204734, , 
11.11,0.204723, , 
11.16,0.204723, , 
11.22,0.204719, , 
11.28,0.204728, , 
11.33,0.204734, , 
11.39,0.204724, , 
11.44,0.20473, , 
11.49,0.204734, , 
11.55,0.204736, , 
11.61,0.204739, , 
11.66,0.204732, , 
11.72,0.204725, , 
11.77,0.204731, , 
11.82,0.204733, , 
11.88,0.204737, , 
11.94,0.204733, , 
11.99,0.204732, , 
12.05,0.204734, , 
12.1,0.204731, , 
12.15,0.204732, , 
12.21,0.204663, , 
12.27,0.204281, , 
12.32,0.203342, , 
12.38,0.201869, , 
12.43,0.199648, , 
12.48,0.196976, , 
12.54,0.193508, , 
12.6,0.189502, , 
12.65,0.185453, , 
12.71,0.181063, , 
12.76,0.176682, , 
12.82,0.172635, , 
12.87,0.168368, , 
12.93,0.164206, , 
12.98,0.160472, , 
13.04,0.156723, , 
13.09,0.153417, , 
13.15,0.150116, , 
13.2,0.147067, , 
13.26,0.144432, , 
13.31,0.141787, , 
13.37,0.139221, , 
13.42,0.136851, , 
13.48,0.134422, , 
13.53,0.132177, , 
13.59,0.129623, , 
13.64,0.127095, , 
13.7,0.124811, , 
13.75,0.122414, , 
13.81,0.120077, , 
13.86,0.117934, , 
13.91,0.115751, , 
13.97,0.1138, , 
14.03,0.111807, , 
14.08,0.109895, , 
14.14,0.108175, , 
14.19,0.10641, , 
14.24,0.104701, , 
14.3,0.103147, , 
14.36,0.101559, , 
14.41,0.100018, , 
14.47,0.098584, , 
14.52,0.097062, , 
14.57,0.095667, , 
14.63,0.094229, , 
14.69,0.092821, , 
14.74,0.091538, , 
14.8,0.090241, , 
14.85,0.08903, , 
14.9,0.087975, , 
14.96,0.086919, , 
15.02,0.085998, , 
15.07,0.085091, , 
15.13,0.08422, , 
15.18,0.083431, , 
15.23,0.082616, , 
15.29,0.081831, , 
15.35,0.081097, , 
15.4,0.080296, , 
15.46,0.079564, , 
15.51,0.078816, , 
15.57,0.078089, , 
15.62,0.077431, , 
15.68,0.076772, , 
15.73,0.076165, , 
15.79,0.075547, , 
15.84,0.074928, , 
15.9,0.074369, , 
15.95,0.073774, , 
16,0.073189, , 
16.06,0.072639, , 
16.11,0.072068, , 
16.17,0.071531, , 
16.23,0.071042, , 
16.28,0.070517, , 
16.34,0.070014, , 
16.39,0.069573, , 
16.45,0.069106, , 
16.5,0.06865, , 
16.56,0.06814, , 
16.61,0.067617, , 
16.66,0.067113, , 
16.72,0.066575, , 
16.78,0.066032, , 
16.83,0.065536, , 
16.89,0.065046, , 
16.94,0.064605, , 
17,0.064142, , 
17.05,0.06371, , 
17.11,0.063309, , 
17.16,0.062887, , 
17.22,0.062475, , 
17.27,0.062089, , 
17.32,0.061687, , 
17.38,0.061316, , 
17.43,0.060934, , 
17.49,0.060557, , 
17.55,0.0602, , 
17.6,0.059825, , 
17.66,0.059475, , 
17.71,0.059163, , 
17.77,0.058838, , 
17.82,0.05855, , 
17.88,0.058261, , 
17.93,0.057985, , 
17.98,0.057725, , 
18.04,0.05745, , 
18.09,0.057195, , 
18.15,0.056962, , 
18.2,0.056733, , 
18.26,0.056538, , 
18.32,0.056352, , 
18.37,0.056147, , 
18.43,0.055952, , 
18.48,0.055759, , 
18.54,0.055576, , 
18.59,0.055401, , 
18.65,0.055217, , 
18.7,0.055057, , 
18.75,0.054902, , 
18.81,0.054732, , 
18.86,0.054574, , 
18.92,0.054395, , 
18.98,0.054222, , 
19.03,0.054057, , 
19.09,0.053882, , 
19.14,0.053712, , 
19.2,0.053567, , 
19.25,0.053419, , 
19.31,0.053274, , 
19.36,0.053108, , 
19.41,0.052936, , 
19.47,0.052779, , 
19.52,0.052609, , 
19.58,0.052483, , 
19.64,0.052266, , 
19.69,0.052102, , 
19.75,0.051969, , 
19.8,0.051836, , 
19.86,0.051705, , 
19.91,0.05159, , 
19.97,0.051512, , 
20.02,0.051463, , 
20.07,0.051436, , 
20.13,0.051401, , 
20.19,0.051397, , 
20.24,0.051417, , 
20.3,0.051446, , 
20.35,0.051474, , 
20.41,0.051559, , 
20.46,0.051681, , 
20.52,0.051843, , 
20.57,0.052065, , 
20.63,0.052286, , 
20.68,0.052598, , 
20.73,0.052958, , 
20.79,0.053334, , 
20.84,0.053773, , 
20.9,0.05424, , 
20.95,0.054748, , 
21.01,0.055313, , 
21.07,0.055916, , 
21.12,0.056499, , 
21.18,0.057186, , 
21.23,0.057842, , 
21.29,0.058566, , 
21.34,0.059323, , 
21.4,0.060041, , 
21.45,0.060796, , 
21.5,0.06152, , 
21.56,0.062218, , 
21.61,0.062946, , 
21.67,0.063641, , 
21.73,0.064221, , 
21.78,0.064838, , 
21.84,0.065362, , 
21.89,0.065854, , 
21.95,0.066305, , 
22,0.066647, , 
22.06,0.06696, , 
22.11,0.067184, , 
22.16,0.067316, , 
22.22,0.067386, , 
22.27,0.067382, , 
22.33,0.067298, , 
22.39,0.067127, , 
22.44,0.066884, , 
22.5,0.066576, , 
22.55,0.066204, , 
22.61,0.065794, , 
22.66,0.065314, , 
22.72,0.064805, , 
22.77,0.064253, , 
22.82,0.06366, , 
22.88,0.063118, , 
22.93,0.062488, , 
22.99,0.061886, , 
23.05,0.061283, , 
23.1,0.06066, , 
23.16,0.060002, , 
23.21,0.059415, , 
23.27,0.058765, , 
23.32,0.058194, , 
23.38,0.057644, , 
23.43,0.057039, , 
23.48,0.056531, , 
23.54,0.05602, , 
23.6,0.055533, , 
23.65,0.05515, , 
23.7,0.054715, , 
23.76,0.054244, , 
23.82,0.053824, , 
23.87,0.053414, , 
23.93,0.053044, , 
23.98,0.052676, , 
24.04,0.052327, , 
24.09,0.052006, , 
24.15,0.051663, , 
24.2,0.051378, , 
24.25,0.051102, , 
24.31,0.050841, , 
24.36,0.050624, , 
24.42,0.050384, , 
24.48,0.050161, , 
24.53,0.049949, , 
24.59,0.049742, , 
24.64,0.04954, , 
24.7,0.049343, , 
24.75,0.049146, , 
24.81,0.048981, , 
24.86,0.0488, , 
24.91,0.048634, , 
24.97,0.048469, , 
25.02,0.048308, , 
25.08,0.048137, , 
25.14,0.047988, , 
25.19,0.047817, , 
25.25,0.04766, , 
25.3,0.047515, , 
25.36,0.047369, , 
25.41,0.047239, , 
25.47,0.047096, , 
25.52,0.046958, , 
25.57,0.046839, , 
25.63,0.046734, , 
25.68,0.046635, , 
25.74,0.046536, , 
25.8,0.046422, , 
25.85,0.046318, , 
25.91,0.046223, , 
25.96,0.046112, , 
26.02,0.045979, , 
26.07,0.045865, , 
26.13,0.045738, , 
26.18,0.045621, , 
26.23,0.045507, , 
26.29,0.045401, , 
26.34,0.0453, , 
26.4,0.045213, , 
26.45,0.045132, , 
26.51,0.04504, , 
26.57,0.04495, , 
26.62,0.044852, , 
26.68,0.044733, , 
26.73,0.044632, , 
26.79,0.044545, , 
26.84,0.044434, , 
26.9,0.044331, , 
26.95,0.044243, , 
27.01,0.044173, , 
27.06,0.044097, , 
27.11,0.04401, , 
27.17,0.043907, , 
27.23,0.043813, , 
27.28,0.04372, , 
27.34,0.043626, , 
27.39,0.043505, , 
27.45,0.043406, , 
27.5,0.043325, , 
27.56,0.043256, , 
27.61,0.043187, , 
27.66,0.04311, , 
27.72,0.043038, , 
27.77,0.042977, , 
27.83,0.042911, , 
27.89,0.042858, , 
27.94,0.042804, , 
28,0.042741, , 
28.05,0.042676, , 
28.11,0.042606, , 
28.16,0.042536, , 
28.22,0.04247, , 
28.27,0.0424, , 
28.32,0.042335, , 
28.38,0.042281, , 
28.43,0.042236, , 
28.49,0.042192, , 
28.55,0.042152, , 
28.6,0.04211, , 
28.66,0.042083, , 
28.71,0.042043, , 
28.77,0.041992, , 
28.82,0.041938, , 
28.88,0.041876, , 
28.93,0.041819, , 
28.98,0.041743, , 
29.04,0.041668, , 
29.09,0.041609, , 
29.15,0.041563, , 
29.2,0.041531, , 
29.26,0.041497, , 
29.32,0.041452, , 
29.37,0.04143, , 
29.43,0.041424, , 
29.48,0.041425, , 
29.54,0.041423, , 
29.59,0.041424, , 
29.65,0.041426, , 
29.7,0.041424, , 
29.75,0.04141, , 
29.81,0.041388, , 
29.86,0.041381, , 
29.92,0.0414, , 
29.98,0.041435, , 
30.03,0.041445, , 
30.09,0.041444, , 
30.14,0.041436, , 
30.2,0.04142, , 
30.25,0.041387, , 
30.31,0.04135, , 
30.36,0.041305, , 
30.41,0.041261, , 
30.47,0.041215, , 
30.52,0.041182, , 
30.58,0.041177, , 
30.64,0.041164, , 
30.69,0.04112, , 
30.75,0.041088, , 
30.8,0.041079, , 
30.86,0.041093, , 
30.91,0.041113, , 
30.97,0.041116, , 
31.02,0.041123, , 
31.07,0.041104, , 
31.13,0.041076, , 
31.18,0.041028, , 
31.24,0.040963, , 
31.3,0.040905, , 
31.35,0.040853, , 
31.41,0.040799, , 
31.46,0.040769, , 
31.52,0.040738, , 
31.57,0.040725, , 
31.63,0.040712, , 
31.68,0.04069, , 
31.73,0.040676, , 
31.79,0.040684, , 
31.84,0.040708, , 
31.9,0.040751, , 
31.95,0.040793, , 
32.01,0.040837, , 
32.06,0.040899, , 
32.12,0.040996, , 
32.17,0.041103, , 
32.23,0.041167, , 
32.28,0.041163, , 
32.34,0.041095, , 
32.4,0.041023, , 
32.45,0.040949, , 
32.51,0.040867, , 
32.56,0.040748, , 
32.62,0.040645, , 
32.67,0.040581, , 
32.73,0.040535, , 
32.78,0.040521, , 
32.84,0.040527, , 
32.89,0.040544, , 
32.95,0.040554, , 
33,0.040539, , 
33.06,0.040527, , 
33.11,0.040521, , 
33.16,0.040496, , 
33.22,0.040409, , 
33.27,0.040297, , 
33.33,0.040206, , 
33.38,0.040136, , 
33.44,0.040106, , 
33.49,0.040124, , 
33.55,0.040153, , 
33.6,0.040173, , 
33.66,0.040209, , 
33.72,0.040263, , 
33.77,0.040365, , 
33.83,0.040495, , 
33.88,0.040565, , 
33.94,0.040573, , 
33.99,0.040588, , 
34.05,0.040632, , 
34.1,0.040646, , 
34.16,0.040596, , 
34.21,0.040503, , 
34.27,0.04044, , 
34.32,0.040442, , 
34.38,0.040407, , 
34.43,0.040331, , 
34.48,0.040219, , 
34.54,0.040103, , 
34.59,0.039999, , 
34.65,0.039902, , 
34.7,0.039854, , 
34.76,0.039787, , 
34.81,0.039855, , 
34.87,0.039968, , 
34.92,0.04013, , 
34.98,0.040231, , 
35.03,0.040265, , 
35.09,0.040283, , 
35.15,0.040287, , 
35.2,0.04025, , 
35.26,0.040168, , 
35.31,0.040085, , 
35.37,0.040093, , 
35.42,0.040206, , 
35.48,0.040327, , 
35.53,0.040422, , 
35.59,0.040513, , 
35.64,0.040605, , 
35.7,0.040665, , 
35.75,0.040697, , 
35.81,0.040681, , 
35.86,0.040643, , 
35.91,0.040603, , 
35.97,0.040576, , 
36.02,0.040576, , 
36.08,0.040596, , 
36.13,0.040635, , 
36.19,0.040693, , 
36.24,0.040757, , 
36.3,0.040885, , 
36.35,0.041048, , 
36.41,0.041239, , 
36.47,0.041473, , 
36.52,0.041708, , 
36.58,0.041968, , 
36.63,0.042203, , 
36.69,0.042389, , 
36.74,0.042539, , 
36.8,0.042674, , 
36.85,0.042814, , 
36.91,0.042976, , 
36.96,0.043152, , 
37.02,0.043354, , 
37.07,0.043546, , 
37.13,0.04373, , 
37.18,0.043895, , 
37.23,0.044068, , 
37.29,0.04426, , 
37.34,0.044432, , 
37.4,0.044572, , 
37.45,0.044752, , 
37.51,0.044896, , 
37.56,0.044983, , 
37.62,0.044987, , 
37.67,0.044916, , 
37.73,0.044788, , 
37.78,0.044653, , 
37.84,0.044554, , 
37.9,0.044497, , 
37.95,0.044505, , 
38.01,0.044534, , 
38.06,0.04461, , 
38.12,0.044729, , 
38.17,0.044832, , 
38.23,0.044914, , 
38.28,0.044944, , 
38.34,0.044914, , 
38.39,0.044827, , 
38.45,0.044691, , 
38.5,0.044514, , 
38.56,0.044346, , 
38.61,0.044191, , 
38.66,0.044043, , 
38.72,0.043897, , 
38.77,0.043772, , 
38.83,0.043672, , 
38.88,0.043578, , 
38.94,0.04348, , 
38.99,0.043385, , 
39.05,0.043276, , 
39.1,0.043174, , 
39.16,0.043085, , 
39.22,0.042979, , 
39.27,0.042859, , 
39.33,0.042734, , 
39.38,0.042619, , 
39.44,0.0426, , 
39.49,0.042614, , 
39.55,0.042578, , 
39.6,0.042518, , 
39.66,0.042485, , 
39.71,0.042491, , 
39.77,0.042457, , 
39.82,0.042325, , 
39.88,0.042169, , 
39.93,0.042051, , 
39.98,0.041981, , 
40.04,0.04191, , 
40.09,0.041803, , 
40.15,0.041697, , 
40.2,0.041668, , 
40.26,0.041657, , 
40.31,0.041691, , 
40.37,0.041753, , 
40.42,0.041826, , 
40.48,0.041904, , 
40.53,0.041944, , 
40.59,0.041901, , 
40.65,0.041802, , 
40.7,0.041645, , 
40.76,0.041442, , 
40.81,0.041261, , 
40.87,0.041079, , 
40.92,0.040978, , 
40.98,0.040914, , 
41.03,0.040865, , 
41.09,0.040815, , 
41.14,0.040757, , 
41.2,0.040703, , 
41.25,0.040659, , 
41.31,0.040572, , 
41.36,0.040468, , 
41.41,0.040381, , 
41.47,0.040321, , 
41.52,0.040277, , 
41.58,0.040226, , 
41.63,0.040159, , 
41.69,0.040112, , 
41.74,0.040083, , 
41.8,0.040075, , 
41.85,0.040072, , 
41.91,0.040103, , 
41.97,0.040169, , 
42.02,0.04024, , 
42.08,0.040314, , 
42.13,0.04038, , 
42.19,0.040431, , 
42.24,0.040427, , 
42.3,0.040359, , 
42.35,0.040229, , 
42.41,0.040099, , 
42.46,0.039982, , 
42.52,0.039874, , 
42.57,0.0398, , 
42.63,0.039798, , 
42.68,0.039843, , 
42.73,0.039875, , 
42.79,0.039909, , 
42.84,0.039969, , 
42.9,0.040079, , 
42.95,0.04025, , 
43.01,0.040442, , 
43.06,0.040627, , 
43.12,0.040806, , 
43.17,0.040891, , 
43.23,0.0409, , 
43.28,0.040788, , 
43.34,0.040558, , 
43.4,0.040252, , 
43.45,0.039933, , 
43.51,0.039724, , 
43.56,0.039586, , 
43.62,0.039508, , 
43.67,0.039458, , 
43.73,0.03945, , 
43.78,0.03948, , 
43.84,0.039477, , 
43.89,0.039427, , 
43.95,0.039343, , 
44,0.039276, , 
44.06,0.03928, , 
44.11,0.039362, , 
44.16,0.039445, , 
44.22,0.039498, , 
44.27,0.039614, , 
44.33,0.039767, , 
44.38,0.039894, , 
44.44,0.040015, , 
44.49,0.040072, , 
44.55,0.040043, , 
44.6,0.040008, , 
44.66,0.040014, , 
44.72,0.040088, , 
44.77,0.040158, , 
44.83,0.040116, , 
44.88,0.039979, , 
44.94,0.03986, , 
44.99,0.039777, , 
45.05,0.039619, , 
45.1,0.039386, , 
45.16,0.039152, , 
45.21,0.039008, , 
45.27,0.038927, , 
45.32,0.038897, , 
45.38,0.038944, , 
45.43,0.039048, , 
45.48,0.039199, , 
45.54,0.039318, , 
45.59,0.039395, , 
45.65,0.03947, , 
45.7,0.039609, , 
45.76,0.03979, , 
45.81,0.039869, , 
45.87,0.039881, , 
45.92,0.039889, , 
45.98,0.039872, , 
46.03,0.039815, , 
46.09,0.039663, , 
46.15,0.039487, , 
46.2,0.039333, , 
46.26,0.039197, , 
46.31,0.039046, , 
46.37,0.038957, , 
46.42,0.03895, , 
46.48,0.038931, , 
46.53,0.038851, , 
46.59,0.038775, , 
46.64,0.038726, , 
46.7,0.038758, , 
46.75,0.038796, , 
46.81,0.038779, , 
46.86,0.038729, , 
46.91,0.038678, , 
46.97,0.038639, , 
47.02,0.038656, , 
47.08,0.038642, , 
47.13,0.038584, , 
47.19,0.038548, , 
47.24,0.038536, , 
47.3,0.038603, , 
47.35,0.038738, , 
47.41,0.038796, , 
47.47,0.038815, , 
47.52,0.038879, , 
47.58,0.038948, , 
47.63,0.038987, , 
47.69,0.039, , 
47.74,0.038941, , 
47.8,0.038891, , 
47.85,0.038893, , 
47.91,0.039054, , 
47.96,0.039427, , 
48.02,0.039769, , 
48.07,0.039938, , 
48.13,0.040078, , 
48.18,0.040356, , 
48.23,0.040777, , 
48.29,0.04088, , 
48.34,0.040715, , 
48.4,0.040595, , 
48.45,0.040479, , 
48.51,0.040359, , 
48.56,0.040065, , 
48.62,0.039614, , 
48.67,0.039293, , 
48.73,0.039059, , 
48.78,0.038862, , 
48.84,0.03879, , 
48.9,0.038773, , 
48.95,0.038771, , 
49.01,0.038768, , 
49.06,0.038762, , 
49.12,0.038712, , 
49.17,0.038661, , 
49.23,0.038676, , 
49.28,0.038704, , 
49.34,0.038718, , 
49.39,0.038739, , 
49.45,0.038738, , 
49.5,0.038721, , 
49.56,0.038685, , 
49.61,0.038646, , 
49.66,0.038792, , 
49.72,0.039039, , 
49.77,0.039178, , 
49.83,0.039194, , 
49.88,0.039212, , 
49.94,0.039223, , 
49.99,0.039214, , 
50.05,0.039006, , 
50.1,0.038615, , 
50.16,0.038391, , 
50.22,0.038289, , 
50.27,0.038211, , 
50.33,0.038134, , 
50.38,0.038051, , 
50.44,0.038013, , 
50.49,0.03796, , 
50.55,0.0379, , 
50.6,0.037858, , 
50.66,0.037808, , 
50.71,0.037774, , 
50.77,0.037749, , 
50.82,0.03772, , 
50.88,0.037714, , 
50.93,0.037709, , 
50.98,0.037691, , 
51.04,0.037674, , 
51.09,0.037665, , 
51.15,0.037649, , 
51.2,0.037608, , 
51.26,0.037558, , 
51.31,0.037539, , 
51.37,0.037555, , 
51.42,0.037541, , 
51.48,0.037542, , 
51.53,0.037626, , 
51.59,0.037717, , 
51.65,0.037775, , 
51.7,0.037788, , 
51.76,0.037751, , 
51.81,0.037715, , 
51.87,0.037658, , 
51.92,0.037558, , 
51.98,0.037427, , 
52.03,0.037314, , 
52.09,0.037217, , 
52.14,0.037155, , 
52.2,0.03712, , 
52.25,0.037109, , 
52.31,0.037114, , 
52.36,0.037118, , 
52.41,0.037119, , 
52.47,0.037117, , 
52.52,0.037099, , 
52.58,0.037066, , 
52.63,0.03702, , 
52.69,0.036985, , 
52.74,0.036964, , 
52.8,0.036954, , 
52.85,0.036939, , 
52.91,0.036925, , 
52.97,0.036911, , 
53.02,0.036867, , 
53.08,0.036799, , 
53.13,0.036745, , 
53.19,0.036693, , 
53.24,0.036635, , 
53.3,0.036594, , 
53.35,0.036573, , 
53.41,0.036545, , 
53.46,0.036524, , 
53.52,0.036507, , 
53.57,0.036504, , 
53.63,0.036534, , 
53.68,0.036604, , 
53.73,0.036663, , 
53.79,0.03668, , 
53.84,0.036673, , 
53.9,0.036666, , 
53.95,0.036626, , 
54.01,0.03654, , 
54.06,0.036457, , 
54.12,0.036405, , 
54.17,0.036375, , 
54.23,0.03637, , 
54.28,0.036387, , 
54.34,0.036399, , 
54.4,0.036378, , 
54.45,0.036343, , 
54.51,0.036269, , 
54.56,0.036198, , 
54.62,0.03614, , 
54.67,0.036074, , 
54.73,0.036006, , 
54.78,0.035972, , 
54.84,0.035947, , 
54.89,0.035927, , 
54.95,0.035906, , 
55,0.035882, , 
55.06,0.03586, , 
55.11,0.035832, , 
55.16,0.035818, , 
55.22,0.0358, , 
55.27,0.035776, , 
55.33,0.035755, , 
55.38,0.035732, , 
55.44,0.035705, , 
55.49,0.035681, , 
55.55,0.035665, , 
55.6,0.035637, , 
55.66,0.035628, , 
55.72,0.03561, , 
55.77,0.035583, , 
55.83,0.035561, , 
55.88,0.035531, , 
55.94,0.035505, , 
55.99,0.035481, , 
56.05,0.035455, , 
56.1,0.035453, , 
56.16,0.035467, , 
56.21,0.03547, , 
56.27,0.035454, , 
56.32,0.035424, , 
56.38,0.035398, , 
56.43,0.035368, , 
56.48,0.035294, , 
56.54,0.035213, , 
56.59,0.035159, , 
56.65,0.035115, , 
56.7,0.035077, , 
56.76,0.035057, , 
56.81,0.035053, , 
56.87,0.035032, , 
56.92,0.035015, , 
56.98,0.034988, , 
57.03,0.03496, , 
57.09,0.034927, , 
57.15,0.034889, , 
57.2,0.034826, , 
57.26,0.034785, , 
57.31,0.034764, , 
57.37,0.034731, , 
57.42,0.034699, , 
57.48,0.034676, , 
57.53,0.034656, , 
57.59,0.034634, , 
57.64,0.034618, , 
57.7,0.034589, , 
57.75,0.034555, , 
57.81,0.03453, , 
57.86,0.034506, , 
57.91,0.034467, , 
57.97,0.034426, , 
58.02,0.034395, , 
58.08,0.034375, , 
58.13,0.034366, , 
58.19,0.034342, , 
58.24,0.034304, , 
58.3,0.034282, , 
58.35,0.034271, , 
58.41,0.03427, , 
58.47,0.034251, , 
58.52,0.034222, , 
58.58,0.034195, , 
58.63,0.034175, , 
58.69,0.034157, , 
58.74,0.034126, , 
58.8,0.034091, , 
58.85,0.034071, , 
58.91,0.034047, , 
58.96,0.034026, , 
59.02,0.034018, , 
59.07,0.034001, , 
59.13,0.03398, , 
59.18,0.033972, , 
59.23,0.03396, , 
59.29,0.033936, , 
59.34,0.033923, , 
59.4,0.033913, , 
59.45,0.033924, , 
59.51,0.033968, , 
59.56,0.033971, , 
59.62,0.033965, , 
59.67,0.033961, , 
59.73,0.033957, , 
59.78,0.03394, , 
59.84,0.033888, , 
59.9,0.033815, , 
59.95,0.033781, , 
60.01,0.033768, , 
60.06,0.033747, , 
60.12,0.033721, , 
60.17,0.033691, , 
60.23,0.033675, , 
60.28,0.033665, , 
60.34,0.033635, , 
60.39,0.033593, , 
60.45,0.033573, , 
60.5,0.033566, , 
60.56,0.033539, , 
60.61,0.033514, , 
60.66,0.033494, , 
60.72,0.033473, , 
60.77,0.033451, , 
60.83,0.033423, , 
60.88,0.033394, , 
60.94,0.033374, , 
60.99,0.033394, , 
61.05,0.033461, , 
61.1,0.033533, , 
61.16,0.033581, , 
61.22,0.033612, , 
61.27,0.033619, , 
61.33,0.033612, , 
61.38,0.033568, , 
61.44,0.033484, , 
61.49,0.033393, , 
61.55,0.033339, , 
61.6,0.033298, , 
61.66,0.033275, , 
61.71,0.033254, , 
61.77,0.033221, , 
61.82,0.033194, , 
61.88,0.033174, , 
61.93,0.033146, , 
61.98,0.033121, , 
62.04,0.033104, , 
62.09,0.033119, , 
62.15,0.033181, , 
62.2,0.033238, , 
62.26,0.033263, , 
62.31,0.033267, , 
62.37,0.033281, , 
62.42,0.033322, , 
62.48,0.033312, , 
62.53,0.033249, , 
62.59,0.033206, , 
62.65,0.033178, , 
62.7,0.033158, , 
62.76,0.033112, , 
62.81,0.033033, , 
62.87,0.032966, , 
62.92,0.032904, , 
62.98,0.032855, , 
63.03,0.032805, , 
63.09,0.032775, , 
63.14,0.032754, , 
63.2,0.03273, , 
63.25,0.032713, , 
63.31,0.03269, , 
63.36,0.032657, , 
63.41,0.032641, , 
63.47,0.03262, , 
63.52,0.032612, , 
63.58,0.032588, , 
63.64,0.032574, , 
63.69,0.03257, , 
63.74,0.032558, , 
63.8,0.032535, , 
63.85,0.032509, , 
63.91,0.03248, , 
63.97,0.032465, , 
64.02,0.032441, , 
64.08,0.032419, , 
64.13,0.032414, , 
64.19,0.032417, , 
64.24,0.032414, , 
64.3,0.032411, , 
64.35,0.032413, , 
64.41,0.032424, , 
64.46,0.032434, , 
64.52,0.032423, , 
64.57,0.032407, , 
64.63,0.032421, , 
64.68,0.032491, , 
64.73,0.032535, , 
64.79,0.032534, , 
64.84,0.032523, , 
64.9,0.032516, , 
64.95,0.032497, , 
65.01,0.032445, , 
65.06,0.032328, , 
65.12,0.032233, , 
65.17,0.032158, , 
65.23,0.032129, , 
65.28,0.032118, , 
65.34,0.032105, , 
65.39,0.032075, , 
65.45,0.032036, , 
65.5,0.031988, , 
65.56,0.031949, , 
65.61,0.031922, , 
65.67,0.031897, , 
65.72,0.031871, , 
65.78,0.031854, , 
65.83,0.031828, , 
65.89,0.031811, , 
65.94,0.031798, , 
66,0.031764, , 
66.06,0.031753, , 
66.11,0.031781, , 
66.17,0.03178, , 
66.22,0.031765, , 
66.28,0.031741, , 
66.33,0.031717, , 
66.39,0.0317, , 
66.44,0.031671, , 
66.5,0.031628, , 
66.55,0.031614, , 
66.61,0.03161, , 
66.66,0.03162, , 
66.72,0.031646, , 
66.77,0.031651, , 
66.83,0.031634, , 
66.88,0.031612, , 
66.94,0.031588, , 
66.99,0.031569, , 
67.05,0.03154, , 
67.1,0.031511, , 
67.16,0.031491, , 
67.21,0.031459, , 
67.27,0.031422, , 
67.32,0.031396, , 
67.38,0.031397, , 
67.43,0.031437, , 
67.48,0.031454, , 
67.54,0.031462, , 
67.59,0.031479, , 
67.65,0.03151, , 
67.7,0.031542, , 
67.76,0.031549, , 
67.81,0.03153, , 
67.87,0.031536, , 
67.92,0.031552, , 
67.98,0.031523, , 
68.03,0.031445, , 
68.09,0.031362, , 
68.14,0.031254, , 
68.2,0.031146, , 
68.25,0.031046, , 
68.31,0.030957, , 
68.36,0.030932, , 
68.42,0.031029, , 
68.47,0.031132, , 
68.53,0.031152, , 
68.58,0.031162, , 
68.64,0.031163, , 
68.69,0.031176, , 
68.75,0.031147, , 
68.81,0.030986, , 
68.86,0.030829, , 
68.92,0.030772, , 
68.97,0.030744, , 
69.03,0.030709, , 
69.08,0.030671, , 
69.14,0.030635, , 
69.19,0.03062, , 
69.25,0.030644, , 
69.3,0.030692, , 
69.36,0.030713, , 
69.41,0.030707, , 
69.47,0.030693, , 
69.52,0.030697, , 
69.58,0.03073, , 
69.63,0.030734, , 
69.69,0.030732, , 
69.74,0.030751, , 
69.8,0.030776, , 
69.85,0.030813, , 
69.91,0.030823, , 
69.96,0.03078, , 
70.02,0.030717, , 
70.07,0.030657, , 
70.13,0.030644, , 
70.18,0.030649, , 
70.23,0.030636, , 
70.29,0.030624, , 
70.34,0.030667, , 
70.4,0.030799, , 
70.45,0.030881, , 
70.51,0.030907, , 
70.56,0.030892, , 
70.62,0.030845, , 
70.67,0.030793, , 
70.73,0.030739, , 
70.78,0.030613, , 
70.84,0.030482, , 
70.89,0.030411, , 
70.95,0.03034, , 
71,0.030286, , 
71.06,0.030237, , 
71.11,0.030173, , 
71.17,0.030075, , 
71.22,0.02999, , 
71.28,0.029945, , 
71.33,0.029911, , 
71.39,0.029871, , 
71.44,0.029835, , 
71.5,0.029795, , 
71.56,0.029766, , 
71.61,0.029736, , 
71.67,0.029683, , 
71.72,0.029639, , 
71.78,0.02962, , 
71.83,0.029634, , 
71.89,0.029655, , 
71.94,0.029663, , 
72,0.02969, , 
72.05,0.029707, , 
72.11,0.029696, , 
72.16,0.02967, , 
72.22,0.029636, , 
72.27,0.029592, , 
72.33,0.029547, , 
72.38,0.029505, , 
72.44,0.029472, , 
72.49,0.029448, , 
72.55,0.029421, , 
72.6,0.029427, , 
72.66,0.029443, , 
72.71,0.029422, , 
72.77,0.029371, , 
72.82,0.029316, , 
72.88,0.029235, , 
72.93,0.029152, , 
72.98,0.029051, , 
73.04,0.028961, , 
73.1,0.028924, , 
73.15,0.02891, , 
73.2,0.028887, , 
73.26,0.028865, , 
73.31,0.028838, , 
73.37,0.028784, , 
73.42,0.028716, , 
73.48,0.028626, , 
73.54,0.028551, , 
73.59,0.028474, , 
73.64,0.028409, , 
73.7,0.028336, , 
73.75,0.028281, , 
73.81,0.028234, , 
73.86,0.028192, , 
73.92,0.028152, , 
73.97,0.028097, , 
74.03,0.028037, , 
74.08,0.027977, , 
74.14,0.027907, , 
74.19,0.027846, , 
74.25,0.027801, , 
74.31,0.027753, , 
74.36,0.0277, , 
74.42,0.027676, , 
74.47,0.027683, , 
74.53,0.027686, , 
74.58,0.027688, , 
74.64,0.027679, , 
74.69,0.02768, , 
74.75,0.0277, , 
74.8,0.027702, , 
74.86,0.027683, , 
74.91,0.027663, , 
74.97,0.027637, , 
75.02,0.027619, , 
75.08,0.027613, , 
75.13,0.0276, , 
75.19,0.027577, , 
75.24,0.027554, , 
75.3,0.027526, , 
75.35,0.027489, , 
75.41,0.02747, , 
75.46,0.027458, , 
75.52,0.027437, , 
75.57,0.027418, , 
75.63,0.027415, , 
75.68,0.027419, , 
75.73,0.027441, , 
75.79,0.027467, , 
75.84,0.027493, , 
75.9,0.027506, , 
75.95,0.027511, , 
76.01,0.02749, , 
76.06,0.027462, , 
76.12,0.027433, , 
76.17,0.027391, , 
76.23,0.027353, , 
76.28,0.027322, , 
76.34,0.027315, , 
76.39,0.0273, , 
76.45,0.027276, , 
76.51,0.027267, , 
76.56,0.027263, , 
76.61,0.027284, , 
76.67,0.027307, , 
76.72,0.027305, , 
76.78,0.027281, , 
76.78,0.027281, , 